order_id,order_time,store_name,sku_name,category,unit_price,quantity,discount_amount,pay_amount,cost_amount,channel,member_level,is_refund
O10001,2026-04-27 19:19:11,星野茶·万达店,柠檬绿茶,果茶,12,1,1.2,10.8,3.5,小程序,新客,0
O10002,2026-04-27 14:47:20,星野茶·万达店,芋泥波波,奶茶,17,1,0,17,6.5,堂食,银卡,0
O10003,2026-04-27 20:37:54,星野茶·万达店,奥利奥奶昔,奶茶,18,1,0,18,7.0,外卖饿了么,普通会员,0
O10004,2026-04-27 21:21:58,星野茶·大学城店,杨枝甘露,果茶,18,1,1.8,16.2,7.5,小程序,非会员,0
O10005,2026-04-27 20:23:04,星野茶·地铁口店,杨枝甘露,果茶,18,1,0,18,7.5,堂食,金卡,0
O10006,2026-04-27 13:40:25,星野茶·大学城店,奥利奥奶昔,奶茶,18,1,0,18,7.0,外卖饿了么,普通会员,0
O10007,2026-04-27 16:35:55,星野茶·地铁口店,杨枝甘露,果茶,18,1,1.8,16.2,7.5,外卖美团,普通会员,1
O10008,2026-04-27 19:38:20,星野茶·大学城店,杨枝甘露,果茶,18,1,0,18,7.5,外卖美团,金卡,0
O10009,2026-04-27 15:14:56,星野茶·万达店,多肉葡萄,果茶,19,1,0,19,8.0,外卖美团,非会员,0
O10010,2026-04-27 14:48:17,星野茶·大学城店,奥利奥奶昔,奶茶,18,1,0,18,7.0,堂食,新客,0
O10011,2026-04-27 20:41:03,星野茶·万达店,杨枝甘露,果茶,18,1,0,18,7.5,外卖饿了么,非会员,0
O10012,2026-04-27 11:14:21,星野茶·地铁口店,生椰拿铁,咖啡,16,1,0,16,6.0,小程序,非会员,1
O10013,2026-04-27 12:30:45,星野茶·万达店,杨枝甘露,果茶,18,2,0,36,15.0,外卖饿了么,普通会员,0
O10014,2026-04-27 14:28:35,星野茶·地铁口店,杨枝甘露,果茶,18,1,0,18,7.5,小程序,新客,0
O10015,2026-04-27 15:20:17,星野茶·大学城店,柠檬绿茶,果茶,12,1,0,12,3.5,小程序,新客,0
O10016,2026-04-27 18:51:37,星野茶·大学城店,奥利奥奶昔,奶茶,18,1,0,18,7.0,外卖美团,银卡,0
O10017,2026-04-27 19:41:01,星野茶·万达店,美式咖啡,咖啡,11,1,0,11,3.0,外卖饿了么,银卡,0
O10018,2026-04-27 11:41:16,星野茶·大学城店,伯牙绝弦,茶底,15,1,1.5,13.5,5.5,外卖饿了么,新客,0
O10019,2026-04-27 18:55:54,星野茶·万达店,生椰拿铁,咖啡,16,1,0,16,6.0,小程序,新客,0
O10020,2026-04-27 14:47:21,星野茶·地铁口店,奥利奥奶昔,奶茶,18,1,0,18,7.0,堂食,银卡,1
O10021,2026-04-27 12:56:42,星野茶·地铁口店,柠檬绿茶,果茶,12,2,0,24,7.0,堂食,银卡,0
O10022,2026-04-27 13:16:30,星野茶·大学城店,芋泥波波,奶茶,17,2,0,34,13.0,外卖美团,银卡,0
O10023,2026-04-27 15:14:47,星野茶·大学城店,杨枝甘露,果茶,18,1,0,18,7.5,堂食,普通会员,0
O10024,2026-04-27 14:36:47,星野茶·万达店,杨枝甘露,果茶,18,1,0,18,7.5,外卖美团,非会员,0
O10025,2026-04-27 12:22:05,星野茶·大学城店,杨枝甘露,果茶,18,1,0,18,7.5,堂食,金卡,0
O10026,2026-04-27 15:52:07,星野茶·地铁口店,芋泥波波,奶茶,17,1,0,17,6.5,堂食,普通会员,0
O10027,2026-04-27 12:33:38,星野茶·地铁口店,奥利奥奶昔,奶茶,18,1,0,18,7.0,小程序,非会员,0
O10028,2026-04-27 14:00:09,星野茶·地铁口店,芋泥波波,奶茶,17,1,0,17,6.5,外卖美团,银卡,0
O10029,2026-04-27 11:26:19,星野茶·万达店,杨枝甘露,果茶,18,2,3.6,32.4,15.0,小程序,银卡,0
O10030,2026-04-27 15:00:32,星野茶·万达店,生椰拿铁,咖啡,16,1,1.6,14.4,6.0,小程序,银卡,0
O10031,2026-04-27 13:39:10,星野茶·地铁口店,芋泥波波,奶茶,17,1,0,17,6.5,外卖饿了么,普通会员,0
O10032,2026-04-27 20:57:05,星野茶·万达店,芋泥波波,奶茶,17,1,0,17,6.5,外卖饿了么,新客,0
O10033,2026-04-27 11:55:58,星野茶·大学城店,多肉葡萄,果茶,19,1,1.9,17.1,8.0,小程序,金卡,0
O10034,2026-04-27 15:24:25,星野茶·大学城店,多肉葡萄,果茶,19,1,1.9,17.1,8.0,外卖饿了么,银卡,0
O10035,2026-04-27 20:15:19,星野茶·万达店,奥利奥奶昔,奶茶,18,2,0,36,14.0,外卖饿了么,金卡,0
O10036,2026-04-28 14:12:29,星野茶·地铁口店,生椰拿铁,咖啡,16,1,0,16,6.0,小程序,普通会员,0
O10037,2026-04-28 11:07:19,星野茶·地铁口店,生椰拿铁,咖啡,16,1,0,16,6.0,外卖美团,非会员,0
O10038,2026-04-28 21:44:46,星野茶·地铁口店,多肉葡萄,果茶,19,1,0,19,8.0,外卖美团,非会员,0
O10039,2026-04-28 13:35:28,星野茶·大学城店,柠檬绿茶,果茶,12,1,0,12,3.5,外卖美团,非会员,0
O10040,2026-04-28 14:50:23,星野茶·地铁口店,生椰拿铁,咖啡,16,1,0,16,6.0,小程序,普通会员,0
O10041,2026-04-28 20:24:19,星野茶·大学城店,美式咖啡,咖啡,11,1,0,11,3.0,外卖饿了么,金卡,0
O10042,2026-04-28 15:57:46,星野茶·地铁口店,柠檬绿茶,果茶,12,1,1.2,10.8,3.5,外卖美团,非会员,0
O10043,2026-04-28 16:29:01,星野茶·地铁口店,柠檬绿茶,果茶,12,1,0,12,3.5,小程序,新客,0
O10044,2026-04-28 16:52:47,星野茶·万达店,柠檬绿茶,果茶,12,1,0,12,3.5,外卖美团,新客,0
O10045,2026-04-28 14:17:41,星野茶·地铁口店,奥利奥奶昔,奶茶,18,1,0,18,7.0,外卖饿了么,银卡,0
O10046,2026-04-28 12:13:52,星野茶·万达店,奥利奥奶昔,奶茶,18,1,0,18,7.0,小程序,新客,0
O10047,2026-04-28 11:06:26,星野茶·大学城店,伯牙绝弦,茶底,15,1,0,15,5.5,小程序,新客,0
O10048,2026-04-28 21:46:52,星野茶·大学城店,生椰拿铁,咖啡,16,1,1.6,14.4,6.0,堂食,新客,0
O10049,2026-04-28 15:30:16,星野茶·万达店,杨枝甘露,果茶,18,1,0,18,7.5,小程序,普通会员,0
O10050,2026-04-28 12:25:04,星野茶·地铁口店,杨枝甘露,果茶,18,1,0,18,7.5,堂食,新客,0
O10051,2026-04-28 15:12:49,星野茶·大学城店,奥利奥奶昔,奶茶,18,1,0,18,7.0,外卖美团,普通会员,0
O10052,2026-04-28 14:43:40,星野茶·大学城店,美式咖啡,咖啡,11,1,0,11,3.0,外卖美团,普通会员,0
O10053,2026-04-28 18:55:03,星野茶·大学城店,芋泥波波,奶茶,17,2,0,34,13.0,小程序,普通会员,0
O10054,2026-04-28 13:19:52,星野茶·万达店,奥利奥奶昔,奶茶,18,1,0,18,7.0,堂食,银卡,0
O10055,2026-04-28 19:44:49,星野茶·万达店,美式咖啡,咖啡,11,1,1.1,9.9,3.0,外卖饿了么,金卡,0
O10056,2026-04-28 12:23:38,星野茶·万达店,奥利奥奶昔,奶茶,18,1,0,18,7.0,外卖饿了么,新客,0
O10057,2026-04-28 17:34:20,星野茶·万达店,柠檬绿茶,果茶,12,1,0,12,3.5,外卖美团,银卡,0
O10058,2026-04-28 11:33:19,星野茶·万达店,多肉葡萄,果茶,19,1,0,19,8.0,外卖饿了么,金卡,0
O10059,2026-04-28 16:59:32,星野茶·大学城店,生椰拿铁,咖啡,16,2,0,32,12.0,外卖美团,普通会员,0
O10060,2026-04-28 14:45:02,星野茶·万达店,生椰拿铁,咖啡,16,1,0,16,6.0,小程序,新客,0
O10061,2026-04-28 13:02:48,星野茶·万达店,奥利奥奶昔,奶茶,18,1,0,18,7.0,外卖美团,银卡,0
O10062,2026-04-28 20:54:04,星野茶·万达店,杨枝甘露,果茶,18,2,0,36,15.0,外卖饿了么,金卡,0
O10063,2026-04-28 15:04:44,星野茶·大学城店,生椰拿铁,咖啡,16,1,1.6,14.4,6.0,外卖饿了么,普通会员,0
O10064,2026-04-28 19:20:55,星野茶·大学城店,生椰拿铁,咖啡,16,1,0,16,6.0,小程序,金卡,0
O10065,2026-04-28 18:52:19,星野茶·地铁口店,柠檬绿茶,果茶,12,1,0,12,3.5,堂食,新客,0
O10066,2026-04-28 20:42:52,星野茶·万达店,多肉葡萄,果茶,19,1,0,19,8.0,外卖美团,普通会员,0
O10067,2026-04-28 17:26:26,星野茶·大学城店,奥利奥奶昔,奶茶,18,2,0,36,14.0,小程序,非会员,0
O10068,2026-04-28 15:44:17,星野茶·地铁口店,美式咖啡,咖啡,11,1,1.1,9.9,3.0,小程序,新客,0
O10069,2026-04-28 20:48:43,星野茶·大学城店,多肉葡萄,果茶,19,1,0,19,8.0,堂食,银卡,0
O10070,2026-04-29 16:01:08,星野茶·大学城店,美式咖啡,咖啡,11,2,0,22,6.0,外卖美团,非会员,0
O10071,2026-04-29 15:39:44,星野茶·万达店,奥利奥奶昔,奶茶,18,2,0,36,14.0,外卖饿了么,银卡,0
O10072,2026-04-29 21:42:49,星野茶·万达店,伯牙绝弦,茶底,15,1,1.5,13.5,5.5,外卖美团,非会员,1
O10073,2026-04-29 21:45:45,星野茶·万达店,芋泥波波,奶茶,17,1,0,17,6.5,外卖美团,普通会员,0
O10074,2026-04-29 13:38:21,星野茶·大学城店,柠檬绿茶,果茶,12,1,1.2,10.8,3.5,小程序,非会员,0
O10075,2026-04-29 16:22:03,星野茶·万达店,杨枝甘露,果茶,18,2,0,36,15.0,堂食,非会员,0
O10076,2026-04-29 15:01:37,星野茶·万达店,柠檬绿茶,果茶,12,1,0,12,3.5,堂食,非会员,0
O10077,2026-04-29 15:04:03,星野茶·万达店,美式咖啡,咖啡,11,1,0,11,3.0,堂食,非会员,0
O10078,2026-04-29 15:37:07,星野茶·万达店,杨枝甘露,果茶,18,1,0,18,7.5,外卖饿了么,金卡,0
O10079,2026-04-29 12:05:30,星野茶·大学城店,柠檬绿茶,果茶,12,1,0,12,3.5,外卖美团,金卡,0
O10080,2026-04-29 21:04:03,星野茶·地铁口店,美式咖啡,咖啡,11,1,1.1,9.9,3.0,堂食,新客,0
O10081,2026-04-29 16:53:14,星野茶·万达店,杨枝甘露,果茶,18,1,0,18,7.5,小程序,普通会员,0
O10082,2026-04-29 14:45:50,星野茶·万达店,杨枝甘露,果茶,18,1,0,18,7.5,小程序,银卡,0
O10083,2026-04-29 12:01:23,星野茶·万达店,柠檬绿茶,果茶,12,1,1.2,10.8,3.5,堂食,金卡,0
O10084,2026-04-29 17:56:28,星野茶·地铁口店,伯牙绝弦,茶底,15,1,0,15,5.5,外卖饿了么,新客,0
O10085,2026-04-29 15:20:19,星野茶·地铁口店,杨枝甘露,果茶,18,1,1.8,16.2,7.5,小程序,新客,0
O10086,2026-04-29 19:42:57,星野茶·万达店,杨枝甘露,果茶,18,2,3.6,32.4,15.0,小程序,新客,0
O10087,2026-04-29 18:15:15,星野茶·万达店,柠檬绿茶,果茶,12,2,0,24,7.0,堂食,普通会员,0
O10088,2026-04-29 19:43:05,星野茶·万达店,伯牙绝弦,茶底,15,1,0,15,5.5,小程序,银卡,0
O10089,2026-04-29 15:36:13,星野茶·万达店,杨枝甘露,果茶,18,1,1.8,16.2,7.5,外卖饿了么,普通会员,0
O10090,2026-04-29 14:17:18,星野茶·万达店,杨枝甘露,果茶,18,1,0,18,7.5,外卖美团,银卡,0
O10091,2026-04-29 17:42:27,星野茶·大学城店,多肉葡萄,果茶,19,1,1.9,17.1,8.0,外卖饿了么,银卡,0
O10092,2026-04-29 17:28:30,星野茶·地铁口店,奥利奥奶昔,奶茶,18,1,1.8,16.2,7.0,外卖饿了么,银卡,0
O10093,2026-04-29 13:34:39,星野茶·地铁口店,生椰拿铁,咖啡,16,1,0,16,6.0,小程序,金卡,0
O10094,2026-04-29 20:15:15,星野茶·地铁口店,伯牙绝弦,茶底,15,1,1.5,13.5,5.5,小程序,普通会员,0
O10095,2026-04-29 16:54:08,星野茶·大学城店,芋泥波波,奶茶,17,1,1.7,15.3,6.5,小程序,新客,0
O10096,2026-04-29 14:26:38,星野茶·大学城店,芋泥波波,奶茶,17,1,0,17,6.5,外卖饿了么,金卡,0
O10097,2026-04-29 18:51:07,星野茶·大学城店,多肉葡萄,果茶,19,2,3.8,34.2,16.0,堂食,普通会员,0
O10098,2026-04-29 11:36:23,星野茶·地铁口店,杨枝甘露,果茶,18,1,0,18,7.5,外卖饿了么,非会员,0
O10099,2026-04-29 13:28:00,星野茶·地铁口店,多肉葡萄,果茶,19,1,0,19,8.0,堂食,新客,0
O10100,2026-04-29 12:42:39,星野茶·地铁口店,芋泥波波,奶茶,17,1,1.7,15.3,6.5,堂食,普通会员,0
O10101,2026-04-29 21:41:17,星野茶·大学城店,杨枝甘露,果茶,18,1,1.8,16.2,7.5,小程序,新客,0
O10102,2026-04-29 13:14:00,星野茶·大学城店,多肉葡萄,果茶,19,1,1.9,17.1,8.0,堂食,普通会员,0
O10103,2026-04-29 18:59:58,星野茶·地铁口店,多肉葡萄,果茶,19,1,1.9,17.1,8.0,小程序,普通会员,0
O10104,2026-04-29 20:04:47,星野茶·地铁口店,杨枝甘露,果茶,18,1,0,18,7.5,外卖饿了么,新客,0
O10105,2026-04-29 20:42:51,星野茶·大学城店,柠檬绿茶,果茶,12,1,0,12,3.5,外卖美团,新客,0
O10106,2026-04-29 15:57:05,星野茶·地铁口店,美式咖啡,咖啡,11,1,0,11,3.0,外卖饿了么,非会员,0
O10107,2026-04-29 20:06:33,星野茶·地铁口店,杨枝甘露,果茶,18,2,0,36,15.0,外卖美团,普通会员,0
O10108,2026-04-29 18:54:21,星野茶·万达店,杨枝甘露,果茶,18,1,0,18,7.5,外卖饿了么,银卡,0
O10109,2026-04-29 17:07:25,星野茶·大学城店,芋泥波波,奶茶,17,2,3.4,30.6,13.0,外卖美团,普通会员,0
O10110,2026-04-29 17:20:16,星野茶·大学城店,美式咖啡,咖啡,11,1,0,11,3.0,外卖美团,普通会员,0
O10111,2026-04-29 12:29:22,星野茶·万达店,杨枝甘露,果茶,18,1,0,18,7.5,外卖饿了么,非会员,0
O10112,2026-04-29 14:47:25,星野茶·万达店,伯牙绝弦,茶底,15,1,0,15,5.5,外卖美团,新客,0
O10113,2026-04-29 12:24:57,星野茶·万达店,芋泥波波,奶茶,17,1,0,17,6.5,外卖美团,银卡,0
O10114,2026-04-29 20:23:09,星野茶·大学城店,杨枝甘露,果茶,18,1,0,18,7.5,小程序,新客,0
O10115,2026-04-29 11:20:05,星野茶·大学城店,生椰拿铁,咖啡,16,1,0,16,6.0,外卖美团,银卡,0
O10116,2026-04-30 11:05:00,星野茶·大学城店,奥利奥奶昔,奶茶,18,1,0,18,7.0,小程序,非会员,0
O10117,2026-04-30 12:45:56,星野茶·万达店,杨枝甘露,果茶,18,1,1.8,16.2,7.5,小程序,新客,0
O10118,2026-04-30 17:01:17,星野茶·大学城店,伯牙绝弦,茶底,15,1,0,15,5.5,小程序,金卡,0
O10119,2026-04-30 17:58:56,星野茶·地铁口店,美式咖啡,咖啡,11,2,0,22,6.0,小程序,金卡,0
O10120,2026-04-30 21:11:11,星野茶·万达店,柠檬绿茶,果茶,12,2,0,24,7.0,堂食,非会员,0
O10121,2026-04-30 14:28:30,星野茶·万达店,柠檬绿茶,果茶,12,1,0,12,3.5,堂食,非会员,0
O10122,2026-04-30 20:25:12,星野茶·大学城店,芋泥波波,奶茶,17,1,0,17,6.5,外卖美团,非会员,0
O10123,2026-04-30 21:10:40,星野茶·万达店,美式咖啡,咖啡,11,1,0,11,3.0,外卖美团,非会员,0
O10124,2026-04-30 17:44:52,星野茶·地铁口店,奥利奥奶昔,奶茶,18,1,1.8,16.2,7.0,堂食,普通会员,0
O10125,2026-04-30 19:57:20,星野茶·大学城店,生椰拿铁,咖啡,16,1,1.6,14.4,6.0,小程序,普通会员,0
O10126,2026-04-30 12:13:51,星野茶·地铁口店,芋泥波波,奶茶,17,1,0,17,6.5,外卖饿了么,银卡,0
O10127,2026-04-30 15:38:35,星野茶·地铁口店,生椰拿铁,咖啡,16,2,0,32,12.0,外卖美团,金卡,0
O10128,2026-04-30 15:14:02,星野茶·大学城店,芋泥波波,奶茶,17,1,0,17,6.5,外卖饿了么,金卡,0
O10129,2026-04-30 13:58:16,星野茶·万达店,柠檬绿茶,果茶,12,1,0,12,3.5,堂食,金卡,0
O10130,2026-04-30 16:53:51,星野茶·万达店,柠檬绿茶,果茶,12,1,0,12,3.5,小程序,金卡,0
O10131,2026-04-30 15:06:58,星野茶·万达店,生椰拿铁,咖啡,16,2,0,32,12.0,堂食,普通会员,0
O10132,2026-04-30 21:03:45,星野茶·大学城店,美式咖啡,咖啡,11,1,0,11,3.0,小程序,普通会员,0
O10133,2026-04-30 15:07:34,星野茶·大学城店,芋泥波波,奶茶,17,1,0,17,6.5,堂食,普通会员,0
O10134,2026-04-30 13:13:42,星野茶·地铁口店,芋泥波波,奶茶,17,1,0,17,6.5,外卖饿了么,非会员,0
O10135,2026-04-30 17:49:25,星野茶·地铁口店,芋泥波波,奶茶,17,1,0,17,6.5,小程序,新客,0
O10136,2026-04-30 16:44:01,星野茶·地铁口店,伯牙绝弦,茶底,15,1,0,15,5.5,小程序,银卡,0
O10137,2026-04-30 11:49:20,星野茶·万达店,美式咖啡,咖啡,11,1,1.1,9.9,3.0,外卖美团,新客,0
O10138,2026-04-30 17:23:00,星野茶·地铁口店,柠檬绿茶,果茶,12,1,0,12,3.5,堂食,银卡,0
O10139,2026-04-30 18:06:46,星野茶·大学城店,美式咖啡,咖啡,11,2,0,22,6.0,堂食,新客,0
O10140,2026-04-30 17:24:52,星野茶·地铁口店,柠檬绿茶,果茶,12,1,1.2,10.8,3.5,堂食,金卡,0
O10141,2026-04-30 11:55:03,星野茶·地铁口店,芋泥波波,奶茶,17,1,1.7,15.3,6.5,小程序,普通会员,0
O10142,2026-04-30 19:22:57,星野茶·地铁口店,生椰拿铁,咖啡,16,2,0,32,12.0,外卖美团,金卡,0
O10143,2026-04-30 18:39:53,星野茶·万达店,伯牙绝弦,茶底,15,1,0,15,5.5,外卖饿了么,新客,0
O10144,2026-04-30 11:05:21,星野茶·地铁口店,芋泥波波,奶茶,17,1,0,17,6.5,小程序,金卡,0
O10145,2026-04-30 21:20:41,星野茶·万达店,美式咖啡,咖啡,11,1,0,11,3.0,外卖美团,新客,0
O10146,2026-04-30 14:55:05,星野茶·大学城店,生椰拿铁,咖啡,16,1,0,16,6.0,外卖饿了么,银卡,0
O10147,2026-04-30 19:49:47,星野茶·大学城店,芋泥波波,奶茶,17,1,1.7,15.3,6.5,小程序,新客,0
O10148,2026-04-30 18:36:31,星野茶·地铁口店,杨枝甘露,果茶,18,1,1.8,16.2,7.5,小程序,新客,0
O10149,2026-04-30 19:39:13,星野茶·大学城店,生椰拿铁,咖啡,16,1,0,16,6.0,外卖美团,非会员,0
O10150,2026-04-30 12:57:59,星野茶·万达店,柠檬绿茶,果茶,12,1,1.2,10.8,3.5,外卖美团,金卡,0
O10151,2026-04-30 21:25:32,星野茶·大学城店,多肉葡萄,果茶,19,1,1.9,17.1,8.0,堂食,普通会员,0
O10152,2026-04-30 13:51:50,星野茶·地铁口店,多肉葡萄,果茶,19,2,0,38,16.0,外卖饿了么,非会员,0
O10153,2026-04-30 19:07:53,星野茶·地铁口店,生椰拿铁,咖啡,16,1,0,16,6.0,堂食,非会员,0
O10154,2026-04-30 18:44:24,星野茶·大学城店,柠檬绿茶,果茶,12,1,0,12,3.5,外卖饿了么,非会员,0
O10155,2026-04-30 11:43:22,星野茶·地铁口店,多肉葡萄,果茶,19,1,0,19,8.0,外卖美团,新客,0
O10156,2026-04-30 11:43:58,星野茶·大学城店,多肉葡萄,果茶,19,1,0,19,8.0,外卖饿了么,普通会员,0
O10157,2026-04-30 15:43:45,星野茶·大学城店,杨枝甘露,果茶,18,1,0,18,7.5,堂食,银卡,0
O10158,2026-04-30 18:20:25,星野茶·地铁口店,伯牙绝弦,茶底,15,1,0,15,5.5,外卖饿了么,普通会员,0
O10159,2026-04-30 15:51:15,星野茶·大学城店,芋泥波波,奶茶,17,2,3.4,30.6,13.0,外卖饿了么,银卡,0
O10160,2026-04-30 17:38:24,星野茶·大学城店,芋泥波波,奶茶,17,2,3.4,30.6,13.0,外卖饿了么,非会员,0
O10161,2026-04-30 12:13:04,星野茶·地铁口店,多肉葡萄,果茶,19,2,0,38,16.0,外卖饿了么,金卡,0
O10162,2026-04-30 13:31:30,星野茶·地铁口店,生椰拿铁,咖啡,16,1,1.6,14.4,6.0,外卖美团,非会员,0
O10163,2026-04-30 18:00:38,星野茶·大学城店,伯牙绝弦,茶底,15,2,0,30,11.0,堂食,普通会员,0
O10164,2026-05-01 11:04:15,星野茶·大学城店,杨枝甘露,果茶,18,1,0,18,7.5,外卖饿了么,普通会员,0
O10165,2026-05-01 13:26:43,星野茶·万达店,杨枝甘露,果茶,18,1,0,18,7.5,堂食,银卡,0
O10166,2026-05-01 21:06:14,星野茶·地铁口店,生椰拿铁,咖啡,16,1,1.6,14.4,6.0,外卖饿了么,银卡,0
O10167,2026-05-01 18:08:58,星野茶·大学城店,美式咖啡,咖啡,11,1,1.1,9.9,3.0,堂食,非会员,0
O10168,2026-05-01 13:40:09,星野茶·大学城店,生椰拿铁,咖啡,16,1,0,16,6.0,堂食,新客,0
O10169,2026-05-01 12:30:27,星野茶·大学城店,伯牙绝弦,茶底,15,1,0,15,5.5,外卖饿了么,非会员,0
O10170,2026-05-01 12:37:29,星野茶·万达店,伯牙绝弦,茶底,15,1,0,15,5.5,外卖美团,普通会员,0
O10171,2026-05-01 16:11:27,星野茶·大学城店,杨枝甘露,果茶,18,1,0,18,7.5,小程序,银卡,0
O10172,2026-05-01 17:24:30,星野茶·大学城店,美式咖啡,咖啡,11,1,0,11,3.0,外卖美团,非会员,0
O10173,2026-05-01 11:56:03,星野茶·万达店,杨枝甘露,果茶,18,1,0,18,7.5,堂食,金卡,0
O10174,2026-05-01 15:31:26,星野茶·大学城店,多肉葡萄,果茶,19,1,0,19,8.0,外卖美团,非会员,0
O10175,2026-05-01 16:27:39,星野茶·大学城店,芋泥波波,奶茶,17,1,0,17,6.5,外卖饿了么,新客,0
O10176,2026-05-01 12:12:21,星野茶·大学城店,杨枝甘露,果茶,18,1,0,18,7.5,外卖美团,银卡,0
O10177,2026-05-01 21:00:41,星野茶·万达店,生椰拿铁,咖啡,16,1,0,16,6.0,外卖美团,非会员,0
O10178,2026-05-01 21:57:02,星野茶·万达店,奥利奥奶昔,奶茶,18,1,0,18,7.0,堂食,金卡,0
O10179,2026-05-01 21:12:25,星野茶·地铁口店,美式咖啡,咖啡,11,1,0,11,3.0,堂食,非会员,0
O10180,2026-05-01 14:25:08,星野茶·大学城店,生椰拿铁,咖啡,16,1,1.6,14.4,6.0,小程序,银卡,0
O10181,2026-05-01 20:41:57,星野茶·万达店,杨枝甘露,果茶,18,1,0,18,7.5,堂食,金卡,0
O10182,2026-05-01 21:24:01,星野茶·地铁口店,柠檬绿茶,果茶,12,1,1.2,10.8,3.5,堂食,银卡,0
O10183,2026-05-01 12:44:13,星野茶·地铁口店,多肉葡萄,果茶,19,1,0,19,8.0,小程序,非会员,0
O10184,2026-05-01 14:07:56,星野茶·万达店,多肉葡萄,果茶,19,1,0,19,8.0,外卖饿了么,新客,0
O10185,2026-05-01 12:26:57,星野茶·万达店,美式咖啡,咖啡,11,1,0,11,3.0,堂食,普通会员,0
O10186,2026-05-01 13:00:19,星野茶·大学城店,柠檬绿茶,果茶,12,1,1.2,10.8,3.5,小程序,银卡,0
O10187,2026-05-01 18:08:02,星野茶·大学城店,杨枝甘露,果茶,18,2,0,36,15.0,外卖饿了么,银卡,0
O10188,2026-05-01 14:50:58,星野茶·大学城店,柠檬绿茶,果茶,12,1,1.2,10.8,3.5,外卖饿了么,新客,0
O10189,2026-05-01 20:36:17,星野茶·大学城店,美式咖啡,咖啡,11,1,0,11,3.0,小程序,非会员,0
O10190,2026-05-01 20:42:37,星野茶·大学城店,杨枝甘露,果茶,18,1,0,18,7.5,堂食,新客,0
O10191,2026-05-01 14:45:43,星野茶·万达店,美式咖啡,咖啡,11,1,0,11,3.0,堂食,普通会员,0
O10192,2026-05-01 16:38:31,星野茶·万达店,杨枝甘露,果茶,18,1,0,18,7.5,堂食,普通会员,0
O10193,2026-05-01 19:29:41,星野茶·万达店,柠檬绿茶,果茶,12,1,1.2,10.8,3.5,小程序,普通会员,0
O10194,2026-05-01 18:20:16,星野茶·大学城店,杨枝甘露,果茶,18,1,0,18,7.5,堂食,非会员,0
O10195,2026-05-01 13:02:22,星野茶·大学城店,芋泥波波,奶茶,17,2,0,34,13.0,外卖美团,非会员,0
O10196,2026-05-01 14:21:00,星野茶·地铁口店,多肉葡萄,果茶,19,1,0,19,8.0,外卖饿了么,普通会员,0
O10197,2026-05-01 16:27:05,星野茶·万达店,杨枝甘露,果茶,18,1,0,18,7.5,堂食,普通会员,0
O10198,2026-05-01 21:12:48,星野茶·地铁口店,柠檬绿茶,果茶,12,1,1.2,10.8,3.5,堂食,金卡,0
O10199,2026-05-01 14:18:45,星野茶·大学城店,伯牙绝弦,茶底,15,1,1.5,13.5,5.5,外卖饿了么,新客,0
O10200,2026-05-01 15:35:21,星野茶·大学城店,杨枝甘露,果茶,18,1,0,18,7.5,外卖美团,银卡,0
O10201,2026-05-01 15:20:00,星野茶·地铁口店,生椰拿铁,咖啡,16,1,0,16,6.0,小程序,金卡,0
O10202,2026-05-01 19:11:50,星野茶·万达店,杨枝甘露,果茶,18,1,0,18,7.5,小程序,新客,0
O10203,2026-05-01 11:31:37,星野茶·大学城店,芋泥波波,奶茶,17,1,0,17,6.5,外卖美团,普通会员,0
O10204,2026-05-01 14:05:45,星野茶·万达店,美式咖啡,咖啡,11,1,0,11,3.0,外卖美团,银卡,0
O10205,2026-05-01 14:26:20,星野茶·大学城店,生椰拿铁,咖啡,16,1,0,16,6.0,外卖饿了么,非会员,0
O10206,2026-05-01 12:26:14,星野茶·万达店,柠檬绿茶,果茶,12,1,0,12,3.5,外卖饿了么,金卡,0
O10207,2026-05-01 12:17:32,星野茶·万达店,伯牙绝弦,茶底,15,1,0,15,5.5,小程序,普通会员,0
O10208,2026-05-01 14:34:30,星野茶·万达店,杨枝甘露,果茶,18,2,3.6,32.4,15.0,堂食,金卡,0
O10209,2026-05-01 19:23:08,星野茶·万达店,伯牙绝弦,茶底,15,1,0,15,5.5,小程序,金卡,0
O10210,2026-05-01 11:31:03,星野茶·地铁口店,柠檬绿茶,果茶,12,1,0,12,3.5,小程序,普通会员,0
O10211,2026-05-01 16:15:41,星野茶·万达店,杨枝甘露,果茶,18,1,0,18,7.5,外卖饿了么,普通会员,0
O10212,2026-05-01 16:28:27,星野茶·万达店,美式咖啡,咖啡,11,1,0,11,3.0,外卖饿了么,金卡,0
O10213,2026-05-01 21:14:56,星野茶·万达店,芋泥波波,奶茶,17,1,1.7,15.3,6.5,堂食,新客,0
O10214,2026-05-02 16:38:26,星野茶·万达店,杨枝甘露,果茶,18,2,3.6,32.4,15.0,小程序,非会员,0
O10215,2026-05-02 15:13:32,星野茶·地铁口店,芋泥波波,奶茶,17,1,1.7,15.3,6.5,小程序,新客,0
O10216,2026-05-02 11:06:06,星野茶·大学城店,美式咖啡,咖啡,11,1,0,11,3.0,小程序,普通会员,0
O10217,2026-05-02 17:10:32,星野茶·大学城店,柠檬绿茶,果茶,12,1,1.2,10.8,3.5,小程序,非会员,0
O10218,2026-05-02 16:14:49,星野茶·万达店,多肉葡萄,果茶,19,1,0,19,8.0,外卖饿了么,银卡,0
O10219,2026-05-02 16:46:41,星野茶·万达店,伯牙绝弦,茶底,15,1,0,15,5.5,外卖美团,金卡,0
O10220,2026-05-02 15:38:51,星野茶·万达店,美式咖啡,咖啡,11,1,0,11,3.0,外卖饿了么,普通会员,0
O10221,2026-05-02 15:31:18,星野茶·地铁口店,多肉葡萄,果茶,19,1,1.9,17.1,8.0,小程序,金卡,0
O10222,2026-05-02 19:23:21,星野茶·万达店,杨枝甘露,果茶,18,1,1.8,16.2,7.5,小程序,普通会员,0
O10223,2026-05-02 11:34:35,星野茶·地铁口店,伯牙绝弦,茶底,15,1,0,15,5.5,外卖饿了么,非会员,0
O10224,2026-05-02 17:26:03,星野茶·万达店,杨枝甘露,果茶,18,1,1.8,16.2,7.5,堂食,金卡,0
O10225,2026-05-02 14:29:47,星野茶·地铁口店,伯牙绝弦,茶底,15,1,0,15,5.5,小程序,非会员,0
O10226,2026-05-02 17:59:01,星野茶·大学城店,伯牙绝弦,茶底,15,1,0,15,5.5,外卖饿了么,非会员,0
O10227,2026-05-02 19:52:49,星野茶·地铁口店,伯牙绝弦,茶底,15,1,0,15,5.5,外卖饿了么,银卡,0
O10228,2026-05-02 19:33:35,星野茶·地铁口店,伯牙绝弦,茶底,15,1,0,15,5.5,外卖美团,银卡,0
O10229,2026-05-02 18:08:49,星野茶·地铁口店,奥利奥奶昔,奶茶,18,2,0,36,14.0,外卖饿了么,银卡,0
O10230,2026-05-02 14:09:36,星野茶·地铁口店,多肉葡萄,果茶,19,1,1.9,17.1,8.0,外卖美团,非会员,0
O10231,2026-05-02 17:45:39,星野茶·地铁口店,美式咖啡,咖啡,11,1,1.1,9.9,3.0,堂食,非会员,0
O10232,2026-05-02 14:49:27,星野茶·万达店,伯牙绝弦,茶底,15,1,0,15,5.5,堂食,银卡,0
O10233,2026-05-02 21:32:31,星野茶·万达店,美式咖啡,咖啡,11,1,1.1,9.9,3.0,小程序,非会员,0
O10234,2026-05-02 15:46:33,星野茶·万达店,芋泥波波,奶茶,17,1,0,17,6.5,外卖美团,非会员,0
O10235,2026-05-02 11:02:52,星野茶·大学城店,芋泥波波,奶茶,17,1,0,17,6.5,外卖饿了么,新客,0
O10236,2026-05-02 16:21:41,星野茶·万达店,美式咖啡,咖啡,11,1,0,11,3.0,堂食,银卡,0
O10237,2026-05-02 18:17:08,星野茶·大学城店,多肉葡萄,果茶,19,1,0,19,8.0,小程序,新客,0
O10238,2026-05-02 17:19:21,星野茶·万达店,杨枝甘露,果茶,18,1,0,18,7.5,小程序,金卡,0
O10239,2026-05-02 11:43:32,星野茶·万达店,多肉葡萄,果茶,19,2,0,38,16.0,外卖饿了么,新客,0
O10240,2026-05-02 19:32:35,星野茶·大学城店,美式咖啡,咖啡,11,2,0,22,6.0,堂食,银卡,0
O10241,2026-05-02 15:29:04,星野茶·地铁口店,奥利奥奶昔,奶茶,18,1,0,18,7.0,外卖美团,新客,0
O10242,2026-05-02 19:49:18,星野茶·万达店,柠檬绿茶,果茶,12,1,0,12,3.5,堂食,金卡,0
O10243,2026-05-02 18:31:19,星野茶·万达店,芋泥波波,奶茶,17,1,0,17,6.5,小程序,新客,0
O10244,2026-05-02 14:00:05,星野茶·地铁口店,奥利奥奶昔,奶茶,18,2,0,36,14.0,外卖美团,非会员,0
O10245,2026-05-02 15:31:10,星野茶·地铁口店,多肉葡萄,果茶,19,1,1.9,17.1,8.0,外卖美团,银卡,0
O10246,2026-05-02 18:21:31,星野茶·万达店,杨枝甘露,果茶,18,2,0,36,15.0,外卖饿了么,金卡,0
O10247,2026-05-02 19:15:41,星野茶·大学城店,美式咖啡,咖啡,11,1,0,11,3.0,外卖饿了么,金卡,0
O10248,2026-05-02 18:44:52,星野茶·万达店,美式咖啡,咖啡,11,1,1.1,9.9,3.0,外卖美团,普通会员,0
O10249,2026-05-02 18:52:11,星野茶·万达店,杨枝甘露,果茶,18,2,3.6,32.4,15.0,外卖美团,新客,0
O10250,2026-05-02 12:41:27,星野茶·万达店,柠檬绿茶,果茶,12,2,2.4,21.6,7.0,堂食,非会员,0
O10251,2026-05-02 11:57:28,星野茶·大学城店,生椰拿铁,咖啡,16,1,1.6,14.4,6.0,堂食,银卡,0
O10252,2026-05-02 15:03:30,星野茶·万达店,杨枝甘露,果茶,18,1,1.8,16.2,7.5,小程序,金卡,0
O10253,2026-05-02 17:05:38,星野茶·万达店,生椰拿铁,咖啡,16,1,1.6,14.4,6.0,堂食,新客,0
O10254,2026-05-02 15:16:17,星野茶·地铁口店,生椰拿铁,咖啡,16,1,1.6,14.4,6.0,外卖美团,金卡,0
O10255,2026-05-02 11:19:21,星野茶·地铁口店,多肉葡萄,果茶,19,1,1.9,17.1,8.0,外卖美团,银卡,0
O10256,2026-05-02 12:15:39,星野茶·万达店,生椰拿铁,咖啡,16,2,3.2,28.8,12.0,外卖饿了么,金卡,0
O10257,2026-05-02 20:14:00,星野茶·万达店,伯牙绝弦,茶底,15,1,0,15,5.5,堂食,银卡,0
O10258,2026-05-02 14:35:17,星野茶·大学城店,生椰拿铁,咖啡,16,1,1.6,14.4,6.0,小程序,银卡,0
O10259,2026-05-02 16:07:00,星野茶·地铁口店,芋泥波波,奶茶,17,1,1.7,15.3,6.5,外卖饿了么,银卡,0
O10260,2026-05-02 13:41:06,星野茶·万达店,生椰拿铁,咖啡,16,1,0,16,6.0,外卖美团,非会员,0
O10261,2026-05-02 20:26:53,星野茶·万达店,杨枝甘露,果茶,18,1,1.8,16.2,7.5,堂食,普通会员,0
O10262,2026-05-02 19:39:25,星野茶·大学城店,柠檬绿茶,果茶,12,1,0,12,3.5,小程序,非会员,0
O10263,2026-05-02 20:13:05,星野茶·万达店,美式咖啡,咖啡,11,1,0,11,3.0,小程序,非会员,0
O10264,2026-05-02 14:27:20,星野茶·大学城店,芋泥波波,奶茶,17,1,1.7,15.3,6.5,小程序,非会员,0
O10265,2026-05-02 11:22:53,星野茶·万达店,杨枝甘露,果茶,18,1,0,18,7.5,堂食,银卡,0
O10266,2026-05-02 13:59:28,星野茶·大学城店,多肉葡萄,果茶,19,1,0,19,8.0,外卖饿了么,新客,0
O10267,2026-05-02 17:55:21,星野茶·大学城店,多肉葡萄,果茶,19,1,0,19,8.0,外卖饿了么,金卡,0
O10268,2026-05-02 16:36:29,星野茶·地铁口店,芋泥波波,奶茶,17,1,0,17,6.5,外卖美团,非会员,1
O10269,2026-05-02 18:04:21,星野茶·大学城店,奥利奥奶昔,奶茶,18,1,0,18,7.0,小程序,非会员,0
O10270,2026-05-02 14:37:59,星野茶·地铁口店,多肉葡萄,果茶,19,1,1.9,17.1,8.0,外卖美团,金卡,0
O10271,2026-05-02 20:57:25,星野茶·大学城店,柠檬绿茶,果茶,12,1,0,12,3.5,外卖美团,银卡,0
O10272,2026-05-02 21:11:38,星野茶·地铁口店,伯牙绝弦,茶底,15,1,0,15,5.5,小程序,金卡,0
O10273,2026-05-03 16:42:20,星野茶·万达店,柠檬绿茶,果茶,12,1,0,12,3.5,小程序,新客,0
O10274,2026-05-03 14:34:00,星野茶·万达店,杨枝甘露,果茶,18,1,1.8,16.2,7.5,堂食,金卡,0
O10275,2026-05-03 14:55:11,星野茶·地铁口店,伯牙绝弦,茶底,15,1,0,15,5.5,堂食,非会员,0
O10276,2026-05-03 19:46:49,星野茶·万达店,柠檬绿茶,果茶,12,2,2.4,21.6,7.0,小程序,新客,0
O10277,2026-05-03 18:38:22,星野茶·万达店,多肉葡萄,果茶,19,1,0,19,8.0,堂食,非会员,0
O10278,2026-05-03 12:20:46,星野茶·万达店,杨枝甘露,果茶,18,1,1.8,16.2,7.5,堂食,金卡,0
O10279,2026-05-03 15:03:38,星野茶·地铁口店,美式咖啡,咖啡,11,1,1.1,9.9,3.0,外卖美团,金卡,0
O10280,2026-05-03 21:29:31,星野茶·万达店,伯牙绝弦,茶底,15,2,0,30,11.0,外卖饿了么,非会员,0
O10281,2026-05-03 19:28:23,星野茶·万达店,多肉葡萄,果茶,19,1,0,19,8.0,外卖饿了么,非会员,0
O10282,2026-05-03 12:19:16,星野茶·万达店,杨枝甘露,果茶,18,1,0,18,7.5,外卖饿了么,新客,0
O10283,2026-05-03 21:24:20,星野茶·地铁口店,伯牙绝弦,茶底,15,1,0,15,5.5,外卖饿了么,新客,0
O10284,2026-05-03 14:59:57,星野茶·万达店,芋泥波波,奶茶,17,2,0,34,13.0,小程序,银卡,0
O10285,2026-05-03 18:33:46,星野茶·大学城店,芋泥波波,奶茶,17,1,0,17,6.5,小程序,新客,0
O10286,2026-05-03 12:40:22,星野茶·地铁口店,生椰拿铁,咖啡,16,1,0,16,6.0,外卖美团,非会员,0
O10287,2026-05-03 18:14:47,星野茶·万达店,奥利奥奶昔,奶茶,18,1,0,18,7.0,小程序,新客,0
O10288,2026-05-03 15:52:35,星野茶·地铁口店,伯牙绝弦,茶底,15,1,0,15,5.5,堂食,普通会员,0
O10289,2026-05-03 19:30:10,星野茶·万达店,杨枝甘露,果茶,18,1,1.8,16.2,7.5,小程序,新客,0
O10290,2026-05-03 17:48:05,星野茶·大学城店,伯牙绝弦,茶底,15,1,0,15,5.5,外卖美团,金卡,0
O10291,2026-05-03 21:06:04,星野茶·万达店,生椰拿铁,咖啡,16,1,1.6,14.4,6.0,外卖饿了么,银卡,0
O10292,2026-05-03 21:33:39,星野茶·地铁口店,芋泥波波,奶茶,17,1,0,17,6.5,小程序,非会员,0
O10293,2026-05-03 15:45:05,星野茶·万达店,生椰拿铁,咖啡,16,1,0,16,6.0,堂食,金卡,0
O10294,2026-05-03 15:52:06,星野茶·大学城店,奥利奥奶昔,奶茶,18,1,0,18,7.0,外卖美团,普通会员,0
O10295,2026-05-03 20:07:48,星野茶·大学城店,芋泥波波,奶茶,17,1,0,17,6.5,小程序,非会员,0
O10296,2026-05-03 16:34:40,星野茶·大学城店,柠檬绿茶,果茶,12,1,0,12,3.5,堂食,新客,0
O10297,2026-05-03 20:50:07,星野茶·万达店,杨枝甘露,果茶,18,1,0,18,7.5,小程序,金卡,0
O10298,2026-05-03 15:32:27,星野茶·地铁口店,美式咖啡,咖啡,11,1,0,11,3.0,堂食,非会员,0
O10299,2026-05-03 14:53:51,星野茶·地铁口店,生椰拿铁,咖啡,16,1,0,16,6.0,小程序,金卡,0
O10300,2026-05-03 19:18:10,星野茶·大学城店,杨枝甘露,果茶,18,2,0,36,15.0,外卖美团,金卡,0
O10301,2026-05-03 17:49:15,星野茶·万达店,杨枝甘露,果茶,18,1,0,18,7.5,小程序,金卡,0
O10302,2026-05-03 17:37:13,星野茶·万达店,生椰拿铁,咖啡,16,1,0,16,6.0,外卖美团,普通会员,0
O10303,2026-05-03 19:40:29,星野茶·大学城店,奥利奥奶昔,奶茶,18,1,0,18,7.0,堂食,普通会员,0
O10304,2026-05-03 18:48:50,星野茶·大学城店,柠檬绿茶,果茶,12,1,0,12,3.5,小程序,非会员,0
O10305,2026-05-03 17:57:27,星野茶·大学城店,奥利奥奶昔,奶茶,18,1,1.8,16.2,7.0,外卖美团,非会员,0
O10306,2026-05-03 17:57:28,星野茶·万达店,生椰拿铁,咖啡,16,1,1.6,14.4,6.0,外卖饿了么,金卡,0
O10307,2026-05-03 21:46:05,星野茶·大学城店,美式咖啡,咖啡,11,1,0,11,3.0,外卖饿了么,金卡,0
O10308,2026-05-03 17:17:41,星野茶·地铁口店,多肉葡萄,果茶,19,1,0,19,8.0,外卖美团,非会员,0
O10309,2026-05-03 18:31:30,星野茶·大学城店,伯牙绝弦,茶底,15,1,0,15,5.5,小程序,非会员,0
O10310,2026-05-03 15:27:03,星野茶·地铁口店,奥利奥奶昔,奶茶,18,1,0,18,7.0,小程序,银卡,0
O10311,2026-05-03 20:25:03,星野茶·万达店,杨枝甘露,果茶,18,1,0,18,7.5,小程序,新客,0
O10312,2026-05-03 11:14:02,星野茶·大学城店,美式咖啡,咖啡,11,1,0,11,3.0,小程序,金卡,0
O10313,2026-05-03 13:16:48,星野茶·地铁口店,多肉葡萄,果茶,19,1,1.9,17.1,8.0,外卖美团,金卡,0
O10314,2026-05-03 15:57:20,星野茶·地铁口店,杨枝甘露,果茶,18,1,0,18,7.5,外卖美团,非会员,0
O10315,2026-05-03 21:02:08,星野茶·万达店,美式咖啡,咖啡,11,1,0,11,3.0,小程序,普通会员,0
O10316,2026-05-03 13:11:05,星野茶·万达店,生椰拿铁,咖啡,16,2,0,32,12.0,堂食,普通会员,0
O10317,2026-05-03 14:50:42,星野茶·地铁口店,美式咖啡,咖啡,11,1,1.1,9.9,3.0,外卖饿了么,银卡,0
O10318,2026-05-03 19:14:20,星野茶·大学城店,美式咖啡,咖啡,11,2,0,22,6.0,外卖饿了么,普通会员,0
O10319,2026-05-03 18:22:23,星野茶·万达店,芋泥波波,奶茶,17,1,0,17,6.5,小程序,新客,0
O10320,2026-05-03 12:14:13,星野茶·大学城店,芋泥波波,奶茶,17,1,0,17,6.5,小程序,非会员,0
O10321,2026-05-03 18:47:03,星野茶·大学城店,杨枝甘露,果茶,18,1,0,18,7.5,外卖饿了么,非会员,0
O10322,2026-05-03 16:54:36,星野茶·万达店,杨枝甘露,果茶,18,1,0,18,7.5,外卖美团,新客,0
O10323,2026-05-03 17:54:24,星野茶·万达店,杨枝甘露,果茶,18,1,0,18,7.5,堂食,普通会员,0
O10324,2026-05-03 21:35:57,星野茶·大学城店,杨枝甘露,果茶,18,2,0,36,15.0,堂食,普通会员,0
O10325,2026-05-03 16:20:24,星野茶·万达店,杨枝甘露,果茶,18,1,0,18,7.5,外卖饿了么,新客,0
O10326,2026-05-03 16:08:59,星野茶·万达店,多肉葡萄,果茶,19,1,0,19,8.0,堂食,新客,0
O10327,2026-05-03 17:17:45,星野茶·万达店,杨枝甘露,果茶,18,1,0,18,7.5,堂食,非会员,0
O10328,2026-05-03 13:41:37,星野茶·大学城店,伯牙绝弦,茶底,15,2,0,30,11.0,堂食,普通会员,0
O10329,2026-05-04 11:51:27,星野茶·地铁口店,芋泥波波,奶茶,17,2,0,34,13.0,外卖饿了么,新客,0
O10330,2026-05-04 21:02:38,星野茶·地铁口店,柠檬绿茶,果茶,12,1,0,12,3.5,小程序,银卡,0
O10331,2026-05-04 16:53:50,星野茶·万达店,生椰拿铁,咖啡,16,1,0,16,6.0,小程序,金卡,0
O10332,2026-05-04 14:46:01,星野茶·大学城店,柠檬绿茶,果茶,12,2,0,24,7.0,外卖美团,非会员,0
O10333,2026-05-04 15:46:08,星野茶·大学城店,杨枝甘露,果茶,18,2,0,36,15.0,外卖饿了么,金卡,0
O10334,2026-05-04 11:20:41,星野茶·大学城店,杨枝甘露,果茶,18,1,0,18,7.5,外卖美团,非会员,0
O10335,2026-05-04 14:03:04,星野茶·万达店,杨枝甘露,果茶,18,1,1.8,16.2,7.5,小程序,银卡,0
O10336,2026-05-04 18:19:49,星野茶·大学城店,杨枝甘露,果茶,18,1,0,18,7.5,外卖饿了么,金卡,0
O10337,2026-05-04 19:35:06,星野茶·万达店,杨枝甘露,果茶,18,1,1.8,16.2,7.5,外卖美团,普通会员,0
O10338,2026-05-04 18:53:12,星野茶·地铁口店,生椰拿铁,咖啡,16,1,0,16,6.0,外卖饿了么,金卡,0
O10339,2026-05-04 19:48:36,星野茶·万达店,杨枝甘露,果茶,18,1,1.8,16.2,7.5,外卖饿了么,新客,0
O10340,2026-05-04 15:48:29,星野茶·万达店,多肉葡萄,果茶,19,1,0,19,8.0,外卖饿了么,非会员,0
O10341,2026-05-04 12:12:29,星野茶·地铁口店,芋泥波波,奶茶,17,1,0,17,6.5,外卖美团,金卡,0
O10342,2026-05-04 11:40:51,星野茶·地铁口店,生椰拿铁,咖啡,16,1,0,16,6.0,外卖美团,银卡,0
O10343,2026-05-04 19:37:46,星野茶·地铁口店,柠檬绿茶,果茶,12,1,0,12,3.5,堂食,金卡,0
O10344,2026-05-04 20:11:55,星野茶·地铁口店,多肉葡萄,果茶,19,1,0,19,8.0,小程序,金卡,0
O10345,2026-05-04 11:24:35,星野茶·大学城店,柠檬绿茶,果茶,12,2,2.4,21.6,7.0,外卖饿了么,金卡,0
O10346,2026-05-04 17:29:57,星野茶·地铁口店,美式咖啡,咖啡,11,1,1.1,9.9,3.0,外卖美团,非会员,0
O10347,2026-05-04 19:44:40,星野茶·万达店,杨枝甘露,果茶,18,1,1.8,16.2,7.5,堂食,银卡,0
O10348,2026-05-04 21:39:19,星野茶·大学城店,奥利奥奶昔,奶茶,18,2,3.6,32.4,14.0,小程序,金卡,0
O10349,2026-05-04 21:40:22,星野茶·万达店,奥利奥奶昔,奶茶,18,1,0,18,7.0,小程序,银卡,0
O10350,2026-05-04 18:49:24,星野茶·万达店,美式咖啡,咖啡,11,1,0,11,3.0,外卖美团,普通会员,0
O10351,2026-05-04 21:53:14,星野茶·地铁口店,多肉葡萄,果茶,19,1,0,19,8.0,外卖饿了么,普通会员,0
O10352,2026-05-04 15:26:22,星野茶·万达店,伯牙绝弦,茶底,15,1,0,15,5.5,外卖美团,银卡,0
O10353,2026-05-04 15:29:17,星野茶·万达店,伯牙绝弦,茶底,15,1,0,15,5.5,外卖美团,新客,0
O10354,2026-05-04 12:19:19,星野茶·地铁口店,多肉葡萄,果茶,19,1,1.9,17.1,8.0,堂食,非会员,0
O10355,2026-05-04 21:31:03,星野茶·万达店,奥利奥奶昔,奶茶,18,1,1.8,16.2,7.0,小程序,非会员,0
O10356,2026-05-04 12:46:55,星野茶·万达店,杨枝甘露,果茶,18,1,1.8,16.2,7.5,外卖美团,金卡,0
O10357,2026-05-04 16:09:14,星野茶·大学城店,芋泥波波,奶茶,17,2,3.4,30.6,13.0,外卖美团,普通会员,0
O10358,2026-05-04 17:33:14,星野茶·大学城店,杨枝甘露,果茶,18,1,0,18,7.5,外卖美团,普通会员,0
O10359,2026-05-04 21:02:31,星野茶·大学城店,柠檬绿茶,果茶,12,1,0,12,3.5,外卖美团,新客,0
O10360,2026-05-04 19:06:38,星野茶·万达店,生椰拿铁,咖啡,16,1,1.6,14.4,6.0,外卖美团,新客,0
O10361,2026-05-04 18:04:33,星野茶·地铁口店,生椰拿铁,咖啡,16,1,0,16,6.0,小程序,非会员,0
O10362,2026-05-04 16:42:28,星野茶·地铁口店,美式咖啡,咖啡,11,1,0,11,3.0,堂食,普通会员,0
O10363,2026-05-04 14:23:54,星野茶·大学城店,伯牙绝弦,茶底,15,1,0,15,5.5,堂食,非会员,0
O10364,2026-05-04 13:53:33,星野茶·地铁口店,柠檬绿茶,果茶,12,1,0,12,3.5,外卖饿了么,新客,0
O10365,2026-05-04 18:16:04,星野茶·地铁口店,杨枝甘露,果茶,18,1,1.8,16.2,7.5,小程序,新客,0
O10366,2026-05-04 15:18:11,星野茶·地铁口店,柠檬绿茶,果茶,12,1,1.2,10.8,3.5,小程序,非会员,0
O10367,2026-05-05 14:16:20,星野茶·地铁口店,伯牙绝弦,茶底,15,2,3.0,27.0,11.0,堂食,非会员,0
O10368,2026-05-05 18:50:22,星野茶·万达店,芋泥波波,奶茶,17,1,0,17,6.5,外卖饿了么,非会员,0
O10369,2026-05-05 14:58:39,星野茶·地铁口店,生椰拿铁,咖啡,16,1,0,16,6.0,小程序,金卡,0
O10370,2026-05-05 11:36:24,星野茶·万达店,柠檬绿茶,果茶,12,2,0,24,7.0,小程序,普通会员,0
O10371,2026-05-05 11:39:14,星野茶·地铁口店,美式咖啡,咖啡,11,1,1.1,9.9,3.0,外卖饿了么,新客,0
O10372,2026-05-05 19:49:09,星野茶·万达店,杨枝甘露,果茶,18,1,0,18,7.5,堂食,普通会员,0
O10373,2026-05-05 16:10:20,星野茶·地铁口店,生椰拿铁,咖啡,16,1,1.6,14.4,6.0,堂食,金卡,0
O10374,2026-05-05 13:32:09,星野茶·大学城店,奥利奥奶昔,奶茶,18,1,0,18,7.0,堂食,金卡,0
O10375,2026-05-05 16:39:22,星野茶·地铁口店,伯牙绝弦,茶底,15,1,0,15,5.5,外卖饿了么,银卡,0
O10376,2026-05-05 14:57:44,星野茶·大学城店,奥利奥奶昔,奶茶,18,2,0,36,14.0,堂食,金卡,0
O10377,2026-05-05 19:54:01,星野茶·万达店,杨枝甘露,果茶,18,1,0,18,7.5,外卖美团,非会员,0
O10378,2026-05-05 20:15:36,星野茶·大学城店,杨枝甘露,果茶,18,1,0,18,7.5,外卖美团,新客,0
O10379,2026-05-05 19:23:26,星野茶·大学城店,生椰拿铁,咖啡,16,1,1.6,14.4,6.0,小程序,金卡,0
O10380,2026-05-05 19:21:30,星野茶·万达店,杨枝甘露,果茶,18,1,0,18,7.5,外卖美团,金卡,0
O10381,2026-05-05 14:11:08,星野茶·万达店,芋泥波波,奶茶,17,1,1.7,15.3,6.5,外卖饿了么,金卡,0
O10382,2026-05-05 12:43:54,星野茶·大学城店,生椰拿铁,咖啡,16,1,0,16,6.0,外卖饿了么,新客,0
O10383,2026-05-05 21:38:46,星野茶·地铁口店,柠檬绿茶,果茶,12,1,0,12,3.5,堂食,银卡,0
O10384,2026-05-05 21:32:05,星野茶·地铁口店,伯牙绝弦,茶底,15,1,1.5,13.5,5.5,堂食,普通会员,0
O10385,2026-05-05 21:00:58,星野茶·大学城店,奥利奥奶昔,奶茶,18,1,0,18,7.0,外卖美团,新客,0
O10386,2026-05-05 17:24:50,星野茶·万达店,美式咖啡,咖啡,11,2,0,22,6.0,堂食,新客,0
O10387,2026-05-05 14:04:34,星野茶·地铁口店,芋泥波波,奶茶,17,1,0,17,6.5,外卖饿了么,非会员,0
O10388,2026-05-05 13:11:21,星野茶·大学城店,生椰拿铁,咖啡,16,1,0,16,6.0,外卖饿了么,非会员,0
O10389,2026-05-05 17:11:46,星野茶·大学城店,美式咖啡,咖啡,11,1,1.1,9.9,3.0,堂食,新客,0
O10390,2026-05-05 11:38:39,星野茶·大学城店,伯牙绝弦,茶底,15,1,0,15,5.5,堂食,非会员,0
O10391,2026-05-05 11:43:03,星野茶·万达店,杨枝甘露,果茶,18,1,1.8,16.2,7.5,外卖美团,金卡,0
O10392,2026-05-05 11:09:13,星野茶·万达店,柠檬绿茶,果茶,12,1,0,12,3.5,小程序,普通会员,0
O10393,2026-05-05 19:13:57,星野茶·地铁口店,生椰拿铁,咖啡,16,1,0,16,6.0,堂食,普通会员,0
O10394,2026-05-05 17:38:25,星野茶·万达店,杨枝甘露,果茶,18,2,3.6,32.4,15.0,外卖饿了么,银卡,0
O10395,2026-05-05 15:08:58,星野茶·万达店,奥利奥奶昔,奶茶,18,1,0,18,7.0,堂食,金卡,0
O10396,2026-05-05 21:03:00,星野茶·地铁口店,奥利奥奶昔,奶茶,18,1,0,18,7.0,堂食,金卡,0
O10397,2026-05-05 15:14:35,星野茶·地铁口店,杨枝甘露,果茶,18,1,0,18,7.5,外卖美团,新客,0
O10398,2026-05-05 15:14:37,星野茶·地铁口店,柠檬绿茶,果茶,12,1,0,12,3.5,堂食,新客,0
O10399,2026-05-06 20:01:00,星野茶·地铁口店,生椰拿铁,咖啡,16,1,0,16,6.0,外卖美团,普通会员,0
O10400,2026-05-06 14:37:22,星野茶·万达店,奥利奥奶昔,奶茶,18,1,0,18,7.0,小程序,非会员,0
O10401,2026-05-06 18:15:44,星野茶·地铁口店,柠檬绿茶,果茶,12,1,0,12,3.5,小程序,普通会员,0
O10402,2026-05-06 18:25:48,星野茶·地铁口店,多肉葡萄,果茶,19,1,0,19,8.0,外卖饿了么,新客,0
O10403,2026-05-06 15:26:48,星野茶·地铁口店,美式咖啡,咖啡,11,1,0,11,3.0,外卖饿了么,普通会员,0
O10404,2026-05-06 14:36:41,星野茶·大学城店,生椰拿铁,咖啡,16,1,0,16,6.0,外卖饿了么,银卡,0
O10405,2026-05-06 13:09:04,星野茶·地铁口店,杨枝甘露,果茶,18,1,0,18,7.5,外卖美团,银卡,0
O10406,2026-05-06 14:57:08,星野茶·大学城店,美式咖啡,咖啡,11,1,0,11,3.0,堂食,金卡,0
O10407,2026-05-06 17:14:08,星野茶·万达店,生椰拿铁,咖啡,16,1,0,16,6.0,堂食,非会员,0
O10408,2026-05-06 11:10:18,星野茶·大学城店,美式咖啡,咖啡,11,1,0,11,3.0,外卖饿了么,普通会员,0
O10409,2026-05-06 18:28:59,星野茶·大学城店,奥利奥奶昔,奶茶,18,1,0,18,7.0,外卖美团,金卡,0
O10410,2026-05-06 11:57:22,星野茶·地铁口店,美式咖啡,咖啡,11,1,0,11,3.0,小程序,新客,0
O10411,2026-05-06 19:12:56,星野茶·大学城店,杨枝甘露,果茶,18,1,0,18,7.5,小程序,非会员,0
O10412,2026-05-06 15:19:48,星野茶·地铁口店,多肉葡萄,果茶,19,1,1.9,17.1,8.0,外卖美团,新客,0
O10413,2026-05-06 21:39:34,星野茶·地铁口店,奥利奥奶昔,奶茶,18,1,0,18,7.0,小程序,新客,0
O10414,2026-05-06 11:09:21,星野茶·地铁口店,奥利奥奶昔,奶茶,18,1,0,18,7.0,外卖饿了么,新客,0
O10415,2026-05-06 11:57:56,星野茶·地铁口店,伯牙绝弦,茶底,15,1,0,15,5.5,外卖饿了么,新客,0
O10416,2026-05-06 13:15:31,星野茶·地铁口店,杨枝甘露,果茶,18,1,0,18,7.5,小程序,新客,0
O10417,2026-05-06 17:41:36,星野茶·万达店,柠檬绿茶,果茶,12,2,0,24,7.0,小程序,非会员,0
O10418,2026-05-06 20:59:06,星野茶·大学城店,多肉葡萄,果茶,19,1,0,19,8.0,外卖饿了么,金卡,0
O10419,2026-05-06 11:58:38,星野茶·万达店,柠檬绿茶,果茶,12,1,1.2,10.8,3.5,堂食,普通会员,0
O10420,2026-05-06 20:45:35,星野茶·大学城店,柠檬绿茶,果茶,12,1,0,12,3.5,外卖美团,银卡,0
O10421,2026-05-06 12:17:46,星野茶·地铁口店,柠檬绿茶,果茶,12,1,1.2,10.8,3.5,小程序,金卡,0
O10422,2026-05-06 21:13:16,星野茶·大学城店,生椰拿铁,咖啡,16,1,1.6,14.4,6.0,小程序,新客,0
O10423,2026-05-06 15:40:17,星野茶·万达店,杨枝甘露,果茶,18,1,0,18,7.5,小程序,非会员,0
O10424,2026-05-06 13:48:04,星野茶·地铁口店,柠檬绿茶,果茶,12,1,0,12,3.5,堂食,银卡,0
O10425,2026-05-06 15:32:58,星野茶·地铁口店,多肉葡萄,果茶,19,2,3.8,34.2,16.0,外卖饿了么,银卡,0
O10426,2026-05-06 20:57:41,星野茶·万达店,杨枝甘露,果茶,18,1,1.8,16.2,7.5,外卖美团,金卡,0
O10427,2026-05-06 12:32:44,星野茶·大学城店,美式咖啡,咖啡,11,2,0,22,6.0,堂食,新客,0
O10428,2026-05-06 13:27:09,星野茶·地铁口店,生椰拿铁,咖啡,16,1,1.6,14.4,6.0,堂食,普通会员,0
O10429,2026-05-06 16:31:29,星野茶·地铁口店,杨枝甘露,果茶,18,1,0,18,7.5,外卖美团,普通会员,0
O10430,2026-05-06 21:47:07,星野茶·万达店,杨枝甘露,果茶,18,1,0,18,7.5,外卖饿了么,新客,0
O10431,2026-05-06 20:51:15,星野茶·地铁口店,杨枝甘露,果茶,18,1,0,18,7.5,小程序,普通会员,0
O10432,2026-05-06 14:19:45,星野茶·地铁口店,生椰拿铁,咖啡,16,1,0,16,6.0,小程序,普通会员,0
O10433,2026-05-06 11:54:25,星野茶·万达店,多肉葡萄,果茶,19,1,0,19,8.0,小程序,银卡,0
O10434,2026-05-06 20:32:04,星野茶·大学城店,杨枝甘露,果茶,18,1,0,18,7.5,堂食,金卡,0
O10435,2026-05-06 13:30:47,星野茶·万达店,杨枝甘露,果茶,18,2,3.6,32.4,15.0,外卖美团,普通会员,0
O10436,2026-05-06 14:48:31,星野茶·大学城店,生椰拿铁,咖啡,16,1,1.6,14.4,6.0,外卖美团,金卡,0
O10437,2026-05-06 15:05:25,星野茶·万达店,奥利奥奶昔,奶茶,18,1,0,18,7.0,小程序,新客,0
O10438,2026-05-06 20:20:45,星野茶·地铁口店,柠檬绿茶,果茶,12,1,0,12,3.5,外卖美团,新客,0
O10439,2026-05-06 13:35:17,星野茶·万达店,芋泥波波,奶茶,17,1,0,17,6.5,外卖饿了么,非会员,0
O10440,2026-05-06 12:52:15,星野茶·大学城店,美式咖啡,咖啡,11,1,0,11,3.0,外卖美团,金卡,0
O10441,2026-05-06 11:21:36,星野茶·大学城店,美式咖啡,咖啡,11,2,0,22,6.0,外卖饿了么,金卡,0
O10442,2026-05-06 12:16:21,星野茶·大学城店,奥利奥奶昔,奶茶,18,1,1.8,16.2,7.0,外卖饿了么,银卡,0
O10443,2026-05-06 14:46:55,星野茶·大学城店,芋泥波波,奶茶,17,1,0,17,6.5,外卖饿了么,银卡,0
O10444,2026-05-06 17:00:56,星野茶·万达店,美式咖啡,咖啡,11,1,0,11,3.0,外卖饿了么,新客,0
O10445,2026-05-06 20:02:14,星野茶·大学城店,美式咖啡,咖啡,11,1,0,11,3.0,外卖美团,金卡,0
O10446,2026-05-06 11:27:28,星野茶·万达店,杨枝甘露,果茶,18,1,0,18,7.5,堂食,普通会员,0
O10447,2026-05-06 17:18:20,星野茶·地铁口店,柠檬绿茶,果茶,12,2,0,24,7.0,外卖美团,银卡,0
O10448,2026-05-07 20:32:36,星野茶·地铁口店,生椰拿铁,咖啡,16,1,0,16,6.0,堂食,普通会员,0
O10449,2026-05-07 20:53:49,星野茶·万达店,生椰拿铁,咖啡,16,1,1.6,14.4,6.0,外卖美团,银卡,0
O10450,2026-05-07 15:50:15,星野茶·大学城店,奥利奥奶昔,奶茶,18,1,0,18,7.0,小程序,新客,0
O10451,2026-05-07 21:09:32,星野茶·大学城店,多肉葡萄,果茶,19,1,0,19,8.0,外卖饿了么,新客,0
O10452,2026-05-07 16:14:14,星野茶·万达店,芋泥波波,奶茶,17,1,1.7,15.3,6.5,堂食,普通会员,0
O10453,2026-05-07 18:39:16,星野茶·万达店,杨枝甘露,果茶,18,2,0,36,15.0,外卖美团,银卡,0
O10454,2026-05-07 15:58:02,星野茶·地铁口店,伯牙绝弦,茶底,15,1,0,15,5.5,堂食,银卡,0
O10455,2026-05-07 16:34:18,星野茶·地铁口店,美式咖啡,咖啡,11,2,0,22,6.0,外卖美团,金卡,0
O10456,2026-05-07 18:45:21,星野茶·万达店,伯牙绝弦,茶底,15,1,0,15,5.5,小程序,金卡,0
O10457,2026-05-07 18:00:37,星野茶·万达店,生椰拿铁,咖啡,16,1,1.6,14.4,6.0,外卖饿了么,新客,0
O10458,2026-05-07 20:53:35,星野茶·万达店,奥利奥奶昔,奶茶,18,1,0,18,7.0,外卖美团,非会员,0
O10459,2026-05-07 20:37:04,星野茶·万达店,杨枝甘露,果茶,18,1,0,18,7.5,外卖美团,非会员,0
O10460,2026-05-07 20:05:04,星野茶·大学城店,柠檬绿茶,果茶,12,1,0,12,3.5,小程序,新客,0
O10461,2026-05-07 11:33:16,星野茶·大学城店,伯牙绝弦,茶底,15,1,0,15,5.5,外卖美团,非会员,0
O10462,2026-05-07 19:07:46,星野茶·地铁口店,伯牙绝弦,茶底,15,1,0,15,5.5,外卖美团,银卡,0
O10463,2026-05-07 20:28:07,星野茶·万达店,芋泥波波,奶茶,17,1,0,17,6.5,外卖饿了么,非会员,0
O10464,2026-05-07 16:23:00,星野茶·万达店,芋泥波波,奶茶,17,1,1.7,15.3,6.5,外卖饿了么,普通会员,0
O10465,2026-05-07 19:59:29,星野茶·万达店,伯牙绝弦,茶底,15,1,1.5,13.5,5.5,外卖饿了么,非会员,0
O10466,2026-05-07 15:12:47,星野茶·大学城店,奥利奥奶昔,奶茶,18,2,0,36,14.0,小程序,金卡,0
O10467,2026-05-07 21:54:23,星野茶·万达店,芋泥波波,奶茶,17,1,0,17,6.5,堂食,普通会员,0
O10468,2026-05-07 12:36:48,星野茶·万达店,多肉葡萄,果茶,19,1,0,19,8.0,堂食,金卡,0
O10469,2026-05-07 16:52:44,星野茶·大学城店,美式咖啡,咖啡,11,1,0,11,3.0,堂食,非会员,0
O10470,2026-05-07 11:07:50,星野茶·大学城店,奥利奥奶昔,奶茶,18,2,0,36,14.0,堂食,普通会员,0
O10471,2026-05-07 12:27:30,星野茶·地铁口店,芋泥波波,奶茶,17,2,0,34,13.0,堂食,银卡,0
O10472,2026-05-07 20:05:12,星野茶·大学城店,杨枝甘露,果茶,18,2,0,36,15.0,堂食,金卡,0
O10473,2026-05-07 13:28:00,星野茶·大学城店,多肉葡萄,果茶,19,1,0,19,8.0,小程序,新客,0
O10474,2026-05-07 20:27:38,星野茶·地铁口店,杨枝甘露,果茶,18,1,0,18,7.5,外卖饿了么,非会员,0
O10475,2026-05-07 20:45:33,星野茶·地铁口店,奥利奥奶昔,奶茶,18,1,1.8,16.2,7.0,小程序,非会员,0
O10476,2026-05-07 17:29:22,星野茶·大学城店,伯牙绝弦,茶底,15,1,0,15,5.5,外卖饿了么,普通会员,0
O10477,2026-05-07 17:04:14,星野茶·地铁口店,芋泥波波,奶茶,17,1,0,17,6.5,外卖美团,金卡,0
O10478,2026-05-07 18:42:19,星野茶·万达店,芋泥波波,奶茶,17,2,0,34,13.0,外卖饿了么,金卡,0
O10479,2026-05-07 15:40:36,星野茶·大学城店,杨枝甘露,果茶,18,1,0,18,7.5,外卖饿了么,新客,0
O10480,2026-05-07 21:17:07,星野茶·大学城店,多肉葡萄,果茶,19,1,0,19,8.0,外卖饿了么,金卡,0
O10481,2026-05-07 21:29:44,星野茶·万达店,多肉葡萄,果茶,19,1,0,19,8.0,小程序,非会员,0
O10482,2026-05-07 13:51:30,星野茶·大学城店,美式咖啡,咖啡,11,1,0,11,3.0,小程序,银卡,0
O10483,2026-05-07 17:50:25,星野茶·地铁口店,芋泥波波,奶茶,17,1,1.7,15.3,6.5,堂食,金卡,0
O10484,2026-05-07 20:02:06,星野茶·地铁口店,美式咖啡,咖啡,11,1,0,11,3.0,外卖饿了么,普通会员,0
O10485,2026-05-07 19:14:26,星野茶·地铁口店,芋泥波波,奶茶,17,1,0,17,6.5,外卖饿了么,金卡,0
O10486,2026-05-07 16:42:40,星野茶·万达店,杨枝甘露,果茶,18,1,0,18,7.5,小程序,银卡,0
O10487,2026-05-07 18:57:01,星野茶·大学城店,伯牙绝弦,茶底,15,1,0,15,5.5,外卖饿了么,银卡,0
O10488,2026-05-07 19:37:12,星野茶·地铁口店,芋泥波波,奶茶,17,1,0,17,6.5,外卖饿了么,银卡,0
O10489,2026-05-07 13:36:20,星野茶·大学城店,伯牙绝弦,茶底,15,1,0,15,5.5,堂食,金卡,0
O10490,2026-05-07 16:31:13,星野茶·大学城店,杨枝甘露,果茶,18,1,0,18,7.5,小程序,新客,0
O10491,2026-05-07 14:42:26,星野茶·地铁口店,伯牙绝弦,茶底,15,1,1.5,13.5,5.5,外卖饿了么,普通会员,0
O10492,2026-05-07 17:18:25,星野茶·地铁口店,杨枝甘露,果茶,18,1,0,18,7.5,堂食,金卡,0
O10493,2026-05-07 20:34:54,星野茶·万达店,伯牙绝弦,茶底,15,2,3.0,27.0,11.0,小程序,普通会员,0
O10494,2026-05-07 12:05:01,星野茶·万达店,杨枝甘露,果茶,18,1,0,18,7.5,外卖饿了么,普通会员,0
O10495,2026-05-07 12:26:21,星野茶·大学城店,多肉葡萄,果茶,19,1,0,19,8.0,小程序,银卡,0
O10496,2026-05-07 14:55:04,星野茶·大学城店,多肉葡萄,果茶,19,1,0,19,8.0,小程序,金卡,0
O10497,2026-05-07 16:15:59,星野茶·地铁口店,生椰拿铁,咖啡,16,2,0,32,12.0,堂食,金卡,0
O10498,2026-05-08 20:57:53,星野茶·地铁口店,杨枝甘露,果茶,18,2,0,36,15.0,外卖饿了么,普通会员,0
O10499,2026-05-08 16:09:06,星野茶·万达店,生椰拿铁,咖啡,16,1,0,16,6.0,小程序,新客,0
O10500,2026-05-08 17:56:42,星野茶·大学城店,奥利奥奶昔,奶茶,18,1,0,18,7.0,外卖饿了么,非会员,0
O10501,2026-05-08 21:06:24,星野茶·大学城店,奥利奥奶昔,奶茶,18,2,0,36,14.0,外卖美团,新客,0
O10502,2026-05-08 16:03:36,星野茶·地铁口店,奥利奥奶昔,奶茶,18,1,0,18,7.0,外卖饿了么,银卡,0
O10503,2026-05-08 18:23:47,星野茶·大学城店,奥利奥奶昔,奶茶,18,1,0,18,7.0,小程序,普通会员,0
O10504,2026-05-08 18:54:38,星野茶·地铁口店,杨枝甘露,果茶,18,1,0,18,7.5,外卖美团,普通会员,0
O10505,2026-05-08 21:55:38,星野茶·地铁口店,多肉葡萄,果茶,19,1,1.9,17.1,8.0,外卖美团,银卡,0
O10506,2026-05-08 15:21:31,星野茶·大学城店,奥利奥奶昔,奶茶,18,1,0,18,7.0,外卖美团,新客,0
O10507,2026-05-08 19:41:04,星野茶·地铁口店,美式咖啡,咖啡,11,1,1.1,9.9,3.0,堂食,金卡,0
O10508,2026-05-08 14:12:01,星野茶·大学城店,生椰拿铁,咖啡,16,1,1.6,14.4,6.0,堂食,普通会员,0
O10509,2026-05-08 11:05:43,星野茶·大学城店,多肉葡萄,果茶,19,1,0,19,8.0,小程序,新客,0
O10510,2026-05-08 13:25:08,星野茶·地铁口店,伯牙绝弦,茶底,15,1,1.5,13.5,5.5,外卖饿了么,金卡,0
O10511,2026-05-08 21:46:48,星野茶·地铁口店,芋泥波波,奶茶,17,1,1.7,15.3,6.5,小程序,银卡,0
O10512,2026-05-08 18:34:55,星野茶·万达店,芋泥波波,奶茶,17,2,0,34,13.0,外卖美团,普通会员,0
O10513,2026-05-08 11:06:25,星野茶·地铁口店,多肉葡萄,果茶,19,1,1.9,17.1,8.0,小程序,新客,0
O10514,2026-05-08 14:41:52,星野茶·大学城店,多肉葡萄,果茶,19,1,0,19,8.0,外卖饿了么,非会员,0
O10515,2026-05-08 21:57:58,星野茶·大学城店,奥利奥奶昔,奶茶,18,1,1.8,16.2,7.0,小程序,非会员,0
O10516,2026-05-08 14:10:53,星野茶·地铁口店,美式咖啡,咖啡,11,1,1.1,9.9,3.0,堂食,新客,0
O10517,2026-05-08 11:33:33,星野茶·地铁口店,柠檬绿茶,果茶,12,1,0,12,3.5,堂食,银卡,0
O10518,2026-05-08 16:35:34,星野茶·万达店,杨枝甘露,果茶,18,1,0,18,7.5,外卖饿了么,非会员,0
O10519,2026-05-08 11:03:23,星野茶·万达店,柠檬绿茶,果茶,12,1,0,12,3.5,外卖饿了么,银卡,0
O10520,2026-05-08 12:31:51,星野茶·地铁口店,奥利奥奶昔,奶茶,18,1,0,18,7.0,小程序,金卡,0
O10521,2026-05-08 14:42:44,星野茶·地铁口店,伯牙绝弦,茶底,15,1,0,15,5.5,小程序,银卡,0
O10522,2026-05-08 13:20:16,星野茶·大学城店,芋泥波波,奶茶,17,1,0,17,6.5,堂食,非会员,0
O10523,2026-05-08 14:12:35,星野茶·大学城店,柠檬绿茶,果茶,12,1,0,12,3.5,堂食,非会员,0
O10524,2026-05-08 17:27:56,星野茶·大学城店,美式咖啡,咖啡,11,1,0,11,3.0,堂食,金卡,0
O10525,2026-05-08 11:03:41,星野茶·万达店,杨枝甘露,果茶,18,1,0,18,7.5,外卖美团,普通会员,0
O10526,2026-05-08 18:45:01,星野茶·地铁口店,奥利奥奶昔,奶茶,18,1,0,18,7.0,小程序,非会员,0
O10527,2026-05-08 17:38:39,星野茶·地铁口店,杨枝甘露,果茶,18,1,1.8,16.2,7.5,外卖饿了么,非会员,0
O10528,2026-05-08 15:32:17,星野茶·地铁口店,多肉葡萄,果茶,19,1,1.9,17.1,8.0,外卖饿了么,金卡,0
O10529,2026-05-08 19:40:54,星野茶·大学城店,美式咖啡,咖啡,11,1,1.1,9.9,3.0,小程序,新客,0
O10530,2026-05-08 15:48:26,星野茶·地铁口店,美式咖啡,咖啡,11,1,0,11,3.0,外卖美团,金卡,0
O10531,2026-05-09 18:38:42,星野茶·地铁口店,柠檬绿茶,果茶,12,1,0,12,3.5,小程序,普通会员,0
O10532,2026-05-09 16:38:23,星野茶·地铁口店,芋泥波波,奶茶,17,1,0,17,6.5,外卖美团,金卡,0
O10533,2026-05-09 18:27:22,星野茶·地铁口店,柠檬绿茶,果茶,12,1,0,12,3.5,外卖美团,新客,0
O10534,2026-05-09 13:36:36,星野茶·万达店,柠檬绿茶,果茶,12,1,1.2,10.8,3.5,小程序,普通会员,0
O10535,2026-05-09 21:34:35,星野茶·大学城店,伯牙绝弦,茶底,15,2,3.0,27.0,11.0,小程序,新客,0
O10536,2026-05-09 13:26:53,星野茶·万达店,奥利奥奶昔,奶茶,18,1,0,18,7.0,外卖饿了么,新客,0
O10537,2026-05-09 17:23:46,星野茶·大学城店,杨枝甘露,果茶,18,1,0,18,7.5,小程序,银卡,0
O10538,2026-05-09 15:28:45,星野茶·地铁口店,生椰拿铁,咖啡,16,2,3.2,28.8,12.0,外卖美团,金卡,0
O10539,2026-05-09 20:25:07,星野茶·大学城店,生椰拿铁,咖啡,16,1,0,16,6.0,外卖美团,普通会员,0
O10540,2026-05-09 17:57:16,星野茶·大学城店,柠檬绿茶,果茶,12,2,0,24,7.0,堂食,普通会员,0
O10541,2026-05-09 11:26:02,星野茶·地铁口店,伯牙绝弦,茶底,15,1,1.5,13.5,5.5,外卖美团,普通会员,0
O10542,2026-05-09 14:08:45,星野茶·地铁口店,生椰拿铁,咖啡,16,1,0,16,6.0,堂食,金卡,0
O10543,2026-05-09 19:51:55,星野茶·地铁口店,生椰拿铁,咖啡,16,2,0,32,12.0,外卖饿了么,新客,0
O10544,2026-05-09 17:00:22,星野茶·地铁口店,美式咖啡,咖啡,11,1,0,11,3.0,外卖饿了么,金卡,0
O10545,2026-05-09 13:57:22,星野茶·大学城店,多肉葡萄,果茶,19,1,0,19,8.0,外卖美团,普通会员,0
O10546,2026-05-09 16:55:52,星野茶·地铁口店,多肉葡萄,果茶,19,1,0,19,8.0,外卖饿了么,新客,0
O10547,2026-05-09 16:34:46,星野茶·大学城店,芋泥波波,奶茶,17,1,1.7,15.3,6.5,外卖美团,金卡,0
O10548,2026-05-09 12:01:34,星野茶·地铁口店,柠檬绿茶,果茶,12,1,0,12,3.5,外卖美团,银卡,0
O10549,2026-05-09 19:12:10,星野茶·地铁口店,美式咖啡,咖啡,11,1,0,11,3.0,小程序,金卡,0
O10550,2026-05-09 20:15:28,星野茶·地铁口店,多肉葡萄,果茶,19,2,3.8,34.2,16.0,堂食,普通会员,0
O10551,2026-05-09 13:43:41,星野茶·大学城店,芋泥波波,奶茶,17,1,0,17,6.5,小程序,银卡,1
O10552,2026-05-09 12:40:49,星野茶·地铁口店,杨枝甘露,果茶,18,1,0,18,7.5,小程序,非会员,0
O10553,2026-05-09 15:15:45,星野茶·万达店,芋泥波波,奶茶,17,1,0,17,6.5,外卖美团,银卡,0
O10554,2026-05-09 19:40:25,星野茶·万达店,伯牙绝弦,茶底,15,1,0,15,5.5,外卖美团,金卡,0
O10555,2026-05-09 13:45:20,星野茶·大学城店,芋泥波波,奶茶,17,1,0,17,6.5,小程序,新客,1
O10556,2026-05-09 15:08:52,星野茶·大学城店,生椰拿铁,咖啡,16,1,1.6,14.4,6.0,外卖美团,银卡,0
O10557,2026-05-09 14:10:02,星野茶·万达店,美式咖啡,咖啡,11,1,1.1,9.9,3.0,小程序,金卡,0
O10558,2026-05-09 18:48:27,星野茶·地铁口店,奥利奥奶昔,奶茶,18,2,0,36,14.0,外卖饿了么,普通会员,0
O10559,2026-05-09 11:22:05,星野茶·万达店,奥利奥奶昔,奶茶,18,1,1.8,16.2,7.0,小程序,非会员,0
O10560,2026-05-09 14:39:19,星野茶·地铁口店,伯牙绝弦,茶底,15,1,0,15,5.5,堂食,非会员,0
O10561,2026-05-09 12:22:41,星野茶·万达店,杨枝甘露,果茶,18,2,0,36,15.0,外卖美团,金卡,0
O10562,2026-05-09 16:28:09,星野茶·大学城店,伯牙绝弦,茶底,15,1,1.5,13.5,5.5,外卖美团,普通会员,0
O10563,2026-05-09 15:07:27,星野茶·万达店,奥利奥奶昔,奶茶,18,1,0,18,7.0,小程序,非会员,0
O10564,2026-05-09 16:23:47,星野茶·地铁口店,杨枝甘露,果茶,18,1,0,18,7.5,小程序,新客,0
O10565,2026-05-09 20:55:21,星野茶·万达店,柠檬绿茶,果茶,12,1,0,12,3.5,外卖饿了么,银卡,0
O10566,2026-05-09 20:28:53,星野茶·万达店,杨枝甘露,果茶,18,1,1.8,16.2,7.5,外卖美团,非会员,0
O10567,2026-05-09 15:31:33,星野茶·万达店,奥利奥奶昔,奶茶,18,1,1.8,16.2,7.0,小程序,银卡,0
O10568,2026-05-09 16:44:05,星野茶·万达店,多肉葡萄,果茶,19,1,0,19,8.0,外卖饿了么,新客,0
O10569,2026-05-09 12:21:23,星野茶·大学城店,美式咖啡,咖啡,11,2,2.2,19.8,6.0,外卖饿了么,银卡,0
O10570,2026-05-09 13:02:38,星野茶·地铁口店,伯牙绝弦,茶底,15,1,0,15,5.5,小程序,非会员,0
O10571,2026-05-09 14:12:32,星野茶·万达店,伯牙绝弦,茶底,15,1,1.5,13.5,5.5,外卖饿了么,金卡,0
O10572,2026-05-09 17:12:15,星野茶·大学城店,芋泥波波,奶茶,17,1,1.7,15.3,6.5,小程序,银卡,0
O10573,2026-05-09 18:51:46,星野茶·万达店,杨枝甘露,果茶,18,2,0,36,15.0,外卖美团,银卡,0
O10574,2026-05-09 20:16:18,星野茶·大学城店,奥利奥奶昔,奶茶,18,1,0,18,7.0,外卖饿了么,银卡,0
O10575,2026-05-09 15:55:14,星野茶·地铁口店,多肉葡萄,果茶,19,1,0,19,8.0,外卖饿了么,普通会员,0
O10576,2026-05-09 12:56:03,星野茶·大学城店,奥利奥奶昔,奶茶,18,1,0,18,7.0,外卖饿了么,非会员,0
O10577,2026-05-09 15:37:52,星野茶·万达店,杨枝甘露,果茶,18,1,1.8,16.2,7.5,外卖美团,普通会员,0
O10578,2026-05-09 19:37:26,星野茶·大学城店,多肉葡萄,果茶,19,1,1.9,17.1,8.0,外卖饿了么,金卡,0
O10579,2026-05-09 11:30:58,星野茶·万达店,奥利奥奶昔,奶茶,18,1,1.8,16.2,7.0,小程序,新客,0
O10580,2026-05-09 14:07:54,星野茶·大学城店,芋泥波波,奶茶,17,1,0,17,6.5,小程序,银卡,0
O10581,2026-05-09 15:42:52,星野茶·大学城店,伯牙绝弦,茶底,15,1,1.5,13.5,5.5,外卖饿了么,银卡,0
O10582,2026-05-09 21:56:11,星野茶·大学城店,杨枝甘露,果茶,18,1,1.8,16.2,7.5,堂食,新客,0
O10583,2026-05-09 16:05:28,星野茶·大学城店,柠檬绿茶,果茶,12,1,0,12,3.5,外卖饿了么,非会员,0
O10584,2026-05-09 16:09:56,星野茶·万达店,多肉葡萄,果茶,19,1,0,19,8.0,外卖美团,金卡,0
O10585,2026-05-09 21:40:44,星野茶·地铁口店,柠檬绿茶,果茶,12,1,0,12,3.5,小程序,银卡,0
O10586,2026-05-09 17:11:27,星野茶·大学城店,多肉葡萄,果茶,19,1,1.9,17.1,8.0,外卖美团,银卡,0
O10587,2026-05-09 14:50:03,星野茶·万达店,美式咖啡,咖啡,11,2,0,22,6.0,堂食,非会员,0
O10588,2026-05-09 17:24:30,星野茶·地铁口店,杨枝甘露,果茶,18,2,0,36,15.0,小程序,普通会员,0
O10589,2026-05-09 14:48:10,星野茶·万达店,生椰拿铁,咖啡,16,1,0,16,6.0,堂食,金卡,0
O10590,2026-05-09 18:44:16,星野茶·大学城店,芋泥波波,奶茶,17,1,0,17,6.5,堂食,新客,0
O10591,2026-05-09 21:28:26,星野茶·大学城店,柠檬绿茶,果茶,12,1,0,12,3.5,小程序,新客,0
O10592,2026-05-09 14:30:39,星野茶·地铁口店,美式咖啡,咖啡,11,1,0,11,3.0,外卖美团,普通会员,0
O10593,2026-05-10 20:16:51,星野茶·大学城店,芋泥波波,奶茶,17,1,1.7,15.3,6.5,外卖美团,新客,0
O10594,2026-05-10 21:47:24,星野茶·地铁口店,奥利奥奶昔,奶茶,18,1,1.8,16.2,7.0,外卖美团,银卡,0
O10595,2026-05-10 12:41:57,星野茶·万达店,生椰拿铁,咖啡,16,1,0,16,6.0,外卖饿了么,金卡,0
O10596,2026-05-10 19:18:57,星野茶·万达店,芋泥波波,奶茶,17,1,0,17,6.5,外卖美团,银卡,0
O10597,2026-05-10 21:50:42,星野茶·地铁口店,奥利奥奶昔,奶茶,18,1,0,18,7.0,堂食,银卡,0
O10598,2026-05-10 12:50:05,星野茶·大学城店,柠檬绿茶,果茶,12,1,0,12,3.5,外卖美团,金卡,0
O10599,2026-05-10 15:00:58,星野茶·大学城店,奥利奥奶昔,奶茶,18,1,0,18,7.0,外卖饿了么,金卡,0
O10600,2026-05-10 16:31:11,星野茶·地铁口店,伯牙绝弦,茶底,15,1,0,15,5.5,外卖美团,新客,0
O10601,2026-05-10 12:40:31,星野茶·大学城店,美式咖啡,咖啡,11,1,0,11,3.0,外卖美团,非会员,0
O10602,2026-05-10 19:40:13,星野茶·地铁口店,生椰拿铁,咖啡,16,1,1.6,14.4,6.0,小程序,普通会员,0
O10603,2026-05-10 16:46:45,星野茶·大学城店,多肉葡萄,果茶,19,1,0,19,8.0,堂食,普通会员,0
O10604,2026-05-10 21:53:14,星野茶·地铁口店,杨枝甘露,果茶,18,2,0,36,15.0,外卖饿了么,普通会员,0
O10605,2026-05-10 11:16:23,星野茶·万达店,生椰拿铁,咖啡,16,2,0,32,12.0,小程序,新客,0
O10606,2026-05-10 14:02:14,星野茶·万达店,生椰拿铁,咖啡,16,1,0,16,6.0,小程序,新客,0
O10607,2026-05-10 19:39:57,星野茶·万达店,杨枝甘露,果茶,18,2,0,36,15.0,外卖饿了么,金卡,0
O10608,2026-05-10 18:32:53,星野茶·地铁口店,芋泥波波,奶茶,17,1,0,17,6.5,外卖饿了么,非会员,0
O10609,2026-05-10 13:17:19,星野茶·大学城店,多肉葡萄,果茶,19,1,0,19,8.0,堂食,新客,0
O10610,2026-05-10 17:50:18,星野茶·地铁口店,杨枝甘露,果茶,18,2,0,36,15.0,外卖饿了么,非会员,0
O10611,2026-05-10 18:27:40,星野茶·大学城店,生椰拿铁,咖啡,16,2,0,32,12.0,外卖饿了么,新客,0
O10612,2026-05-10 15:20:16,星野茶·地铁口店,生椰拿铁,咖啡,16,1,0,16,6.0,外卖饿了么,银卡,0
O10613,2026-05-10 14:02:10,星野茶·大学城店,柠檬绿茶,果茶,12,1,1.2,10.8,3.5,小程序,金卡,0
O10614,2026-05-10 21:21:24,星野茶·地铁口店,芋泥波波,奶茶,17,2,3.4,30.6,13.0,小程序,银卡,0
O10615,2026-05-10 19:36:10,星野茶·万达店,杨枝甘露,果茶,18,1,0,18,7.5,堂食,金卡,0
O10616,2026-05-10 14:15:13,星野茶·万达店,柠檬绿茶,果茶,12,1,1.2,10.8,3.5,外卖美团,银卡,0
O10617,2026-05-10 12:31:11,星野茶·万达店,奥利奥奶昔,奶茶,18,1,0,18,7.0,外卖饿了么,银卡,0
O10618,2026-05-10 11:43:43,星野茶·大学城店,生椰拿铁,咖啡,16,1,0,16,6.0,外卖美团,金卡,0
O10619,2026-05-10 15:36:06,星野茶·大学城店,多肉葡萄,果茶,19,1,1.9,17.1,8.0,外卖美团,非会员,0
O10620,2026-05-10 15:46:06,星野茶·大学城店,芋泥波波,奶茶,17,1,0,17,6.5,外卖饿了么,金卡,0
O10621,2026-05-10 11:54:35,星野茶·地铁口店,杨枝甘露,果茶,18,1,0,18,7.5,小程序,金卡,0
O10622,2026-05-10 13:24:15,星野茶·大学城店,多肉葡萄,果茶,19,2,3.8,34.2,16.0,外卖美团,金卡,0
O10623,2026-05-10 14:45:07,星野茶·地铁口店,美式咖啡,咖啡,11,1,0,11,3.0,堂食,金卡,0
O10624,2026-05-10 13:11:29,星野茶·大学城店,柠檬绿茶,果茶,12,1,0,12,3.5,小程序,银卡,0
O10625,2026-05-10 13:20:26,星野茶·地铁口店,柠檬绿茶,果茶,12,1,0,12,3.5,堂食,普通会员,0
O10626,2026-05-10 21:59:28,星野茶·大学城店,奥利奥奶昔,奶茶,18,1,0,18,7.0,外卖饿了么,普通会员,0
O10627,2026-05-10 13:43:29,星野茶·万达店,杨枝甘露,果茶,18,1,1.8,16.2,7.5,小程序,银卡,0
O10628,2026-05-10 11:43:46,星野茶·大学城店,生椰拿铁,咖啡,16,2,0,32,12.0,外卖美团,银卡,0
O10629,2026-05-10 21:13:55,星野茶·万达店,美式咖啡,咖啡,11,1,0,11,3.0,小程序,普通会员,0
O10630,2026-05-10 21:23:09,星野茶·万达店,伯牙绝弦,茶底,15,1,0,15,5.5,堂食,金卡,0
O10631,2026-05-10 19:12:11,星野茶·大学城店,多肉葡萄,果茶,19,2,0,38,16.0,外卖饿了么,普通会员,0
O10632,2026-05-10 21:12:51,星野茶·万达店,生椰拿铁,咖啡,16,1,0,16,6.0,外卖饿了么,银卡,0
O10633,2026-05-10 14:50:31,星野茶·万达店,杨枝甘露,果茶,18,1,0,18,7.5,堂食,新客,0
O10634,2026-05-10 14:37:26,星野茶·大学城店,生椰拿铁,咖啡,16,1,1.6,14.4,6.0,堂食,非会员,0
O10635,2026-05-10 11:07:26,星野茶·地铁口店,美式咖啡,咖啡,11,1,0,11,3.0,外卖美团,新客,0
O10636,2026-05-10 13:04:31,星野茶·大学城店,奥利奥奶昔,奶茶,18,1,0,18,7.0,外卖美团,普通会员,0
O10637,2026-05-10 17:52:47,星野茶·万达店,杨枝甘露,果茶,18,1,0,18,7.5,外卖饿了么,银卡,0
O10638,2026-05-10 13:22:51,星野茶·大学城店,杨枝甘露,果茶,18,1,0,18,7.5,小程序,普通会员,0
O10639,2026-05-10 20:36:50,星野茶·地铁口店,多肉葡萄,果茶,19,1,1.9,17.1,8.0,小程序,非会员,0
O10640,2026-05-10 12:31:44,星野茶·万达店,伯牙绝弦,茶底,15,1,0,15,5.5,外卖美团,普通会员,0
O10641,2026-05-10 16:03:35,星野茶·地铁口店,芋泥波波,奶茶,17,1,0,17,6.5,外卖美团,金卡,0
O10642,2026-05-10 15:33:05,星野茶·地铁口店,杨枝甘露,果茶,18,1,0,18,7.5,外卖饿了么,非会员,0
O10643,2026-05-10 11:22:00,星野茶·万达店,芋泥波波,奶茶,17,1,0,17,6.5,堂食,新客,0
O10644,2026-05-10 12:45:26,星野茶·大学城店,多肉葡萄,果茶,19,1,0,19,8.0,堂食,非会员,0
O10645,2026-05-10 17:31:04,星野茶·地铁口店,柠檬绿茶,果茶,12,1,0,12,3.5,小程序,新客,0
O10646,2026-05-10 16:08:42,星野茶·大学城店,奥利奥奶昔,奶茶,18,1,1.8,16.2,7.0,外卖饿了么,非会员,0
O10647,2026-05-10 17:54:57,星野茶·地铁口店,柠檬绿茶,果茶,12,1,0,12,3.5,外卖饿了么,新客,0
O10648,2026-05-10 17:23:49,星野茶·大学城店,生椰拿铁,咖啡,16,1,0,16,6.0,堂食,银卡,0
O10649,2026-05-10 11:36:22,星野茶·万达店,生椰拿铁,咖啡,16,2,0,32,12.0,小程序,普通会员,0
O10650,2026-05-10 21:51:33,星野茶·大学城店,杨枝甘露,果茶,18,1,0,18,7.5,小程序,银卡,0
O10651,2026-05-10 19:46:03,星野茶·地铁口店,生椰拿铁,咖啡,16,2,3.2,28.8,12.0,小程序,银卡,0
O10652,2026-05-10 12:59:06,星野茶·地铁口店,生椰拿铁,咖啡,16,2,0,32,12.0,堂食,非会员,0
O10653,2026-05-10 14:19:54,星野茶·地铁口店,伯牙绝弦,茶底,15,2,0,30,11.0,外卖饿了么,非会员,0
O10654,2026-05-10 16:52:05,星野茶·地铁口店,生椰拿铁,咖啡,16,1,0,16,6.0,小程序,普通会员,0
O10655,2026-05-10 19:14:17,星野茶·地铁口店,芋泥波波,奶茶,17,1,0,17,6.5,外卖饿了么,普通会员,0
O10656,2026-05-10 13:00:48,星野茶·万达店,杨枝甘露,果茶,18,1,1.8,16.2,7.5,外卖美团,金卡,0
O10657,2026-05-11 13:36:16,星野茶·大学城店,伯牙绝弦,茶底,15,1,1.5,13.5,5.5,外卖饿了么,非会员,0
O10658,2026-05-11 15:57:23,星野茶·地铁口店,美式咖啡,咖啡,11,1,0,11,3.0,小程序,新客,0
O10659,2026-05-11 16:00:04,星野茶·大学城店,伯牙绝弦,茶底,15,1,0,15,5.5,堂食,非会员,0
O10660,2026-05-11 16:29:36,星野茶·万达店,伯牙绝弦,茶底,15,1,0,15,5.5,小程序,新客,0
O10661,2026-05-11 14:14:01,星野茶·地铁口店,芋泥波波,奶茶,17,1,0,17,6.5,外卖饿了么,金卡,0
O10662,2026-05-11 20:34:25,星野茶·大学城店,美式咖啡,咖啡,11,2,0,22,6.0,外卖美团,普通会员,0
O10663,2026-05-11 20:48:33,星野茶·万达店,杨枝甘露,果茶,18,1,1.8,16.2,7.5,小程序,非会员,0
O10664,2026-05-11 20:58:37,星野茶·地铁口店,生椰拿铁,咖啡,16,1,0,16,6.0,外卖饿了么,新客,0
O10665,2026-05-11 13:59:37,星野茶·地铁口店,多肉葡萄,果茶,19,1,1.9,17.1,8.0,外卖饿了么,银卡,0
O10666,2026-05-11 13:06:29,星野茶·万达店,生椰拿铁,咖啡,16,1,0,16,6.0,外卖美团,金卡,0
O10667,2026-05-11 12:24:19,星野茶·地铁口店,生椰拿铁,咖啡,16,1,0,16,6.0,外卖饿了么,金卡,0
O10668,2026-05-11 14:29:43,星野茶·地铁口店,柠檬绿茶,果茶,12,1,0,12,3.5,外卖美团,金卡,0
O10669,2026-05-11 11:18:23,星野茶·大学城店,杨枝甘露,果茶,18,1,0,18,7.5,堂食,非会员,0
O10670,2026-05-11 14:19:48,星野茶·地铁口店,杨枝甘露,果茶,18,1,0,18,7.5,堂食,金卡,0
O10671,2026-05-11 19:37:15,星野茶·地铁口店,美式咖啡,咖啡,11,2,0,22,6.0,堂食,非会员,0
O10672,2026-05-11 17:21:45,星野茶·大学城店,多肉葡萄,果茶,19,2,0,38,16.0,外卖美团,金卡,0
O10673,2026-05-11 19:47:33,星野茶·地铁口店,生椰拿铁,咖啡,16,1,0,16,6.0,外卖美团,银卡,0
O10674,2026-05-11 15:51:12,星野茶·地铁口店,芋泥波波,奶茶,17,1,0,17,6.5,堂食,新客,0
O10675,2026-05-11 18:32:45,星野茶·大学城店,杨枝甘露,果茶,18,2,3.6,32.4,15.0,外卖饿了么,金卡,0
O10676,2026-05-11 11:05:55,星野茶·地铁口店,奥利奥奶昔,奶茶,18,1,0,18,7.0,小程序,普通会员,0
O10677,2026-05-11 20:19:24,星野茶·地铁口店,生椰拿铁,咖啡,16,1,0,16,6.0,外卖美团,金卡,0
O10678,2026-05-11 15:03:48,星野茶·万达店,生椰拿铁,咖啡,16,1,1.6,14.4,6.0,外卖饿了么,普通会员,0
O10679,2026-05-11 15:38:20,星野茶·地铁口店,伯牙绝弦,茶底,15,1,0,15,5.5,外卖美团,普通会员,0
O10680,2026-05-11 15:52:07,星野茶·地铁口店,芋泥波波,奶茶,17,1,0,17,6.5,外卖饿了么,非会员,0
O10681,2026-05-11 12:49:07,星野茶·地铁口店,杨枝甘露,果茶,18,1,0,18,7.5,外卖饿了么,普通会员,0
O10682,2026-05-11 12:02:56,星野茶·大学城店,柠檬绿茶,果茶,12,1,0,12,3.5,外卖饿了么,金卡,0
O10683,2026-05-11 13:25:49,星野茶·万达店,杨枝甘露,果茶,18,1,0,18,7.5,外卖美团,金卡,0
O10684,2026-05-11 15:43:54,星野茶·地铁口店,柠檬绿茶,果茶,12,1,0,12,3.5,外卖美团,新客,0
O10685,2026-05-11 20:57:00,星野茶·地铁口店,柠檬绿茶,果茶,12,2,0,24,7.0,堂食,银卡,0
O10686,2026-05-11 20:01:28,星野茶·大学城店,芋泥波波,奶茶,17,1,0,17,6.5,堂食,非会员,0
O10687,2026-05-11 21:18:31,星野茶·万达店,奥利奥奶昔,奶茶,18,1,1.8,16.2,7.0,堂食,新客,0
O10688,2026-05-11 13:39:38,星野茶·万达店,多肉葡萄,果茶,19,1,0,19,8.0,小程序,金卡,0
O10689,2026-05-11 20:02:15,星野茶·万达店,多肉葡萄,果茶,19,1,1.9,17.1,8.0,外卖美团,普通会员,0
O10690,2026-05-11 19:25:37,星野茶·大学城店,杨枝甘露,果茶,18,2,0,36,15.0,外卖饿了么,普通会员,0
O10691,2026-05-11 13:16:28,星野茶·万达店,杨枝甘露,果茶,18,2,0,36,15.0,外卖美团,金卡,0
O10692,2026-05-11 13:33:10,星野茶·大学城店,芋泥波波,奶茶,17,1,0,17,6.5,堂食,非会员,0
O10693,2026-05-11 12:46:37,星野茶·地铁口店,奥利奥奶昔,奶茶,18,1,0,18,7.0,堂食,金卡,0
O10694,2026-05-11 14:07:59,星野茶·万达店,芋泥波波,奶茶,17,1,1.7,15.3,6.5,小程序,金卡,0
O10695,2026-05-11 17:58:47,星野茶·万达店,柠檬绿茶,果茶,12,1,1.2,10.8,3.5,外卖饿了么,银卡,0
O10696,2026-05-11 16:05:42,星野茶·万达店,杨枝甘露,果茶,18,1,0,18,7.5,外卖饿了么,新客,0
O10697,2026-05-11 15:31:23,星野茶·万达店,芋泥波波,奶茶,17,1,0,17,6.5,堂食,银卡,0
O10698,2026-05-11 16:13:37,星野茶·大学城店,奥利奥奶昔,奶茶,18,1,0,18,7.0,外卖美团,非会员,0
O10699,2026-05-11 18:59:26,星野茶·地铁口店,柠檬绿茶,果茶,12,1,1.2,10.8,3.5,小程序,银卡,0
O10700,2026-05-11 21:31:41,星野茶·地铁口店,柠檬绿茶,果茶,12,1,0,12,3.5,外卖美团,非会员,0
O10701,2026-05-11 21:23:29,星野茶·大学城店,芋泥波波,奶茶,17,1,0,17,6.5,小程序,银卡,0
O10702,2026-05-11 20:42:35,星野茶·万达店,杨枝甘露,果茶,18,2,0,36,15.0,外卖美团,金卡,0
O10703,2026-05-11 20:04:21,星野茶·万达店,杨枝甘露,果茶,18,2,0,36,15.0,小程序,普通会员,1
O10704,2026-05-11 19:04:54,星野茶·大学城店,杨枝甘露,果茶,18,1,0,18,7.5,外卖美团,金卡,0
O10705,2026-05-11 17:59:04,星野茶·大学城店,美式咖啡,咖啡,11,2,0,22,6.0,外卖美团,普通会员,0
O10706,2026-05-12 15:53:43,星野茶·大学城店,杨枝甘露,果茶,18,1,1.8,16.2,7.5,堂食,银卡,0
O10707,2026-05-12 13:21:38,星野茶·大学城店,杨枝甘露,果茶,18,1,1.8,16.2,7.5,堂食,普通会员,0
O10708,2026-05-12 19:28:02,星野茶·地铁口店,奥利奥奶昔,奶茶,18,1,0,18,7.0,外卖美团,金卡,0
O10709,2026-05-12 13:21:13,星野茶·万达店,柠檬绿茶,果茶,12,1,1.2,10.8,3.5,堂食,普通会员,0
O10710,2026-05-12 19:47:09,星野茶·大学城店,奥利奥奶昔,奶茶,18,1,1.8,16.2,7.0,外卖饿了么,非会员,0
O10711,2026-05-12 14:43:31,星野茶·大学城店,生椰拿铁,咖啡,16,1,1.6,14.4,6.0,小程序,普通会员,0
O10712,2026-05-12 15:12:27,星野茶·万达店,伯牙绝弦,茶底,15,1,1.5,13.5,5.5,小程序,非会员,0
O10713,2026-05-12 12:11:15,星野茶·地铁口店,杨枝甘露,果茶,18,1,1.8,16.2,7.5,外卖饿了么,金卡,0
O10714,2026-05-12 12:50:11,星野茶·地铁口店,多肉葡萄,果茶,19,1,0,19,8.0,外卖饿了么,非会员,0
O10715,2026-05-12 15:52:29,星野茶·大学城店,伯牙绝弦,茶底,15,1,0,15,5.5,外卖饿了么,普通会员,0
O10716,2026-05-12 19:15:48,星野茶·大学城店,奥利奥奶昔,奶茶,18,1,0,18,7.0,外卖美团,金卡,0
O10717,2026-05-12 19:42:59,星野茶·地铁口店,生椰拿铁,咖啡,16,2,0,32,12.0,小程序,金卡,0
O10718,2026-05-12 19:08:00,星野茶·大学城店,奥利奥奶昔,奶茶,18,1,0,18,7.0,堂食,普通会员,0
O10719,2026-05-12 12:27:26,星野茶·万达店,美式咖啡,咖啡,11,1,0,11,3.0,小程序,金卡,0
O10720,2026-05-12 19:35:37,星野茶·地铁口店,生椰拿铁,咖啡,16,1,0,16,6.0,外卖饿了么,金卡,0
O10721,2026-05-12 17:40:39,星野茶·万达店,杨枝甘露,果茶,18,1,0,18,7.5,堂食,非会员,0
O10722,2026-05-12 20:27:58,星野茶·万达店,美式咖啡,咖啡,11,1,0,11,3.0,外卖美团,非会员,0
O10723,2026-05-12 21:18:30,星野茶·大学城店,多肉葡萄,果茶,19,1,0,19,8.0,外卖美团,新客,0
O10724,2026-05-12 15:50:54,星野茶·地铁口店,生椰拿铁,咖啡,16,1,0,16,6.0,外卖美团,金卡,0
O10725,2026-05-12 14:14:15,星野茶·地铁口店,芋泥波波,奶茶,17,1,1.7,15.3,6.5,外卖饿了么,银卡,0
O10726,2026-05-12 13:25:26,星野茶·地铁口店,美式咖啡,咖啡,11,1,0,11,3.0,堂食,普通会员,0
O10727,2026-05-12 19:14:29,星野茶·万达店,杨枝甘露,果茶,18,1,0,18,7.5,外卖美团,新客,0
O10728,2026-05-12 18:35:44,星野茶·万达店,多肉葡萄,果茶,19,1,0,19,8.0,堂食,非会员,0
O10729,2026-05-12 19:40:28,星野茶·地铁口店,生椰拿铁,咖啡,16,1,0,16,6.0,外卖美团,新客,0
O10730,2026-05-12 21:07:45,星野茶·大学城店,柠檬绿茶,果茶,12,1,0,12,3.5,堂食,金卡,0
O10731,2026-05-12 21:52:22,星野茶·万达店,芋泥波波,奶茶,17,1,1.7,15.3,6.5,小程序,非会员,0
O10732,2026-05-12 17:37:57,星野茶·地铁口店,美式咖啡,咖啡,11,2,2.2,19.8,6.0,堂食,金卡,0
O10733,2026-05-12 21:31:08,星野茶·万达店,柠檬绿茶,果茶,12,1,0,12,3.5,小程序,银卡,0
O10734,2026-05-12 21:36:42,星野茶·大学城店,伯牙绝弦,茶底,15,1,0,15,5.5,堂食,普通会员,0
O10735,2026-05-12 19:44:55,星野茶·大学城店,美式咖啡,咖啡,11,1,1.1,9.9,3.0,堂食,金卡,0
O10736,2026-05-12 13:05:05,星野茶·万达店,杨枝甘露,果茶,18,1,0,18,7.5,外卖饿了么,非会员,0
O10737,2026-05-12 20:15:41,星野茶·万达店,芋泥波波,奶茶,17,1,0,17,6.5,外卖美团,银卡,0
O10738,2026-05-12 13:28:42,星野茶·大学城店,生椰拿铁,咖啡,16,1,0,16,6.0,小程序,新客,0
O10739,2026-05-12 14:49:36,星野茶·大学城店,奥利奥奶昔,奶茶,18,1,1.8,16.2,7.0,小程序,银卡,0
O10740,2026-05-12 18:48:45,星野茶·万达店,芋泥波波,奶茶,17,1,1.7,15.3,6.5,外卖美团,银卡,0
O10741,2026-05-12 20:08:37,星野茶·大学城店,杨枝甘露,果茶,18,2,0,36,15.0,外卖饿了么,非会员,0
O10742,2026-05-12 15:19:41,星野茶·万达店,生椰拿铁,咖啡,16,1,0,16,6.0,外卖美团,新客,0
O10743,2026-05-12 17:09:58,星野茶·万达店,生椰拿铁,咖啡,16,2,0,32,12.0,堂食,新客,0
O10744,2026-05-12 15:50:49,星野茶·地铁口店,伯牙绝弦,茶底,15,2,0,30,11.0,小程序,新客,0
O10745,2026-05-12 16:23:24,星野茶·大学城店,奥利奥奶昔,奶茶,18,1,0,18,7.0,外卖饿了么,非会员,0
O10746,2026-05-12 18:16:40,星野茶·万达店,奥利奥奶昔,奶茶,18,2,0,36,14.0,外卖饿了么,银卡,0
O10747,2026-05-12 21:09:43,星野茶·地铁口店,伯牙绝弦,茶底,15,1,0,15,5.5,外卖美团,金卡,0
O10748,2026-05-12 20:37:32,星野茶·大学城店,杨枝甘露,果茶,18,2,0,36,15.0,小程序,普通会员,0
O10749,2026-05-12 14:26:00,星野茶·万达店,多肉葡萄,果茶,19,1,0,19,8.0,外卖美团,金卡,0
O10750,2026-05-13 17:55:54,星野茶·万达店,生椰拿铁,咖啡,16,1,0,16,6.0,外卖美团,银卡,0
O10751,2026-05-13 20:49:35,星野茶·万达店,奥利奥奶昔,奶茶,18,2,0,36,14.0,小程序,新客,0
O10752,2026-05-13 14:46:17,星野茶·万达店,多肉葡萄,果茶,19,1,0,19,8.0,小程序,非会员,0
O10753,2026-05-13 20:49:37,星野茶·地铁口店,柠檬绿茶,果茶,12,1,1.2,10.8,3.5,小程序,普通会员,0
O10754,2026-05-13 12:57:21,星野茶·大学城店,奥利奥奶昔,奶茶,18,1,0,18,7.0,外卖饿了么,非会员,0
O10755,2026-05-13 20:24:11,星野茶·大学城店,柠檬绿茶,果茶,12,1,0,12,3.5,外卖美团,新客,0
O10756,2026-05-13 18:29:07,星野茶·大学城店,伯牙绝弦,茶底,15,1,0,15,5.5,外卖饿了么,新客,0
O10757,2026-05-13 12:56:37,星野茶·地铁口店,杨枝甘露,果茶,18,1,1.8,16.2,7.5,小程序,银卡,0
O10758,2026-05-13 21:36:27,星野茶·大学城店,杨枝甘露,果茶,18,1,0,18,7.5,外卖饿了么,新客,0
O10759,2026-05-13 16:56:28,星野茶·大学城店,柠檬绿茶,果茶,12,1,0,12,3.5,外卖饿了么,金卡,0
O10760,2026-05-13 13:32:43,星野茶·大学城店,生椰拿铁,咖啡,16,1,0,16,6.0,外卖美团,新客,0
O10761,2026-05-13 14:28:56,星野茶·大学城店,奥利奥奶昔,奶茶,18,1,0,18,7.0,小程序,非会员,0
O10762,2026-05-13 15:34:47,星野茶·大学城店,奥利奥奶昔,奶茶,18,1,0,18,7.0,小程序,新客,0
O10763,2026-05-13 21:52:36,星野茶·大学城店,生椰拿铁,咖啡,16,2,0,32,12.0,堂食,新客,0
O10764,2026-05-13 20:25:02,星野茶·大学城店,多肉葡萄,果茶,19,1,1.9,17.1,8.0,外卖美团,银卡,0
O10765,2026-05-13 15:53:51,星野茶·大学城店,杨枝甘露,果茶,18,1,0,18,7.5,堂食,非会员,0
O10766,2026-05-13 15:19:46,星野茶·大学城店,杨枝甘露,果茶,18,1,0,18,7.5,外卖美团,银卡,0
O10767,2026-05-13 17:14:42,星野茶·大学城店,杨枝甘露,果茶,18,1,0,18,7.5,外卖饿了么,普通会员,0
O10768,2026-05-13 18:15:09,星野茶·地铁口店,美式咖啡,咖啡,11,1,1.1,9.9,3.0,外卖饿了么,普通会员,0
O10769,2026-05-13 15:35:38,星野茶·地铁口店,生椰拿铁,咖啡,16,1,0,16,6.0,小程序,非会员,0
O10770,2026-05-13 13:33:31,星野茶·万达店,生椰拿铁,咖啡,16,1,0,16,6.0,外卖美团,普通会员,0
O10771,2026-05-13 12:35:05,星野茶·万达店,杨枝甘露,果茶,18,1,0,18,7.5,堂食,新客,0
O10772,2026-05-13 19:28:24,星野茶·大学城店,多肉葡萄,果茶,19,1,1.9,17.1,8.0,小程序,普通会员,0
O10773,2026-05-13 13:17:40,星野茶·大学城店,多肉葡萄,果茶,19,1,1.9,17.1,8.0,堂食,银卡,0
O10774,2026-05-13 18:27:48,星野茶·地铁口店,生椰拿铁,咖啡,16,1,0,16,6.0,外卖饿了么,新客,0
O10775,2026-05-13 15:43:18,星野茶·地铁口店,多肉葡萄,果茶,19,1,0,19,8.0,外卖美团,金卡,0
O10776,2026-05-13 17:52:04,星野茶·地铁口店,杨枝甘露,果茶,18,1,0,18,7.5,堂食,非会员,0
O10777,2026-05-13 21:58:49,星野茶·地铁口店,芋泥波波,奶茶,17,2,0,34,13.0,小程序,银卡,0
O10778,2026-05-13 16:49:02,星野茶·地铁口店,奥利奥奶昔,奶茶,18,1,1.8,16.2,7.0,小程序,金卡,0
O10779,2026-05-13 13:29:04,星野茶·地铁口店,美式咖啡,咖啡,11,1,0,11,3.0,小程序,非会员,0
O10780,2026-05-13 14:52:34,星野茶·万达店,柠檬绿茶,果茶,12,1,1.2,10.8,3.5,小程序,非会员,0
O10781,2026-05-13 18:21:22,星野茶·万达店,奥利奥奶昔,奶茶,18,1,0,18,7.0,堂食,银卡,0
O10782,2026-05-13 20:49:09,星野茶·大学城店,伯牙绝弦,茶底,15,1,0,15,5.5,堂食,非会员,0
O10783,2026-05-13 16:30:31,星野茶·地铁口店,美式咖啡,咖啡,11,1,0,11,3.0,小程序,金卡,0
O10784,2026-05-13 11:26:17,星野茶·大学城店,伯牙绝弦,茶底,15,1,0,15,5.5,外卖美团,新客,0
O10785,2026-05-13 11:57:04,星野茶·大学城店,杨枝甘露,果茶,18,1,0,18,7.5,小程序,非会员,0
O10786,2026-05-13 16:21:38,星野茶·地铁口店,美式咖啡,咖啡,11,1,0,11,3.0,外卖饿了么,新客,0
O10787,2026-05-13 20:04:56,星野茶·地铁口店,奥利奥奶昔,奶茶,18,1,0,18,7.0,小程序,普通会员,0
O10788,2026-05-13 16:39:00,星野茶·万达店,芋泥波波,奶茶,17,1,0,17,6.5,堂食,金卡,0
O10789,2026-05-13 19:13:19,星野茶·大学城店,奥利奥奶昔,奶茶,18,2,3.6,32.4,14.0,外卖饿了么,新客,0
O10790,2026-05-13 13:20:36,星野茶·万达店,芋泥波波,奶茶,17,1,1.7,15.3,6.5,外卖饿了么,普通会员,0
O10791,2026-05-13 13:46:08,星野茶·大学城店,生椰拿铁,咖啡,16,1,0,16,6.0,小程序,普通会员,0
O10792,2026-05-13 20:21:06,星野茶·大学城店,生椰拿铁,咖啡,16,1,0,16,6.0,外卖美团,普通会员,0
O10793,2026-05-14 18:51:44,星野茶·地铁口店,伯牙绝弦,茶底,15,1,0,15,5.5,堂食,新客,0
O10794,2026-05-14 19:42:07,星野茶·地铁口店,多肉葡萄,果茶,19,1,0,19,8.0,外卖美团,新客,0
O10795,2026-05-14 14:22:28,星野茶·万达店,伯牙绝弦,茶底,15,1,0,15,5.5,堂食,新客,0
O10796,2026-05-14 17:16:00,星野茶·大学城店,生椰拿铁,咖啡,16,1,0,16,6.0,堂食,非会员,0
O10797,2026-05-14 15:14:08,星野茶·地铁口店,多肉葡萄,果茶,19,1,1.9,17.1,8.0,外卖美团,金卡,0
O10798,2026-05-14 19:04:41,星野茶·大学城店,杨枝甘露,果茶,18,2,0,36,15.0,小程序,金卡,0
O10799,2026-05-14 12:38:44,星野茶·万达店,芋泥波波,奶茶,17,1,0,17,6.5,小程序,金卡,0
O10800,2026-05-14 19:24:05,星野茶·大学城店,奥利奥奶昔,奶茶,18,1,0,18,7.0,小程序,金卡,0
O10801,2026-05-14 19:50:33,星野茶·万达店,美式咖啡,咖啡,11,2,0,22,6.0,小程序,新客,0
O10802,2026-05-14 12:19:11,星野茶·大学城店,多肉葡萄,果茶,19,1,0,19,8.0,堂食,金卡,0
O10803,2026-05-14 18:21:24,星野茶·大学城店,芋泥波波,奶茶,17,1,0,17,6.5,小程序,金卡,0
O10804,2026-05-14 11:44:16,星野茶·大学城店,杨枝甘露,果茶,18,1,0,18,7.5,外卖美团,普通会员,0
O10805,2026-05-14 11:59:52,星野茶·地铁口店,生椰拿铁,咖啡,16,1,0,16,6.0,外卖饿了么,普通会员,0
O10806,2026-05-14 17:29:47,星野茶·地铁口店,多肉葡萄,果茶,19,1,0,19,8.0,外卖美团,银卡,0
O10807,2026-05-14 19:07:36,星野茶·地铁口店,生椰拿铁,咖啡,16,1,0,16,6.0,外卖美团,非会员,0
O10808,2026-05-14 21:24:45,星野茶·地铁口店,生椰拿铁,咖啡,16,1,1.6,14.4,6.0,外卖美团,银卡,0
O10809,2026-05-14 17:45:53,星野茶·地铁口店,柠檬绿茶,果茶,12,2,0,24,7.0,外卖美团,普通会员,0
O10810,2026-05-14 13:46:20,星野茶·地铁口店,伯牙绝弦,茶底,15,1,0,15,5.5,外卖美团,银卡,0
O10811,2026-05-14 15:10:36,星野茶·大学城店,伯牙绝弦,茶底,15,1,1.5,13.5,5.5,小程序,非会员,0
O10812,2026-05-14 21:53:26,星野茶·万达店,伯牙绝弦,茶底,15,1,0,15,5.5,外卖美团,银卡,0
O10813,2026-05-14 20:28:04,星野茶·万达店,杨枝甘露,果茶,18,2,0,36,15.0,小程序,非会员,0
O10814,2026-05-14 15:54:20,星野茶·地铁口店,美式咖啡,咖啡,11,1,0,11,3.0,外卖饿了么,普通会员,0
O10815,2026-05-14 21:12:03,星野茶·大学城店,杨枝甘露,果茶,18,1,0,18,7.5,外卖美团,非会员,0
O10816,2026-05-14 18:53:01,星野茶·万达店,生椰拿铁,咖啡,16,1,1.6,14.4,6.0,外卖美团,非会员,0
O10817,2026-05-14 14:27:50,星野茶·万达店,杨枝甘露,果茶,18,1,0,18,7.5,堂食,金卡,0
O10818,2026-05-14 17:20:10,星野茶·万达店,伯牙绝弦,茶底,15,1,1.5,13.5,5.5,外卖饿了么,银卡,0
O10819,2026-05-14 14:25:33,星野茶·大学城店,柠檬绿茶,果茶,12,1,0,12,3.5,外卖美团,银卡,0
O10820,2026-05-14 19:12:11,星野茶·大学城店,柠檬绿茶,果茶,12,1,0,12,3.5,外卖美团,银卡,0
O10821,2026-05-14 19:05:23,星野茶·地铁口店,芋泥波波,奶茶,17,1,1.7,15.3,6.5,外卖饿了么,银卡,0
O10822,2026-05-14 14:50:30,星野茶·万达店,芋泥波波,奶茶,17,1,0,17,6.5,外卖美团,普通会员,0
O10823,2026-05-14 20:23:52,星野茶·万达店,美式咖啡,咖啡,11,1,0,11,3.0,外卖美团,普通会员,0
O10824,2026-05-14 16:01:40,星野茶·大学城店,伯牙绝弦,茶底,15,1,0,15,5.5,外卖美团,银卡,0
O10825,2026-05-14 12:43:16,星野茶·大学城店,美式咖啡,咖啡,11,1,0,11,3.0,小程序,金卡,0
O10826,2026-05-14 15:18:23,星野茶·地铁口店,柠檬绿茶,果茶,12,1,0,12,3.5,外卖饿了么,金卡,0
O10827,2026-05-14 16:12:16,星野茶·地铁口店,奥利奥奶昔,奶茶,18,1,0,18,7.0,小程序,非会员,0
O10828,2026-05-14 19:55:51,星野茶·万达店,生椰拿铁,咖啡,16,1,0,16,6.0,堂食,普通会员,0
O10829,2026-05-14 15:55:28,星野茶·地铁口店,奥利奥奶昔,奶茶,18,1,0,18,7.0,小程序,金卡,0
O10830,2026-05-15 15:56:03,星野茶·万达店,杨枝甘露,果茶,18,1,0,18,7.5,外卖美团,新客,0
O10831,2026-05-15 17:47:18,星野茶·万达店,杨枝甘露,果茶,18,1,0,18,7.5,堂食,银卡,0
O10832,2026-05-15 17:14:45,星野茶·万达店,柠檬绿茶,果茶,12,1,1.2,10.8,3.5,外卖美团,非会员,0
O10833,2026-05-15 13:04:43,星野茶·万达店,生椰拿铁,咖啡,16,1,1.6,14.4,6.0,外卖美团,银卡,0
O10834,2026-05-15 17:57:39,星野茶·地铁口店,杨枝甘露,果茶,18,1,0,18,7.5,堂食,普通会员,0
O10835,2026-05-15 16:05:15,星野茶·万达店,杨枝甘露,果茶,18,1,1.8,16.2,7.5,堂食,新客,0
O10836,2026-05-15 14:38:59,星野茶·万达店,杨枝甘露,果茶,18,1,0,18,7.5,外卖饿了么,非会员,0
O10837,2026-05-15 16:27:22,星野茶·地铁口店,杨枝甘露,果茶,18,2,0,36,15.0,外卖美团,金卡,0
O10838,2026-05-15 12:33:09,星野茶·万达店,伯牙绝弦,茶底,15,1,1.5,13.5,5.5,外卖饿了么,金卡,0
O10839,2026-05-15 11:58:21,星野茶·万达店,多肉葡萄,果茶,19,1,0,19,8.0,外卖美团,金卡,0
O10840,2026-05-15 18:15:58,星野茶·万达店,杨枝甘露,果茶,18,1,1.8,16.2,7.5,外卖饿了么,金卡,0
O10841,2026-05-15 16:45:15,星野茶·地铁口店,奥利奥奶昔,奶茶,18,1,0,18,7.0,外卖美团,金卡,0
O10842,2026-05-15 16:40:18,星野茶·万达店,杨枝甘露,果茶,18,1,1.8,16.2,7.5,小程序,普通会员,1
O10843,2026-05-15 11:59:35,星野茶·万达店,杨枝甘露,果茶,18,1,0,18,7.5,外卖美团,金卡,0
O10844,2026-05-15 20:20:51,星野茶·万达店,杨枝甘露,果茶,18,1,0,18,7.5,小程序,银卡,0
O10845,2026-05-15 14:10:56,星野茶·大学城店,芋泥波波,奶茶,17,1,0,17,6.5,小程序,银卡,0
O10846,2026-05-15 19:00:10,星野茶·万达店,生椰拿铁,咖啡,16,1,1.6,14.4,6.0,外卖美团,非会员,0
O10847,2026-05-15 20:48:45,星野茶·地铁口店,美式咖啡,咖啡,11,1,1.1,9.9,3.0,小程序,普通会员,0
O10848,2026-05-15 18:55:54,星野茶·地铁口店,芋泥波波,奶茶,17,1,0,17,6.5,外卖饿了么,金卡,0
O10849,2026-05-15 14:21:03,星野茶·地铁口店,奥利奥奶昔,奶茶,18,1,0,18,7.0,外卖饿了么,金卡,0
O10850,2026-05-15 16:50:38,星野茶·大学城店,多肉葡萄,果茶,19,2,0,38,16.0,外卖美团,新客,0
O10851,2026-05-15 16:51:10,星野茶·万达店,美式咖啡,咖啡,11,1,0,11,3.0,小程序,金卡,0
O10852,2026-05-15 16:34:02,星野茶·地铁口店,伯牙绝弦,茶底,15,2,0,30,11.0,外卖美团,新客,0
O10853,2026-05-15 11:12:55,星野茶·地铁口店,生椰拿铁,咖啡,16,1,0,16,6.0,外卖饿了么,普通会员,0
O10854,2026-05-15 11:09:20,星野茶·万达店,杨枝甘露,果茶,18,2,0,36,15.0,外卖饿了么,银卡,0
O10855,2026-05-15 11:28:45,星野茶·地铁口店,伯牙绝弦,茶底,15,1,0,15,5.5,小程序,普通会员,0
O10856,2026-05-15 18:10:20,星野茶·地铁口店,杨枝甘露,果茶,18,2,0,36,15.0,堂食,新客,0
O10857,2026-05-15 12:26:49,星野茶·大学城店,芋泥波波,奶茶,17,1,0,17,6.5,外卖美团,非会员,0
O10858,2026-05-15 11:41:18,星野茶·大学城店,伯牙绝弦,茶底,15,2,0,30,11.0,外卖饿了么,普通会员,0
O10859,2026-05-15 16:13:10,星野茶·万达店,生椰拿铁,咖啡,16,1,0,16,6.0,外卖饿了么,银卡,0
O10860,2026-05-15 11:26:23,星野茶·大学城店,奥利奥奶昔,奶茶,18,1,0,18,7.0,外卖饿了么,非会员,0
O10861,2026-05-15 17:51:33,星野茶·万达店,美式咖啡,咖啡,11,2,0,22,6.0,外卖美团,金卡,0
O10862,2026-05-15 16:36:01,星野茶·万达店,美式咖啡,咖啡,11,1,0,11,3.0,小程序,非会员,0
O10863,2026-05-15 20:44:32,星野茶·万达店,奥利奥奶昔,奶茶,18,1,0,18,7.0,外卖美团,银卡,0
O10864,2026-05-15 13:57:49,星野茶·地铁口店,美式咖啡,咖啡,11,1,0,11,3.0,堂食,非会员,0
O10865,2026-05-15 17:55:21,星野茶·大学城店,美式咖啡,咖啡,11,2,0,22,6.0,外卖美团,非会员,0
O10866,2026-05-15 19:31:16,星野茶·万达店,生椰拿铁,咖啡,16,2,0,32,12.0,外卖饿了么,非会员,0
O10867,2026-05-15 11:14:47,星野茶·万达店,伯牙绝弦,茶底,15,1,1.5,13.5,5.5,外卖美团,银卡,0
O10868,2026-05-15 20:57:54,星野茶·万达店,生椰拿铁,咖啡,16,1,0,16,6.0,外卖饿了么,普通会员,0
O10869,2026-05-15 18:44:46,星野茶·地铁口店,伯牙绝弦,茶底,15,1,0,15,5.5,外卖饿了么,金卡,0
O10870,2026-05-15 16:42:36,星野茶·地铁口店,柠檬绿茶,果茶,12,1,0,12,3.5,小程序,普通会员,0
O10871,2026-05-15 21:03:14,星野茶·地铁口店,伯牙绝弦,茶底,15,1,0,15,5.5,堂食,新客,0
O10872,2026-05-15 16:12:07,星野茶·地铁口店,伯牙绝弦,茶底,15,1,0,15,5.5,外卖美团,非会员,0
O10873,2026-05-15 16:46:23,星野茶·地铁口店,奥利奥奶昔,奶茶,18,1,0,18,7.0,堂食,非会员,0
O10874,2026-05-15 11:00:08,星野茶·万达店,芋泥波波,奶茶,17,1,0,17,6.5,外卖美团,新客,0
O10875,2026-05-15 18:09:35,星野茶·地铁口店,奥利奥奶昔,奶茶,18,2,0,36,14.0,外卖饿了么,银卡,0
O10876,2026-05-15 16:50:33,星野茶·万达店,杨枝甘露,果茶,18,2,0,36,15.0,外卖饿了么,非会员,0
O10877,2026-05-15 20:50:14,星野茶·地铁口店,芋泥波波,奶茶,17,1,0,17,6.5,外卖美团,银卡,0
O10878,2026-05-15 11:30:30,星野茶·地铁口店,柠檬绿茶,果茶,12,1,1.2,10.8,3.5,外卖美团,普通会员,0
O10879,2026-05-15 11:07:32,星野茶·万达店,柠檬绿茶,果茶,12,1,0,12,3.5,小程序,金卡,0
O10880,2026-05-16 18:49:17,星野茶·地铁口店,美式咖啡,咖啡,11,1,0,11,3.0,小程序,新客,0
O10881,2026-05-16 18:06:29,星野茶·大学城店,奥利奥奶昔,奶茶,18,1,0,18,7.0,堂食,普通会员,0
O10882,2026-05-16 19:21:56,星野茶·地铁口店,芋泥波波,奶茶,17,1,0,17,6.5,小程序,非会员,0
O10883,2026-05-16 15:40:42,星野茶·万达店,柠檬绿茶,果茶,12,1,0,12,3.5,堂食,银卡,0
O10884,2026-05-16 11:50:13,星野茶·地铁口店,生椰拿铁,咖啡,16,1,1.6,14.4,6.0,外卖饿了么,金卡,0
O10885,2026-05-16 16:58:33,星野茶·大学城店,美式咖啡,咖啡,11,1,0,11,3.0,小程序,金卡,0
O10886,2026-05-16 19:29:21,星野茶·大学城店,生椰拿铁,咖啡,16,1,0,16,6.0,堂食,普通会员,0
O10887,2026-05-16 18:06:21,星野茶·万达店,伯牙绝弦,茶底,15,1,0,15,5.5,小程序,银卡,0
O10888,2026-05-16 16:29:48,星野茶·大学城店,杨枝甘露,果茶,18,1,1.8,16.2,7.5,堂食,普通会员,0
O10889,2026-05-16 16:35:54,星野茶·大学城店,生椰拿铁,咖啡,16,2,3.2,28.8,12.0,外卖饿了么,非会员,0
O10890,2026-05-16 11:12:21,星野茶·大学城店,奥利奥奶昔,奶茶,18,2,3.6,32.4,14.0,外卖饿了么,普通会员,0
O10891,2026-05-16 20:49:07,星野茶·万达店,杨枝甘露,果茶,18,1,0,18,7.5,外卖饿了么,新客,0
O10892,2026-05-16 14:05:03,星野茶·地铁口店,奥利奥奶昔,奶茶,18,1,1.8,16.2,7.0,外卖美团,普通会员,0
O10893,2026-05-16 15:11:48,星野茶·万达店,伯牙绝弦,茶底,15,1,0,15,5.5,外卖饿了么,银卡,0
O10894,2026-05-16 12:56:39,星野茶·万达店,芋泥波波,奶茶,17,2,0,34,13.0,外卖饿了么,金卡,0
O10895,2026-05-16 18:57:50,星野茶·万达店,奥利奥奶昔,奶茶,18,1,0,18,7.0,外卖美团,普通会员,0
O10896,2026-05-16 14:57:13,星野茶·大学城店,奥利奥奶昔,奶茶,18,1,0,18,7.0,外卖饿了么,银卡,0
O10897,2026-05-16 14:54:11,星野茶·万达店,奥利奥奶昔,奶茶,18,1,0,18,7.0,外卖美团,银卡,0
O10898,2026-05-16 13:32:07,星野茶·地铁口店,生椰拿铁,咖啡,16,1,0,16,6.0,小程序,新客,0
O10899,2026-05-16 17:17:29,星野茶·大学城店,奥利奥奶昔,奶茶,18,1,1.8,16.2,7.0,外卖饿了么,非会员,0
O10900,2026-05-16 13:41:39,星野茶·地铁口店,杨枝甘露,果茶,18,1,0,18,7.5,外卖美团,非会员,0
O10901,2026-05-16 17:42:06,星野茶·地铁口店,美式咖啡,咖啡,11,1,0,11,3.0,堂食,普通会员,0
O10902,2026-05-16 13:55:36,星野茶·地铁口店,芋泥波波,奶茶,17,1,1.7,15.3,6.5,外卖饿了么,非会员,0
O10903,2026-05-16 14:02:35,星野茶·大学城店,生椰拿铁,咖啡,16,1,1.6,14.4,6.0,外卖饿了么,非会员,0
O10904,2026-05-16 17:44:31,星野茶·大学城店,芋泥波波,奶茶,17,1,0,17,6.5,外卖美团,新客,0
O10905,2026-05-16 11:14:09,星野茶·万达店,杨枝甘露,果茶,18,1,0,18,7.5,小程序,新客,0
O10906,2026-05-16 13:55:01,星野茶·大学城店,芋泥波波,奶茶,17,1,0,17,6.5,外卖饿了么,非会员,0
O10907,2026-05-16 15:50:33,星野茶·万达店,柠檬绿茶,果茶,12,1,0,12,3.5,外卖饿了么,普通会员,0
O10908,2026-05-16 19:10:09,星野茶·地铁口店,柠檬绿茶,果茶,12,1,0,12,3.5,外卖饿了么,非会员,0
O10909,2026-05-16 12:24:29,星野茶·大学城店,芋泥波波,奶茶,17,1,0,17,6.5,外卖美团,普通会员,0
O10910,2026-05-16 13:19:21,星野茶·万达店,奥利奥奶昔,奶茶,18,1,0,18,7.0,小程序,金卡,0
O10911,2026-05-16 11:08:43,星野茶·万达店,多肉葡萄,果茶,19,1,0,19,8.0,外卖饿了么,普通会员,0
O10912,2026-05-16 15:00:18,星野茶·万达店,伯牙绝弦,茶底,15,1,0,15,5.5,小程序,新客,0
O10913,2026-05-16 13:07:04,星野茶·万达店,多肉葡萄,果茶,19,1,0,19,8.0,小程序,新客,0
O10914,2026-05-16 17:55:18,星野茶·大学城店,奥利奥奶昔,奶茶,18,1,0,18,7.0,堂食,银卡,0
O10915,2026-05-16 16:46:41,星野茶·大学城店,芋泥波波,奶茶,17,2,0,34,13.0,外卖饿了么,非会员,0
O10916,2026-05-16 11:59:44,星野茶·大学城店,生椰拿铁,咖啡,16,1,0,16,6.0,堂食,普通会员,0
O10917,2026-05-16 20:56:59,星野茶·地铁口店,柠檬绿茶,果茶,12,2,0,24,7.0,外卖美团,普通会员,0
O10918,2026-05-16 21:57:27,星野茶·万达店,生椰拿铁,咖啡,16,1,0,16,6.0,堂食,普通会员,0
O10919,2026-05-16 20:56:27,星野茶·大学城店,生椰拿铁,咖啡,16,1,0,16,6.0,外卖美团,新客,0
O10920,2026-05-16 15:09:44,星野茶·万达店,多肉葡萄,果茶,19,1,0,19,8.0,小程序,普通会员,0
O10921,2026-05-16 19:05:57,星野茶·大学城店,杨枝甘露,果茶,18,1,0,18,7.5,小程序,非会员,0
O10922,2026-05-16 16:06:18,星野茶·大学城店,伯牙绝弦,茶底,15,1,1.5,13.5,5.5,小程序,普通会员,0
O10923,2026-05-16 14:22:34,星野茶·万达店,杨枝甘露,果茶,18,1,0,18,7.5,堂食,银卡,0
O10924,2026-05-16 20:08:10,星野茶·大学城店,杨枝甘露,果茶,18,2,3.6,32.4,15.0,小程序,非会员,0
O10925,2026-05-16 19:06:30,星野茶·大学城店,多肉葡萄,果茶,19,1,0,19,8.0,外卖美团,普通会员,0
O10926,2026-05-16 13:45:25,星野茶·大学城店,奥利奥奶昔,奶茶,18,1,0,18,7.0,堂食,金卡,0
O10927,2026-05-16 14:43:25,星野茶·地铁口店,杨枝甘露,果茶,18,1,0,18,7.5,外卖饿了么,新客,0
O10928,2026-05-16 18:15:35,星野茶·万达店,奥利奥奶昔,奶茶,18,1,0,18,7.0,小程序,金卡,0
O10929,2026-05-16 20:26:38,星野茶·万达店,杨枝甘露,果茶,18,2,0,36,15.0,外卖美团,金卡,0
O10930,2026-05-16 15:55:18,星野茶·大学城店,美式咖啡,咖啡,11,1,0,11,3.0,堂食,非会员,0
O10931,2026-05-16 21:38:52,星野茶·地铁口店,生椰拿铁,咖啡,16,1,0,16,6.0,外卖美团,银卡,0
O10932,2026-05-16 14:50:13,星野茶·万达店,伯牙绝弦,茶底,15,1,0,15,5.5,小程序,非会员,0
O10933,2026-05-17 17:52:07,星野茶·大学城店,伯牙绝弦,茶底,15,1,0,15,5.5,外卖美团,非会员,0
O10934,2026-05-17 13:45:34,星野茶·万达店,柠檬绿茶,果茶,12,1,0,12,3.5,堂食,非会员,0
O10935,2026-05-17 15:22:43,星野茶·地铁口店,生椰拿铁,咖啡,16,2,0,32,12.0,堂食,银卡,0
O10936,2026-05-17 21:08:10,星野茶·地铁口店,生椰拿铁,咖啡,16,1,0,16,6.0,外卖饿了么,金卡,0
O10937,2026-05-17 11:52:32,星野茶·地铁口店,杨枝甘露,果茶,18,1,0,18,7.5,小程序,金卡,0
O10938,2026-05-17 19:06:52,星野茶·万达店,伯牙绝弦,茶底,15,2,3.0,27.0,11.0,外卖饿了么,金卡,0
O10939,2026-05-17 20:30:35,星野茶·地铁口店,美式咖啡,咖啡,11,1,0,11,3.0,外卖美团,银卡,0
O10940,2026-05-17 18:12:32,星野茶·地铁口店,芋泥波波,奶茶,17,1,0,17,6.5,外卖美团,普通会员,0
O10941,2026-05-17 19:40:49,星野茶·万达店,杨枝甘露,果茶,18,1,0,18,7.5,外卖饿了么,普通会员,0
O10942,2026-05-17 12:27:56,星野茶·地铁口店,生椰拿铁,咖啡,16,1,0,16,6.0,小程序,银卡,0
O10943,2026-05-17 12:18:18,星野茶·地铁口店,生椰拿铁,咖啡,16,1,0,16,6.0,小程序,新客,0
O10944,2026-05-17 14:14:49,星野茶·地铁口店,柠檬绿茶,果茶,12,1,0,12,3.5,外卖饿了么,非会员,0
O10945,2026-05-17 12:47:17,星野茶·地铁口店,美式咖啡,咖啡,11,1,0,11,3.0,堂食,非会员,0
O10946,2026-05-17 19:01:36,星野茶·地铁口店,多肉葡萄,果茶,19,1,0,19,8.0,小程序,银卡,0
O10947,2026-05-17 19:44:36,星野茶·地铁口店,生椰拿铁,咖啡,16,1,0,16,6.0,堂食,金卡,0
O10948,2026-05-17 15:53:27,星野茶·万达店,杨枝甘露,果茶,18,1,1.8,16.2,7.5,外卖饿了么,银卡,0
O10949,2026-05-17 15:37:59,星野茶·大学城店,芋泥波波,奶茶,17,1,1.7,15.3,6.5,外卖美团,非会员,0
O10950,2026-05-17 14:55:40,星野茶·地铁口店,芋泥波波,奶茶,17,1,0,17,6.5,堂食,非会员,0
O10951,2026-05-17 17:58:39,星野茶·万达店,杨枝甘露,果茶,18,1,1.8,16.2,7.5,外卖饿了么,普通会员,0
O10952,2026-05-17 20:08:32,星野茶·地铁口店,杨枝甘露,果茶,18,1,1.8,16.2,7.5,外卖饿了么,新客,0
O10953,2026-05-17 11:05:08,星野茶·地铁口店,多肉葡萄,果茶,19,1,0,19,8.0,外卖饿了么,普通会员,0
O10954,2026-05-17 17:48:01,星野茶·万达店,芋泥波波,奶茶,17,1,0,17,6.5,外卖饿了么,非会员,0
O10955,2026-05-17 19:23:45,星野茶·地铁口店,芋泥波波,奶茶,17,2,3.4,30.6,13.0,外卖美团,银卡,0
O10956,2026-05-17 14:58:20,星野茶·地铁口店,多肉葡萄,果茶,19,1,0,19,8.0,外卖美团,普通会员,0
O10957,2026-05-17 11:05:55,星野茶·万达店,杨枝甘露,果茶,18,1,1.8,16.2,7.5,堂食,非会员,0
O10958,2026-05-17 19:14:06,星野茶·大学城店,芋泥波波,奶茶,17,1,0,17,6.5,外卖饿了么,银卡,0
O10959,2026-05-17 15:09:42,星野茶·大学城店,杨枝甘露,果茶,18,1,0,18,7.5,外卖美团,新客,0
O10960,2026-05-17 17:13:38,星野茶·大学城店,生椰拿铁,咖啡,16,2,0,32,12.0,外卖饿了么,银卡,0
O10961,2026-05-17 14:46:15,星野茶·地铁口店,芋泥波波,奶茶,17,1,0,17,6.5,堂食,金卡,0
O10962,2026-05-17 19:10:05,星野茶·地铁口店,生椰拿铁,咖啡,16,1,1.6,14.4,6.0,外卖美团,金卡,0
O10963,2026-05-17 15:09:42,星野茶·地铁口店,奥利奥奶昔,奶茶,18,1,0,18,7.0,小程序,银卡,0
O10964,2026-05-17 18:50:38,星野茶·地铁口店,伯牙绝弦,茶底,15,1,0,15,5.5,堂食,普通会员,0
O10965,2026-05-17 18:52:36,星野茶·大学城店,多肉葡萄,果茶,19,1,0,19,8.0,外卖饿了么,普通会员,0
O10966,2026-05-17 20:41:10,星野茶·万达店,奥利奥奶昔,奶茶,18,1,0,18,7.0,外卖美团,新客,0
O10967,2026-05-17 16:09:20,星野茶·万达店,多肉葡萄,果茶,19,1,0,19,8.0,外卖美团,金卡,0
O10968,2026-05-17 21:34:25,星野茶·万达店,生椰拿铁,咖啡,16,1,1.6,14.4,6.0,外卖美团,非会员,0
O10969,2026-05-17 12:27:15,星野茶·地铁口店,奥利奥奶昔,奶茶,18,1,0,18,7.0,堂食,金卡,0
O10970,2026-05-17 21:43:39,星野茶·万达店,杨枝甘露,果茶,18,2,0,36,15.0,外卖饿了么,金卡,0
O10971,2026-05-17 21:24:09,星野茶·大学城店,多肉葡萄,果茶,19,1,0,19,8.0,外卖饿了么,金卡,0
O10972,2026-05-17 20:43:29,星野茶·万达店,芋泥波波,奶茶,17,1,0,17,6.5,外卖美团,新客,0
O10973,2026-05-17 18:26:31,星野茶·地铁口店,奥利奥奶昔,奶茶,18,1,0,18,7.0,堂食,金卡,0
O10974,2026-05-17 13:42:12,星野茶·大学城店,生椰拿铁,咖啡,16,1,1.6,14.4,6.0,外卖饿了么,非会员,0
O10975,2026-05-17 14:20:27,星野茶·大学城店,奥利奥奶昔,奶茶,18,1,0,18,7.0,外卖美团,金卡,0
O10976,2026-05-17 12:07:26,星野茶·大学城店,生椰拿铁,咖啡,16,1,0,16,6.0,外卖饿了么,普通会员,0
O10977,2026-05-17 14:17:28,星野茶·地铁口店,生椰拿铁,咖啡,16,2,3.2,28.8,12.0,小程序,非会员,0
O10978,2026-05-17 17:04:07,星野茶·万达店,柠檬绿茶,果茶,12,1,0,12,3.5,堂食,银卡,0
O10979,2026-05-17 15:05:33,星野茶·地铁口店,杨枝甘露,果茶,18,1,0,18,7.5,外卖饿了么,银卡,0
O10980,2026-05-17 15:25:17,星野茶·大学城店,美式咖啡,咖啡,11,1,0,11,3.0,堂食,普通会员,0
O10981,2026-05-17 14:19:50,星野茶·大学城店,伯牙绝弦,茶底,15,1,0,15,5.5,外卖饿了么,非会员,0
O10982,2026-05-17 21:20:35,星野茶·万达店,伯牙绝弦,茶底,15,2,0,30,11.0,小程序,金卡,0
O10983,2026-05-17 19:02:30,星野茶·万达店,柠檬绿茶,果茶,12,1,0,12,3.5,堂食,金卡,0
O10984,2026-05-17 12:36:25,星野茶·地铁口店,美式咖啡,咖啡,11,2,0,22,6.0,外卖美团,银卡,0
O10985,2026-05-17 13:17:07,星野茶·万达店,杨枝甘露,果茶,18,1,0,18,7.5,外卖美团,新客,0
O10986,2026-05-17 14:29:08,星野茶·万达店,芋泥波波,奶茶,17,2,3.4,30.6,13.0,外卖饿了么,非会员,0
O10987,2026-05-17 21:26:13,星野茶·地铁口店,杨枝甘露,果茶,18,1,1.8,16.2,7.5,外卖饿了么,普通会员,0
O10988,2026-05-17 13:13:42,星野茶·地铁口店,伯牙绝弦,茶底,15,1,0,15,5.5,小程序,普通会员,0
O10989,2026-05-17 16:08:58,星野茶·大学城店,伯牙绝弦,茶底,15,1,1.5,13.5,5.5,堂食,金卡,0
O10990,2026-05-17 18:04:39,星野茶·大学城店,柠檬绿茶,果茶,12,2,2.4,21.6,7.0,外卖美团,普通会员,0
O10991,2026-05-17 15:38:09,星野茶·大学城店,柠檬绿茶,果茶,12,1,0,12,3.5,堂食,非会员,0
O10992,2026-05-17 19:46:49,星野茶·万达店,杨枝甘露,果茶,18,1,1.8,16.2,7.5,堂食,非会员,0
O10993,2026-05-18 13:28:30,星野茶·大学城店,美式咖啡,咖啡,11,1,1.1,9.9,3.0,外卖美团,金卡,0
O10994,2026-05-18 15:36:22,星野茶·大学城店,柠檬绿茶,果茶,12,2,0,24,7.0,堂食,非会员,0
O10995,2026-05-18 14:40:30,星野茶·万达店,生椰拿铁,咖啡,16,1,0,16,6.0,外卖美团,非会员,0
O10996,2026-05-18 18:10:00,星野茶·大学城店,伯牙绝弦,茶底,15,1,0,15,5.5,堂食,普通会员,0
O10997,2026-05-18 20:28:08,星野茶·地铁口店,芋泥波波,奶茶,17,1,0,17,6.5,堂食,新客,0
O10998,2026-05-18 17:44:50,星野茶·大学城店,伯牙绝弦,茶底,15,1,0,15,5.5,外卖饿了么,银卡,0
O10999,2026-05-18 13:20:27,星野茶·大学城店,柠檬绿茶,果茶,12,1,1.2,10.8,3.5,堂食,普通会员,0
O11000,2026-05-18 11:13:12,星野茶·万达店,生椰拿铁,咖啡,16,1,0,16,6.0,外卖美团,银卡,0
O11001,2026-05-18 16:22:21,星野茶·地铁口店,生椰拿铁,咖啡,16,1,0,16,6.0,堂食,银卡,0
O11002,2026-05-18 21:46:17,星野茶·万达店,美式咖啡,咖啡,11,2,2.2,19.8,6.0,堂食,金卡,0
O11003,2026-05-18 17:56:09,星野茶·地铁口店,多肉葡萄,果茶,19,1,0,19,8.0,外卖饿了么,普通会员,0
O11004,2026-05-18 18:10:52,星野茶·万达店,柠檬绿茶,果茶,12,1,0,12,3.5,堂食,非会员,0
O11005,2026-05-18 16:22:42,星野茶·大学城店,美式咖啡,咖啡,11,1,0,11,3.0,外卖饿了么,普通会员,0
O11006,2026-05-18 16:19:41,星野茶·万达店,美式咖啡,咖啡,11,1,1.1,9.9,3.0,外卖美团,非会员,0
O11007,2026-05-18 18:25:58,星野茶·地铁口店,伯牙绝弦,茶底,15,1,0,15,5.5,外卖美团,普通会员,0
O11008,2026-05-18 14:26:23,星野茶·万达店,生椰拿铁,咖啡,16,1,1.6,14.4,6.0,外卖美团,新客,0
O11009,2026-05-18 21:06:14,星野茶·万达店,柠檬绿茶,果茶,12,1,1.2,10.8,3.5,堂食,银卡,0
O11010,2026-05-18 13:29:33,星野茶·万达店,杨枝甘露,果茶,18,1,0,18,7.5,外卖饿了么,银卡,0
O11011,2026-05-18 15:54:12,星野茶·大学城店,柠檬绿茶,果茶,12,1,1.2,10.8,3.5,外卖美团,金卡,0
O11012,2026-05-18 18:34:38,星野茶·地铁口店,奥利奥奶昔,奶茶,18,1,1.8,16.2,7.0,堂食,银卡,0
O11013,2026-05-18 18:26:24,星野茶·万达店,杨枝甘露,果茶,18,1,0,18,7.5,外卖美团,银卡,0
O11014,2026-05-18 14:13:40,星野茶·地铁口店,多肉葡萄,果茶,19,1,0,19,8.0,小程序,银卡,0
O11015,2026-05-18 14:10:29,星野茶·万达店,奥利奥奶昔,奶茶,18,1,0,18,7.0,外卖饿了么,普通会员,0
O11016,2026-05-18 12:16:28,星野茶·万达店,芋泥波波,奶茶,17,1,0,17,6.5,外卖美团,银卡,0
O11017,2026-05-18 19:55:50,星野茶·大学城店,生椰拿铁,咖啡,16,1,0,16,6.0,外卖饿了么,银卡,0
O11018,2026-05-18 18:01:45,星野茶·地铁口店,杨枝甘露,果茶,18,1,0,18,7.5,外卖美团,普通会员,0
O11019,2026-05-18 16:18:56,星野茶·地铁口店,伯牙绝弦,茶底,15,2,0,30,11.0,外卖饿了么,银卡,0
O11020,2026-05-18 17:37:18,星野茶·地铁口店,柠檬绿茶,果茶,12,1,0,12,3.5,外卖饿了么,金卡,0
O11021,2026-05-18 14:05:12,星野茶·万达店,多肉葡萄,果茶,19,1,0,19,8.0,外卖美团,普通会员,0
O11022,2026-05-18 21:28:41,星野茶·万达店,美式咖啡,咖啡,11,1,0,11,3.0,小程序,银卡,0
O11023,2026-05-18 12:26:42,星野茶·大学城店,生椰拿铁,咖啡,16,1,0,16,6.0,堂食,普通会员,0
O11024,2026-05-18 16:33:50,星野茶·大学城店,多肉葡萄,果茶,19,1,0,19,8.0,外卖美团,新客,0
O11025,2026-05-18 12:09:18,星野茶·大学城店,杨枝甘露,果茶,18,1,0,18,7.5,外卖饿了么,新客,0
O11026,2026-05-18 19:46:13,星野茶·万达店,杨枝甘露,果茶,18,1,1.8,16.2,7.5,小程序,非会员,0
O11027,2026-05-19 13:38:29,星野茶·万达店,杨枝甘露,果茶,18,1,0,18,7.5,外卖饿了么,银卡,0
O11028,2026-05-19 20:07:57,星野茶·大学城店,柠檬绿茶,果茶,12,2,0,24,7.0,小程序,新客,0
O11029,2026-05-19 17:46:38,星野茶·大学城店,伯牙绝弦,茶底,15,1,0,15,5.5,堂食,非会员,1
O11030,2026-05-19 14:49:14,星野茶·大学城店,杨枝甘露,果茶,18,1,0,18,7.5,外卖饿了么,非会员,0
O11031,2026-05-19 14:07:12,星野茶·万达店,杨枝甘露,果茶,18,1,0,18,7.5,小程序,新客,0
O11032,2026-05-19 21:58:22,星野茶·大学城店,柠檬绿茶,果茶,12,2,2.4,21.6,7.0,外卖饿了么,银卡,0
O11033,2026-05-19 15:33:03,星野茶·地铁口店,多肉葡萄,果茶,19,1,1.9,17.1,8.0,堂食,非会员,0
O11034,2026-05-19 13:00:22,星野茶·万达店,生椰拿铁,咖啡,16,1,0,16,6.0,小程序,普通会员,0
O11035,2026-05-19 16:01:37,星野茶·万达店,杨枝甘露,果茶,18,2,3.6,32.4,15.0,外卖美团,普通会员,0
O11036,2026-05-19 20:14:20,星野茶·万达店,杨枝甘露,果茶,18,1,0,18,7.5,堂食,普通会员,0
O11037,2026-05-19 12:09:22,星野茶·地铁口店,生椰拿铁,咖啡,16,1,0,16,6.0,外卖美团,银卡,0
O11038,2026-05-19 17:00:07,星野茶·大学城店,奥利奥奶昔,奶茶,18,1,0,18,7.0,堂食,金卡,0
O11039,2026-05-19 16:02:57,星野茶·地铁口店,柠檬绿茶,果茶,12,1,1.2,10.8,3.5,外卖美团,金卡,0
O11040,2026-05-19 19:18:35,星野茶·万达店,多肉葡萄,果茶,19,1,1.9,17.1,8.0,小程序,银卡,0
O11041,2026-05-19 20:04:33,星野茶·大学城店,杨枝甘露,果茶,18,1,0,18,7.5,外卖美团,普通会员,0
O11042,2026-05-19 21:07:34,星野茶·大学城店,杨枝甘露,果茶,18,2,0,36,15.0,堂食,金卡,0
O11043,2026-05-19 20:16:42,星野茶·大学城店,伯牙绝弦,茶底,15,1,0,15,5.5,小程序,金卡,0
O11044,2026-05-19 11:46:26,星野茶·大学城店,生椰拿铁,咖啡,16,1,0,16,6.0,外卖饿了么,新客,0
O11045,2026-05-19 13:22:10,星野茶·万达店,奥利奥奶昔,奶茶,18,1,0,18,7.0,小程序,金卡,0
O11046,2026-05-19 13:39:26,星野茶·大学城店,奥利奥奶昔,奶茶,18,2,0,36,14.0,外卖饿了么,普通会员,0
O11047,2026-05-19 17:53:42,星野茶·万达店,杨枝甘露,果茶,18,1,0,18,7.5,堂食,金卡,0
O11048,2026-05-19 20:37:46,星野茶·万达店,柠檬绿茶,果茶,12,2,2.4,21.6,7.0,堂食,普通会员,0
O11049,2026-05-19 16:45:13,星野茶·大学城店,生椰拿铁,咖啡,16,1,0,16,6.0,小程序,银卡,0
O11050,2026-05-19 15:28:08,星野茶·万达店,芋泥波波,奶茶,17,1,0,17,6.5,外卖饿了么,普通会员,0
O11051,2026-05-19 19:12:41,星野茶·万达店,杨枝甘露,果茶,18,1,0,18,7.5,堂食,银卡,0
O11052,2026-05-19 15:23:17,星野茶·万达店,芋泥波波,奶茶,17,1,0,17,6.5,外卖美团,银卡,0
O11053,2026-05-19 20:52:18,星野茶·地铁口店,伯牙绝弦,茶底,15,1,0,15,5.5,小程序,金卡,0
O11054,2026-05-19 17:34:00,星野茶·万达店,奥利奥奶昔,奶茶,18,1,1.8,16.2,7.0,外卖饿了么,普通会员,0
O11055,2026-05-19 12:47:46,星野茶·地铁口店,芋泥波波,奶茶,17,1,1.7,15.3,6.5,外卖饿了么,非会员,0
O11056,2026-05-19 11:35:20,星野茶·地铁口店,多肉葡萄,果茶,19,1,0,19,8.0,外卖美团,金卡,0
O11057,2026-05-19 20:12:37,星野茶·万达店,奥利奥奶昔,奶茶,18,1,0,18,7.0,外卖饿了么,银卡,0
O11058,2026-05-19 21:54:46,星野茶·大学城店,柠檬绿茶,果茶,12,1,1.2,10.8,3.5,小程序,金卡,0
O11059,2026-05-19 21:28:39,星野茶·万达店,伯牙绝弦,茶底,15,1,1.5,13.5,5.5,小程序,非会员,0
O11060,2026-05-19 18:58:14,星野茶·大学城店,奥利奥奶昔,奶茶,18,1,0,18,7.0,外卖美团,金卡,0
O11061,2026-05-19 14:12:50,星野茶·地铁口店,芋泥波波,奶茶,17,1,0,17,6.5,小程序,非会员,0
O11062,2026-05-19 13:29:14,星野茶·地铁口店,奥利奥奶昔,奶茶,18,1,1.8,16.2,7.0,堂食,非会员,0
O11063,2026-05-19 12:05:38,星野茶·大学城店,多肉葡萄,果茶,19,1,0,19,8.0,堂食,银卡,0
O11064,2026-05-19 11:33:48,星野茶·大学城店,美式咖啡,咖啡,11,1,0,11,3.0,堂食,银卡,0
O11065,2026-05-20 13:29:39,星野茶·大学城店,奥利奥奶昔,奶茶,18,2,0,36,14.0,小程序,银卡,0
O11066,2026-05-20 14:33:41,星野茶·地铁口店,奥利奥奶昔,奶茶,18,1,1.8,16.2,7.0,外卖美团,非会员,0
O11067,2026-05-20 11:47:00,星野茶·万达店,杨枝甘露,果茶,18,1,0,18,7.5,外卖美团,金卡,0
O11068,2026-05-20 12:55:35,星野茶·地铁口店,多肉葡萄,果茶,19,1,1.9,17.1,8.0,小程序,金卡,0
O11069,2026-05-20 15:46:48,星野茶·大学城店,美式咖啡,咖啡,11,1,0,11,3.0,堂食,金卡,0
O11070,2026-05-20 11:12:39,星野茶·万达店,奥利奥奶昔,奶茶,18,1,0,18,7.0,外卖饿了么,银卡,0
O11071,2026-05-20 14:30:37,星野茶·大学城店,杨枝甘露,果茶,18,1,0,18,7.5,小程序,银卡,0
O11072,2026-05-20 14:22:42,星野茶·大学城店,生椰拿铁,咖啡,16,1,0,16,6.0,外卖饿了么,银卡,0
O11073,2026-05-20 15:00:42,星野茶·万达店,杨枝甘露,果茶,18,1,1.8,16.2,7.5,小程序,非会员,0
O11074,2026-05-20 12:56:24,星野茶·大学城店,伯牙绝弦,茶底,15,1,0,15,5.5,外卖美团,普通会员,0
O11075,2026-05-20 15:13:03,星野茶·万达店,柠檬绿茶,果茶,12,1,0,12,3.5,外卖美团,非会员,0
O11076,2026-05-20 17:48:02,星野茶·地铁口店,奥利奥奶昔,奶茶,18,1,0,18,7.0,外卖美团,金卡,0
O11077,2026-05-20 21:29:15,星野茶·大学城店,伯牙绝弦,茶底,15,1,1.5,13.5,5.5,外卖美团,银卡,0
O11078,2026-05-20 20:13:39,星野茶·地铁口店,芋泥波波,奶茶,17,1,0,17,6.5,外卖饿了么,非会员,0
O11079,2026-05-20 18:06:07,星野茶·地铁口店,杨枝甘露,果茶,18,1,0,18,7.5,堂食,新客,0
O11080,2026-05-20 12:33:08,星野茶·万达店,杨枝甘露,果茶,18,1,0,18,7.5,外卖美团,普通会员,0
O11081,2026-05-20 21:56:48,星野茶·大学城店,美式咖啡,咖啡,11,1,1.1,9.9,3.0,外卖饿了么,金卡,0
O11082,2026-05-20 12:31:46,星野茶·万达店,杨枝甘露,果茶,18,1,0,18,7.5,堂食,新客,0
O11083,2026-05-20 14:20:37,星野茶·地铁口店,生椰拿铁,咖啡,16,1,0,16,6.0,外卖美团,金卡,0
O11084,2026-05-20 19:58:44,星野茶·大学城店,美式咖啡,咖啡,11,1,1.1,9.9,3.0,外卖美团,新客,0
O11085,2026-05-20 19:50:49,星野茶·万达店,多肉葡萄,果茶,19,1,0,19,8.0,小程序,银卡,0
O11086,2026-05-20 20:31:58,星野茶·地铁口店,伯牙绝弦,茶底,15,1,0,15,5.5,外卖美团,非会员,0
O11087,2026-05-20 12:47:47,星野茶·地铁口店,生椰拿铁,咖啡,16,1,0,16,6.0,堂食,新客,0
O11088,2026-05-20 11:19:03,星野茶·地铁口店,伯牙绝弦,茶底,15,1,0,15,5.5,外卖美团,普通会员,0
O11089,2026-05-20 14:18:26,星野茶·万达店,多肉葡萄,果茶,19,1,1.9,17.1,8.0,小程序,银卡,0
O11090,2026-05-20 14:30:26,星野茶·大学城店,柠檬绿茶,果茶,12,1,0,12,3.5,小程序,非会员,0
O11091,2026-05-20 19:15:46,星野茶·大学城店,杨枝甘露,果茶,18,2,0,36,15.0,堂食,非会员,0
O11092,2026-05-20 21:04:10,星野茶·大学城店,芋泥波波,奶茶,17,1,1.7,15.3,6.5,外卖饿了么,新客,0
O11093,2026-05-20 17:39:31,星野茶·地铁口店,美式咖啡,咖啡,11,1,0,11,3.0,堂食,新客,0
O11094,2026-05-20 12:03:36,星野茶·大学城店,柠檬绿茶,果茶,12,1,0,12,3.5,堂食,普通会员,0
O11095,2026-05-20 12:07:32,星野茶·地铁口店,伯牙绝弦,茶底,15,1,0,15,5.5,堂食,非会员,0
O11096,2026-05-20 13:16:42,星野茶·万达店,奥利奥奶昔,奶茶,18,1,1.8,16.2,7.0,外卖饿了么,银卡,0
O11097,2026-05-20 14:59:01,星野茶·地铁口店,美式咖啡,咖啡,11,1,0,11,3.0,外卖美团,普通会员,0
O11098,2026-05-20 15:53:39,星野茶·大学城店,美式咖啡,咖啡,11,1,0,11,3.0,外卖美团,金卡,0
O11099,2026-05-20 20:53:54,星野茶·万达店,杨枝甘露,果茶,18,1,0,18,7.5,外卖饿了么,新客,0
O11100,2026-05-20 16:58:43,星野茶·大学城店,多肉葡萄,果茶,19,1,0,19,8.0,小程序,普通会员,0
O11101,2026-05-20 18:46:00,星野茶·地铁口店,柠檬绿茶,果茶,12,1,0,12,3.5,小程序,金卡,0
O11102,2026-05-20 17:44:58,星野茶·地铁口店,多肉葡萄,果茶,19,1,0,19,8.0,外卖美团,新客,0
O11103,2026-05-20 12:52:09,星野茶·万达店,美式咖啡,咖啡,11,1,0,11,3.0,小程序,金卡,0
O11104,2026-05-20 16:09:19,星野茶·地铁口店,多肉葡萄,果茶,19,1,0,19,8.0,外卖饿了么,非会员,0
O11105,2026-05-20 17:48:34,星野茶·大学城店,杨枝甘露,果茶,18,1,0,18,7.5,外卖饿了么,非会员,0
O11106,2026-05-20 20:44:30,星野茶·地铁口店,芋泥波波,奶茶,17,1,0,17,6.5,外卖美团,金卡,0
O11107,2026-05-20 18:07:50,星野茶·万达店,奥利奥奶昔,奶茶,18,1,1.8,16.2,7.0,外卖美团,新客,0
O11108,2026-05-20 13:06:31,星野茶·万达店,杨枝甘露,果茶,18,1,0,18,7.5,外卖美团,非会员,0
O11109,2026-05-20 16:40:24,星野茶·大学城店,杨枝甘露,果茶,18,1,0,18,7.5,堂食,金卡,0
O11110,2026-05-20 16:56:10,星野茶·大学城店,芋泥波波,奶茶,17,2,0,34,13.0,外卖美团,非会员,0
O11111,2026-05-20 20:55:43,星野茶·地铁口店,柠檬绿茶,果茶,12,1,0,12,3.5,小程序,新客,0
O11112,2026-05-20 18:28:23,星野茶·大学城店,杨枝甘露,果茶,18,1,0,18,7.5,小程序,银卡,0
O11113,2026-05-20 18:59:07,星野茶·大学城店,多肉葡萄,果茶,19,1,0,19,8.0,小程序,金卡,0
O11114,2026-05-21 20:57:29,星野茶·万达店,杨枝甘露,果茶,18,1,0,18,7.5,外卖饿了么,新客,0
O11115,2026-05-21 12:17:07,星野茶·万达店,奥利奥奶昔,奶茶,18,1,0,18,7.0,外卖美团,普通会员,0
O11116,2026-05-21 16:38:25,星野茶·大学城店,伯牙绝弦,茶底,15,2,0,30,11.0,小程序,新客,0
O11117,2026-05-21 19:24:44,星野茶·万达店,柠檬绿茶,果茶,12,1,0,12,3.5,小程序,非会员,0
O11118,2026-05-21 13:55:42,星野茶·地铁口店,伯牙绝弦,茶底,15,2,0,30,11.0,外卖美团,非会员,0
O11119,2026-05-21 14:42:27,星野茶·万达店,生椰拿铁,咖啡,16,1,0,16,6.0,外卖饿了么,普通会员,0
O11120,2026-05-21 18:20:04,星野茶·地铁口店,杨枝甘露,果茶,18,1,0,18,7.5,堂食,银卡,0
O11121,2026-05-21 11:45:35,星野茶·大学城店,柠檬绿茶,果茶,12,1,0,12,3.5,堂食,金卡,0
O11122,2026-05-21 18:46:35,星野茶·地铁口店,生椰拿铁,咖啡,16,1,1.6,14.4,6.0,外卖美团,银卡,0
O11123,2026-05-21 19:13:58,星野茶·大学城店,芋泥波波,奶茶,17,1,0,17,6.5,外卖美团,新客,0
O11124,2026-05-21 20:06:49,星野茶·大学城店,生椰拿铁,咖啡,16,1,0,16,6.0,小程序,银卡,0
O11125,2026-05-21 14:35:19,星野茶·万达店,伯牙绝弦,茶底,15,1,0,15,5.5,堂食,新客,0
O11126,2026-05-21 19:43:32,星野茶·万达店,多肉葡萄,果茶,19,2,0,38,16.0,堂食,银卡,0
O11127,2026-05-21 19:34:20,星野茶·万达店,柠檬绿茶,果茶,12,1,0,12,3.5,外卖美团,非会员,0
O11128,2026-05-21 17:41:48,星野茶·大学城店,柠檬绿茶,果茶,12,1,1.2,10.8,3.5,外卖饿了么,普通会员,0
O11129,2026-05-21 16:38:26,星野茶·大学城店,多肉葡萄,果茶,19,1,0,19,8.0,外卖饿了么,非会员,0
O11130,2026-05-21 14:48:46,星野茶·大学城店,芋泥波波,奶茶,17,1,0,17,6.5,外卖饿了么,普通会员,0
O11131,2026-05-21 13:56:47,星野茶·大学城店,美式咖啡,咖啡,11,1,1.1,9.9,3.0,堂食,普通会员,0
O11132,2026-05-21 14:35:39,星野茶·万达店,生椰拿铁,咖啡,16,1,0,16,6.0,外卖美团,金卡,0
O11133,2026-05-21 12:19:33,星野茶·大学城店,杨枝甘露,果茶,18,1,0,18,7.5,外卖饿了么,金卡,0
O11134,2026-05-21 18:55:28,星野茶·大学城店,芋泥波波,奶茶,17,1,0,17,6.5,外卖美团,新客,0
O11135,2026-05-21 17:56:14,星野茶·地铁口店,生椰拿铁,咖啡,16,1,0,16,6.0,外卖美团,非会员,0
O11136,2026-05-21 17:26:07,星野茶·大学城店,美式咖啡,咖啡,11,1,0,11,3.0,小程序,新客,0
O11137,2026-05-21 14:29:04,星野茶·大学城店,多肉葡萄,果茶,19,1,0,19,8.0,外卖饿了么,普通会员,0
O11138,2026-05-21 15:16:27,星野茶·万达店,奥利奥奶昔,奶茶,18,1,1.8,16.2,7.0,堂食,新客,0
O11139,2026-05-21 11:34:19,星野茶·地铁口店,美式咖啡,咖啡,11,1,0,11,3.0,小程序,金卡,0
O11140,2026-05-21 19:40:50,星野茶·地铁口店,多肉葡萄,果茶,19,1,0,19,8.0,外卖美团,银卡,0
O11141,2026-05-21 19:59:45,星野茶·地铁口店,生椰拿铁,咖啡,16,1,1.6,14.4,6.0,外卖美团,新客,0
O11142,2026-05-21 19:33:22,星野茶·万达店,奥利奥奶昔,奶茶,18,1,0,18,7.0,外卖饿了么,新客,0
O11143,2026-05-21 17:08:51,星野茶·地铁口店,生椰拿铁,咖啡,16,1,0,16,6.0,外卖饿了么,普通会员,0
O11144,2026-05-21 14:38:26,星野茶·万达店,杨枝甘露,果茶,18,1,1.8,16.2,7.5,外卖饿了么,银卡,0
O11145,2026-05-21 17:40:48,星野茶·万达店,奥利奥奶昔,奶茶,18,1,0,18,7.0,堂食,金卡,0
O11146,2026-05-21 20:29:26,星野茶·地铁口店,美式咖啡,咖啡,11,1,0,11,3.0,小程序,银卡,0
O11147,2026-05-21 20:57:00,星野茶·地铁口店,柠檬绿茶,果茶,12,1,0,12,3.5,外卖美团,非会员,0
O11148,2026-05-21 16:07:50,星野茶·大学城店,伯牙绝弦,茶底,15,1,0,15,5.5,小程序,银卡,0
O11149,2026-05-21 12:27:15,星野茶·万达店,杨枝甘露,果茶,18,2,0,36,15.0,外卖美团,普通会员,0
O11150,2026-05-21 12:00:11,星野茶·万达店,杨枝甘露,果茶,18,1,0,18,7.5,小程序,金卡,0
O11151,2026-05-21 18:03:38,星野茶·万达店,奥利奥奶昔,奶茶,18,1,1.8,16.2,7.0,外卖美团,非会员,0
O11152,2026-05-21 12:34:59,星野茶·大学城店,伯牙绝弦,茶底,15,1,0,15,5.5,小程序,新客,0
O11153,2026-05-21 14:25:11,星野茶·万达店,奥利奥奶昔,奶茶,18,1,0,18,7.0,小程序,非会员,0
O11154,2026-05-21 20:18:24,星野茶·大学城店,伯牙绝弦,茶底,15,1,1.5,13.5,5.5,小程序,非会员,0
O11155,2026-05-21 15:24:06,星野茶·地铁口店,多肉葡萄,果茶,19,2,0,38,16.0,外卖美团,金卡,0
O11156,2026-05-21 19:32:57,星野茶·万达店,杨枝甘露,果茶,18,1,0,18,7.5,外卖美团,非会员,0
O11157,2026-05-21 13:46:02,星野茶·地铁口店,多肉葡萄,果茶,19,1,0,19,8.0,堂食,新客,0
O11158,2026-05-21 16:41:28,星野茶·地铁口店,芋泥波波,奶茶,17,1,1.7,15.3,6.5,外卖美团,新客,0
O11159,2026-05-21 16:49:15,星野茶·大学城店,美式咖啡,咖啡,11,2,0,22,6.0,外卖饿了么,金卡,0
O11160,2026-05-21 13:49:48,星野茶·大学城店,伯牙绝弦,茶底,15,2,3.0,27.0,11.0,堂食,非会员,0
O11161,2026-05-21 13:02:54,星野茶·大学城店,杨枝甘露,果茶,18,1,0,18,7.5,堂食,金卡,0
O11162,2026-05-22 19:26:58,星野茶·地铁口店,美式咖啡,咖啡,11,1,0,11,3.0,外卖美团,银卡,0
O11163,2026-05-22 12:45:34,星野茶·万达店,杨枝甘露,果茶,18,1,0,18,7.5,外卖美团,银卡,0
O11164,2026-05-22 12:53:53,星野茶·大学城店,伯牙绝弦,茶底,15,1,0,15,5.5,堂食,普通会员,0
O11165,2026-05-22 21:49:20,星野茶·大学城店,多肉葡萄,果茶,19,1,0,19,8.0,堂食,非会员,0
O11166,2026-05-22 21:47:16,星野茶·万达店,杨枝甘露,果茶,18,1,0,18,7.5,堂食,金卡,0
O11167,2026-05-22 18:13:48,星野茶·大学城店,杨枝甘露,果茶,18,1,0,18,7.5,外卖饿了么,新客,0
O11168,2026-05-22 21:49:08,星野茶·大学城店,柠檬绿茶,果茶,12,2,0,24,7.0,小程序,新客,0
O11169,2026-05-22 12:54:24,星野茶·地铁口店,美式咖啡,咖啡,11,1,0,11,3.0,小程序,金卡,0
O11170,2026-05-22 18:49:17,星野茶·万达店,杨枝甘露,果茶,18,1,0,18,7.5,外卖饿了么,新客,0
O11171,2026-05-22 21:27:18,星野茶·地铁口店,奥利奥奶昔,奶茶,18,1,1.8,16.2,7.0,外卖美团,普通会员,0
O11172,2026-05-22 15:59:41,星野茶·地铁口店,柠檬绿茶,果茶,12,1,0,12,3.5,堂食,金卡,0
O11173,2026-05-22 17:59:46,星野茶·万达店,多肉葡萄,果茶,19,1,1.9,17.1,8.0,外卖饿了么,普通会员,0
O11174,2026-05-22 17:00:27,星野茶·大学城店,柠檬绿茶,果茶,12,1,1.2,10.8,3.5,外卖美团,普通会员,0
O11175,2026-05-22 17:54:58,星野茶·大学城店,杨枝甘露,果茶,18,1,0,18,7.5,小程序,非会员,0
O11176,2026-05-22 21:09:31,星野茶·万达店,柠檬绿茶,果茶,12,1,0,12,3.5,小程序,银卡,0
O11177,2026-05-22 12:56:36,星野茶·万达店,多肉葡萄,果茶,19,1,0,19,8.0,外卖饿了么,非会员,0
O11178,2026-05-22 14:41:11,星野茶·万达店,奥利奥奶昔,奶茶,18,1,0,18,7.0,小程序,非会员,0
O11179,2026-05-22 12:02:50,星野茶·万达店,奥利奥奶昔,奶茶,18,1,0,18,7.0,外卖饿了么,普通会员,0
O11180,2026-05-22 12:13:20,星野茶·万达店,奥利奥奶昔,奶茶,18,1,0,18,7.0,堂食,新客,0
O11181,2026-05-22 15:16:11,星野茶·地铁口店,伯牙绝弦,茶底,15,1,0,15,5.5,外卖美团,新客,0
O11182,2026-05-22 18:52:57,星野茶·大学城店,伯牙绝弦,茶底,15,1,1.5,13.5,5.5,小程序,金卡,0
O11183,2026-05-22 21:12:15,星野茶·万达店,美式咖啡,咖啡,11,1,1.1,9.9,3.0,外卖饿了么,新客,0
O11184,2026-05-22 20:16:35,星野茶·大学城店,多肉葡萄,果茶,19,1,0,19,8.0,小程序,新客,0
O11185,2026-05-22 18:32:38,星野茶·地铁口店,奥利奥奶昔,奶茶,18,1,0,18,7.0,外卖美团,银卡,0
O11186,2026-05-22 15:45:15,星野茶·万达店,柠檬绿茶,果茶,12,1,1.2,10.8,3.5,外卖饿了么,新客,0
O11187,2026-05-22 16:29:14,星野茶·地铁口店,多肉葡萄,果茶,19,1,0,19,8.0,外卖美团,普通会员,0
O11188,2026-05-22 21:55:31,星野茶·万达店,芋泥波波,奶茶,17,1,1.7,15.3,6.5,外卖饿了么,新客,0
O11189,2026-05-22 19:18:53,星野茶·地铁口店,美式咖啡,咖啡,11,1,0,11,3.0,外卖美团,普通会员,0
O11190,2026-05-22 11:27:28,星野茶·大学城店,柠檬绿茶,果茶,12,1,0,12,3.5,外卖美团,新客,0
O11191,2026-05-22 20:40:41,星野茶·大学城店,伯牙绝弦,茶底,15,1,1.5,13.5,5.5,外卖美团,非会员,0
O11192,2026-05-22 17:41:58,星野茶·地铁口店,伯牙绝弦,茶底,15,2,0,30,11.0,小程序,非会员,0
O11193,2026-05-22 15:08:09,星野茶·大学城店,奥利奥奶昔,奶茶,18,1,0,18,7.0,外卖饿了么,金卡,0
O11194,2026-05-22 15:26:04,星野茶·大学城店,生椰拿铁,咖啡,16,1,0,16,6.0,小程序,银卡,0
O11195,2026-05-22 18:07:31,星野茶·万达店,杨枝甘露,果茶,18,2,3.6,32.4,15.0,外卖饿了么,非会员,0
O11196,2026-05-22 21:15:30,星野茶·地铁口店,多肉葡萄,果茶,19,2,0,38,16.0,堂食,非会员,0
O11197,2026-05-22 14:54:10,星野茶·地铁口店,奥利奥奶昔,奶茶,18,1,0,18,7.0,堂食,新客,0
O11198,2026-05-22 16:48:16,星野茶·大学城店,柠檬绿茶,果茶,12,1,0,12,3.5,堂食,银卡,0
O11199,2026-05-22 19:40:45,星野茶·大学城店,芋泥波波,奶茶,17,1,0,17,6.5,堂食,新客,0
O11200,2026-05-22 14:29:34,星野茶·万达店,芋泥波波,奶茶,17,1,0,17,6.5,小程序,银卡,0
O11201,2026-05-22 11:26:18,星野茶·地铁口店,伯牙绝弦,茶底,15,1,1.5,13.5,5.5,外卖饿了么,非会员,0
O11202,2026-05-22 19:46:10,星野茶·地铁口店,芋泥波波,奶茶,17,2,3.4,30.6,13.0,小程序,金卡,0
O11203,2026-05-22 14:36:09,星野茶·地铁口店,伯牙绝弦,茶底,15,1,0,15,5.5,外卖饿了么,银卡,0
O11204,2026-05-22 17:19:13,星野茶·万达店,生椰拿铁,咖啡,16,1,1.6,14.4,6.0,外卖饿了么,非会员,0
O11205,2026-05-22 17:37:52,星野茶·地铁口店,伯牙绝弦,茶底,15,1,1.5,13.5,5.5,外卖美团,新客,0
O11206,2026-05-22 12:49:49,星野茶·万达店,杨枝甘露,果茶,18,2,3.6,32.4,15.0,小程序,普通会员,0
O11207,2026-05-22 14:15:34,星野茶·万达店,杨枝甘露,果茶,18,1,0,18,7.5,外卖美团,金卡,0
O11208,2026-05-23 21:12:02,星野茶·万达店,美式咖啡,咖啡,11,2,0,22,6.0,小程序,普通会员,0
O11209,2026-05-23 17:33:51,星野茶·大学城店,伯牙绝弦,茶底,15,1,1.5,13.5,5.5,堂食,非会员,0
O11210,2026-05-23 18:56:59,星野茶·大学城店,美式咖啡,咖啡,11,2,0,22,6.0,小程序,新客,0
O11211,2026-05-23 21:45:46,星野茶·万达店,杨枝甘露,果茶,18,2,3.6,32.4,15.0,堂食,非会员,0
O11212,2026-05-23 13:00:56,星野茶·大学城店,美式咖啡,咖啡,11,2,2.2,19.8,6.0,外卖美团,非会员,0
O11213,2026-05-23 13:07:55,星野茶·万达店,杨枝甘露,果茶,18,1,0,18,7.5,堂食,新客,0
O11214,2026-05-23 21:58:05,星野茶·地铁口店,芋泥波波,奶茶,17,2,0,34,13.0,小程序,普通会员,0
O11215,2026-05-23 13:15:43,星野茶·大学城店,生椰拿铁,咖啡,16,2,0,32,12.0,堂食,普通会员,0
O11216,2026-05-23 16:54:32,星野茶·万达店,多肉葡萄,果茶,19,2,0,38,16.0,小程序,普通会员,0
O11217,2026-05-23 12:20:12,星野茶·大学城店,芋泥波波,奶茶,17,2,3.4,30.6,13.0,堂食,普通会员,0
O11218,2026-05-23 21:56:05,星野茶·大学城店,伯牙绝弦,茶底,15,1,0,15,5.5,外卖美团,银卡,0
O11219,2026-05-23 17:05:16,星野茶·地铁口店,奥利奥奶昔,奶茶,18,1,0,18,7.0,堂食,新客,0
O11220,2026-05-23 11:14:59,星野茶·地铁口店,生椰拿铁,咖啡,16,2,3.2,28.8,12.0,外卖美团,普通会员,0
O11221,2026-05-23 11:38:44,星野茶·大学城店,生椰拿铁,咖啡,16,1,1.6,14.4,6.0,堂食,新客,0
O11222,2026-05-23 12:53:23,星野茶·万达店,杨枝甘露,果茶,18,1,0,18,7.5,小程序,普通会员,0
O11223,2026-05-23 13:24:19,星野茶·大学城店,伯牙绝弦,茶底,15,1,0,15,5.5,外卖饿了么,新客,0
O11224,2026-05-23 20:56:08,星野茶·地铁口店,杨枝甘露,果茶,18,2,0,36,15.0,外卖美团,新客,0
O11225,2026-05-23 20:45:10,星野茶·地铁口店,芋泥波波,奶茶,17,1,1.7,15.3,6.5,小程序,非会员,0
O11226,2026-05-23 12:29:32,星野茶·大学城店,杨枝甘露,果茶,18,1,0,18,7.5,外卖饿了么,新客,0
O11227,2026-05-23 16:03:07,星野茶·万达店,杨枝甘露,果茶,18,1,1.8,16.2,7.5,外卖美团,银卡,0
O11228,2026-05-23 15:53:30,星野茶·大学城店,奥利奥奶昔,奶茶,18,1,0,18,7.0,外卖美团,非会员,0
O11229,2026-05-23 18:32:30,星野茶·地铁口店,生椰拿铁,咖啡,16,1,0,16,6.0,堂食,银卡,0
O11230,2026-05-23 11:25:12,星野茶·地铁口店,伯牙绝弦,茶底,15,2,0,30,11.0,外卖饿了么,新客,0
O11231,2026-05-23 20:58:35,星野茶·大学城店,奥利奥奶昔,奶茶,18,1,0,18,7.0,外卖饿了么,金卡,0
O11232,2026-05-23 17:21:08,星野茶·地铁口店,美式咖啡,咖啡,11,1,0,11,3.0,堂食,银卡,0
O11233,2026-05-23 11:49:21,星野茶·大学城店,多肉葡萄,果茶,19,1,0,19,8.0,外卖美团,新客,0
O11234,2026-05-23 13:52:20,星野茶·地铁口店,柠檬绿茶,果茶,12,1,0,12,3.5,外卖饿了么,非会员,0
O11235,2026-05-23 18:09:45,星野茶·大学城店,奥利奥奶昔,奶茶,18,1,1.8,16.2,7.0,外卖饿了么,金卡,0
O11236,2026-05-23 15:17:22,星野茶·大学城店,伯牙绝弦,茶底,15,1,0,15,5.5,外卖饿了么,银卡,0
O11237,2026-05-23 20:44:41,星野茶·地铁口店,美式咖啡,咖啡,11,1,0,11,3.0,小程序,普通会员,0
O11238,2026-05-23 21:03:36,星野茶·万达店,杨枝甘露,果茶,18,1,1.8,16.2,7.5,堂食,金卡,0
O11239,2026-05-23 18:36:19,星野茶·大学城店,美式咖啡,咖啡,11,2,0,22,6.0,小程序,非会员,0
O11240,2026-05-23 19:57:01,星野茶·大学城店,奥利奥奶昔,奶茶,18,1,0,18,7.0,外卖美团,普通会员,0
O11241,2026-05-23 20:46:44,星野茶·大学城店,美式咖啡,咖啡,11,1,1.1,9.9,3.0,外卖美团,金卡,1
O11242,2026-05-23 12:22:33,星野茶·地铁口店,奥利奥奶昔,奶茶,18,1,1.8,16.2,7.0,外卖美团,金卡,0
O11243,2026-05-23 20:21:12,星野茶·地铁口店,奥利奥奶昔,奶茶,18,1,0,18,7.0,外卖饿了么,银卡,0
O11244,2026-05-23 14:49:08,星野茶·地铁口店,伯牙绝弦,茶底,15,2,3.0,27.0,11.0,小程序,普通会员,1
O11245,2026-05-23 18:55:55,星野茶·地铁口店,美式咖啡,咖啡,11,1,0,11,3.0,小程序,新客,0
O11246,2026-05-23 12:50:26,星野茶·地铁口店,杨枝甘露,果茶,18,1,0,18,7.5,外卖饿了么,普通会员,0
O11247,2026-05-23 11:37:02,星野茶·万达店,奥利奥奶昔,奶茶,18,1,0,18,7.0,堂食,金卡,0
O11248,2026-05-23 21:44:48,星野茶·地铁口店,美式咖啡,咖啡,11,1,0,11,3.0,堂食,金卡,0
O11249,2026-05-23 13:46:12,星野茶·地铁口店,生椰拿铁,咖啡,16,1,0,16,6.0,小程序,银卡,0
O11250,2026-05-23 16:59:00,星野茶·万达店,生椰拿铁,咖啡,16,1,0,16,6.0,堂食,金卡,0
O11251,2026-05-23 18:28:13,星野茶·地铁口店,多肉葡萄,果茶,19,2,0,38,16.0,外卖饿了么,非会员,0
O11252,2026-05-23 11:17:25,星野茶·地铁口店,杨枝甘露,果茶,18,2,0,36,15.0,堂食,新客,0
O11253,2026-05-23 21:25:03,星野茶·地铁口店,芋泥波波,奶茶,17,1,1.7,15.3,6.5,小程序,非会员,0
O11254,2026-05-23 11:18:51,星野茶·大学城店,奥利奥奶昔,奶茶,18,1,0,18,7.0,堂食,银卡,0
O11255,2026-05-23 13:51:17,星野茶·万达店,杨枝甘露,果茶,18,1,1.8,16.2,7.5,堂食,新客,0
O11256,2026-05-23 18:19:39,星野茶·大学城店,杨枝甘露,果茶,18,1,0,18,7.5,外卖饿了么,非会员,0
O11257,2026-05-23 14:44:11,星野茶·万达店,伯牙绝弦,茶底,15,1,0,15,5.5,外卖美团,非会员,0
O11258,2026-05-23 16:23:27,星野茶·地铁口店,生椰拿铁,咖啡,16,1,1.6,14.4,6.0,堂食,新客,0
O11259,2026-05-23 13:04:20,星野茶·地铁口店,芋泥波波,奶茶,17,1,0,17,6.5,小程序,银卡,0
O11260,2026-05-23 16:29:23,星野茶·大学城店,柠檬绿茶,果茶,12,2,0,24,7.0,小程序,普通会员,0
O11261,2026-05-23 12:25:05,星野茶·大学城店,美式咖啡,咖啡,11,1,1.1,9.9,3.0,外卖美团,普通会员,0
O11262,2026-05-23 11:01:20,星野茶·地铁口店,美式咖啡,咖啡,11,2,2.2,19.8,6.0,外卖饿了么,新客,0
O11263,2026-05-23 21:48:07,星野茶·地铁口店,芋泥波波,奶茶,17,1,0,17,6.5,堂食,银卡,0
O11264,2026-05-23 11:20:45,星野茶·地铁口店,杨枝甘露,果茶,18,1,0,18,7.5,堂食,金卡,0
O11265,2026-05-23 18:40:35,星野茶·大学城店,多肉葡萄,果茶,19,2,0,38,16.0,外卖美团,非会员,0
O11266,2026-05-23 16:58:21,星野茶·地铁口店,杨枝甘露,果茶,18,1,1.8,16.2,7.5,小程序,新客,0
O11267,2026-05-23 20:24:43,星野茶·大学城店,美式咖啡,咖啡,11,1,0,11,3.0,堂食,新客,0
O11268,2026-05-23 17:45:53,星野茶·地铁口店,奥利奥奶昔,奶茶,18,1,0,18,7.0,外卖饿了么,银卡,0
O11269,2026-05-23 15:48:16,星野茶·万达店,杨枝甘露,果茶,18,1,0,18,7.5,外卖美团,非会员,0
O11270,2026-05-23 18:55:33,星野茶·地铁口店,芋泥波波,奶茶,17,1,0,17,6.5,堂食,金卡,0
O11271,2026-05-23 11:34:32,星野茶·大学城店,生椰拿铁,咖啡,16,1,0,16,6.0,外卖饿了么,新客,0
O11272,2026-05-23 16:38:08,星野茶·地铁口店,生椰拿铁,咖啡,16,1,0,16,6.0,小程序,银卡,0
O11273,2026-05-23 14:20:43,星野茶·大学城店,奥利奥奶昔,奶茶,18,1,0,18,7.0,外卖饿了么,非会员,0
O11274,2026-05-24 11:04:36,星野茶·万达店,杨枝甘露,果茶,18,1,1.8,16.2,7.5,小程序,银卡,0
O11275,2026-05-24 11:13:13,星野茶·地铁口店,柠檬绿茶,果茶,12,1,0,12,3.5,堂食,金卡,0
O11276,2026-05-24 12:50:15,星野茶·大学城店,多肉葡萄,果茶,19,1,0,19,8.0,小程序,银卡,0
O11277,2026-05-24 13:49:03,星野茶·地铁口店,奥利奥奶昔,奶茶,18,1,0,18,7.0,小程序,银卡,0
O11278,2026-05-24 18:45:36,星野茶·地铁口店,美式咖啡,咖啡,11,1,0,11,3.0,堂食,普通会员,0
O11279,2026-05-24 20:03:44,星野茶·大学城店,伯牙绝弦,茶底,15,2,3.0,27.0,11.0,堂食,普通会员,0
O11280,2026-05-24 16:11:15,星野茶·地铁口店,生椰拿铁,咖啡,16,1,0,16,6.0,堂食,新客,0
O11281,2026-05-24 16:33:52,星野茶·地铁口店,芋泥波波,奶茶,17,1,0,17,6.5,小程序,金卡,0
O11282,2026-05-24 21:11:28,星野茶·大学城店,生椰拿铁,咖啡,16,1,0,16,6.0,堂食,银卡,0
O11283,2026-05-24 13:27:11,星野茶·万达店,杨枝甘露,果茶,18,1,1.8,16.2,7.5,外卖饿了么,新客,0
O11284,2026-05-24 14:44:11,星野茶·万达店,杨枝甘露,果茶,18,1,0,18,7.5,外卖美团,非会员,0
O11285,2026-05-24 12:25:55,星野茶·地铁口店,多肉葡萄,果茶,19,1,0,19,8.0,堂食,银卡,0
O11286,2026-05-24 17:44:57,星野茶·地铁口店,芋泥波波,奶茶,17,1,0,17,6.5,小程序,非会员,0
O11287,2026-05-24 19:25:14,星野茶·大学城店,奥利奥奶昔,奶茶,18,1,0,18,7.0,外卖美团,金卡,0
O11288,2026-05-24 14:48:41,星野茶·地铁口店,芋泥波波,奶茶,17,1,1.7,15.3,6.5,外卖饿了么,银卡,0
O11289,2026-05-24 16:33:39,星野茶·万达店,伯牙绝弦,茶底,15,1,0,15,5.5,堂食,银卡,0
O11290,2026-05-24 18:10:49,星野茶·地铁口店,多肉葡萄,果茶,19,1,0,19,8.0,外卖饿了么,银卡,0
O11291,2026-05-24 18:31:32,星野茶·地铁口店,多肉葡萄,果茶,19,1,0,19,8.0,堂食,银卡,0
O11292,2026-05-24 17:03:08,星野茶·地铁口店,美式咖啡,咖啡,11,1,0,11,3.0,小程序,金卡,0
O11293,2026-05-24 15:25:23,星野茶·大学城店,多肉葡萄,果茶,19,1,0,19,8.0,小程序,金卡,0
O11294,2026-05-24 11:40:07,星野茶·地铁口店,美式咖啡,咖啡,11,1,0,11,3.0,外卖饿了么,银卡,0
O11295,2026-05-24 15:36:53,星野茶·地铁口店,芋泥波波,奶茶,17,1,0,17,6.5,外卖饿了么,普通会员,0
O11296,2026-05-24 12:00:41,星野茶·万达店,杨枝甘露,果茶,18,1,1.8,16.2,7.5,外卖饿了么,非会员,0
O11297,2026-05-24 19:38:36,星野茶·万达店,奥利奥奶昔,奶茶,18,1,0,18,7.0,外卖美团,非会员,0
O11298,2026-05-24 15:19:00,星野茶·大学城店,柠檬绿茶,果茶,12,2,0,24,7.0,外卖饿了么,非会员,0
O11299,2026-05-24 13:04:11,星野茶·万达店,杨枝甘露,果茶,18,1,0,18,7.5,堂食,新客,0
O11300,2026-05-24 11:05:14,星野茶·大学城店,芋泥波波,奶茶,17,1,1.7,15.3,6.5,外卖饿了么,金卡,0
O11301,2026-05-24 15:39:45,星野茶·地铁口店,美式咖啡,咖啡,11,2,0,22,6.0,外卖饿了么,银卡,0
O11302,2026-05-24 21:57:47,星野茶·地铁口店,伯牙绝弦,茶底,15,1,1.5,13.5,5.5,外卖饿了么,非会员,0
O11303,2026-05-24 14:47:39,星野茶·地铁口店,柠檬绿茶,果茶,12,1,0,12,3.5,外卖美团,新客,0
O11304,2026-05-24 21:25:03,星野茶·万达店,杨枝甘露,果茶,18,2,0,36,15.0,外卖美团,非会员,0
O11305,2026-05-24 13:29:48,星野茶·大学城店,芋泥波波,奶茶,17,1,1.7,15.3,6.5,小程序,金卡,0
O11306,2026-05-24 17:49:19,星野茶·地铁口店,杨枝甘露,果茶,18,1,0,18,7.5,外卖饿了么,新客,0
O11307,2026-05-24 21:29:47,星野茶·地铁口店,奥利奥奶昔,奶茶,18,1,0,18,7.0,小程序,金卡,0
O11308,2026-05-24 17:10:12,星野茶·万达店,多肉葡萄,果茶,19,1,0,19,8.0,堂食,银卡,0
O11309,2026-05-24 14:02:36,星野茶·地铁口店,伯牙绝弦,茶底,15,1,0,15,5.5,堂食,银卡,0
O11310,2026-05-24 14:52:38,星野茶·大学城店,美式咖啡,咖啡,11,2,0,22,6.0,小程序,金卡,0
O11311,2026-05-24 21:38:22,星野茶·万达店,杨枝甘露,果茶,18,2,0,36,15.0,小程序,非会员,0
O11312,2026-05-24 21:04:17,星野茶·万达店,芋泥波波,奶茶,17,1,0,17,6.5,堂食,新客,0
O11313,2026-05-24 12:25:37,星野茶·万达店,芋泥波波,奶茶,17,1,0,17,6.5,外卖美团,普通会员,0
O11314,2026-05-24 19:56:03,星野茶·万达店,伯牙绝弦,茶底,15,1,0,15,5.5,小程序,银卡,0
O11315,2026-05-24 21:13:33,星野茶·地铁口店,美式咖啡,咖啡,11,1,0,11,3.0,外卖饿了么,新客,0
O11316,2026-05-24 15:25:00,星野茶·大学城店,杨枝甘露,果茶,18,1,1.8,16.2,7.5,外卖美团,新客,0
O11317,2026-05-24 19:05:26,星野茶·万达店,柠檬绿茶,果茶,12,2,0,24,7.0,外卖美团,普通会员,1
O11318,2026-05-24 18:20:51,星野茶·大学城店,奥利奥奶昔,奶茶,18,1,1.8,16.2,7.0,外卖饿了么,新客,0
O11319,2026-05-24 21:30:05,星野茶·万达店,杨枝甘露,果茶,18,1,0,18,7.5,外卖饿了么,非会员,0
O11320,2026-05-24 21:51:43,星野茶·地铁口店,美式咖啡,咖啡,11,1,1.1,9.9,3.0,外卖美团,银卡,0
O11321,2026-05-24 18:08:22,星野茶·大学城店,生椰拿铁,咖啡,16,1,1.6,14.4,6.0,外卖饿了么,金卡,0
O11322,2026-05-24 12:03:21,星野茶·地铁口店,芋泥波波,奶茶,17,1,0,17,6.5,堂食,普通会员,0
O11323,2026-05-24 11:06:07,星野茶·万达店,杨枝甘露,果茶,18,2,0,36,15.0,外卖饿了么,普通会员,0
O11324,2026-05-25 17:47:03,星野茶·地铁口店,奥利奥奶昔,奶茶,18,2,0,36,14.0,外卖饿了么,普通会员,0
O11325,2026-05-25 12:42:03,星野茶·大学城店,奥利奥奶昔,奶茶,18,1,0,18,7.0,外卖美团,新客,0
O11326,2026-05-25 12:31:33,星野茶·地铁口店,多肉葡萄,果茶,19,2,0,38,16.0,堂食,银卡,0
O11327,2026-05-25 15:44:56,星野茶·大学城店,柠檬绿茶,果茶,12,1,1.2,10.8,3.5,堂食,金卡,0
O11328,2026-05-25 14:42:29,星野茶·万达店,杨枝甘露,果茶,18,2,0,36,15.0,外卖美团,新客,0
O11329,2026-05-25 19:31:10,星野茶·地铁口店,杨枝甘露,果茶,18,1,0,18,7.5,外卖饿了么,普通会员,0
O11330,2026-05-25 12:08:29,星野茶·大学城店,伯牙绝弦,茶底,15,1,0,15,5.5,外卖饿了么,普通会员,1
O11331,2026-05-25 13:30:30,星野茶·万达店,伯牙绝弦,茶底,15,1,0,15,5.5,外卖美团,普通会员,0
O11332,2026-05-25 13:30:49,星野茶·地铁口店,多肉葡萄,果茶,19,2,0,38,16.0,外卖美团,非会员,0
O11333,2026-05-25 11:42:08,星野茶·大学城店,杨枝甘露,果茶,18,1,0,18,7.5,小程序,非会员,0
O11334,2026-05-25 20:58:20,星野茶·大学城店,芋泥波波,奶茶,17,1,1.7,15.3,6.5,堂食,金卡,0
O11335,2026-05-25 19:13:14,星野茶·大学城店,美式咖啡,咖啡,11,1,0,11,3.0,外卖美团,金卡,0
O11336,2026-05-25 14:51:16,星野茶·大学城店,美式咖啡,咖啡,11,1,0,11,3.0,小程序,非会员,0
O11337,2026-05-25 16:01:06,星野茶·地铁口店,伯牙绝弦,茶底,15,1,0,15,5.5,外卖饿了么,新客,0
O11338,2026-05-25 15:21:11,星野茶·大学城店,多肉葡萄,果茶,19,2,3.8,34.2,16.0,外卖美团,金卡,0
O11339,2026-05-25 17:20:28,星野茶·大学城店,美式咖啡,咖啡,11,2,0,22,6.0,外卖美团,非会员,0
O11340,2026-05-25 21:02:09,星野茶·万达店,杨枝甘露,果茶,18,1,0,18,7.5,外卖美团,银卡,0
O11341,2026-05-25 14:20:28,星野茶·地铁口店,芋泥波波,奶茶,17,2,0,34,13.0,小程序,普通会员,0
O11342,2026-05-25 21:22:49,星野茶·地铁口店,多肉葡萄,果茶,19,1,1.9,17.1,8.0,堂食,非会员,0
O11343,2026-05-25 18:52:30,星野茶·地铁口店,多肉葡萄,果茶,19,1,0,19,8.0,外卖美团,金卡,0
O11344,2026-05-25 21:12:37,星野茶·万达店,杨枝甘露,果茶,18,1,1.8,16.2,7.5,外卖美团,银卡,0
O11345,2026-05-25 18:36:19,星野茶·万达店,美式咖啡,咖啡,11,1,0,11,3.0,外卖饿了么,普通会员,0
O11346,2026-05-25 13:19:48,星野茶·大学城店,美式咖啡,咖啡,11,1,0,11,3.0,堂食,普通会员,0
O11347,2026-05-25 19:27:11,星野茶·万达店,美式咖啡,咖啡,11,1,0,11,3.0,外卖美团,金卡,0
O11348,2026-05-25 17:18:32,星野茶·万达店,杨枝甘露,果茶,18,2,0,36,15.0,外卖饿了么,银卡,0
O11349,2026-05-25 15:51:51,星野茶·地铁口店,美式咖啡,咖啡,11,1,1.1,9.9,3.0,外卖饿了么,银卡,0
O11350,2026-05-25 16:57:42,星野茶·地铁口店,多肉葡萄,果茶,19,1,0,19,8.0,外卖美团,金卡,0
O11351,2026-05-25 11:18:13,星野茶·大学城店,奥利奥奶昔,奶茶,18,1,1.8,16.2,7.0,外卖饿了么,非会员,0
O11352,2026-05-25 11:38:00,星野茶·地铁口店,生椰拿铁,咖啡,16,1,1.6,14.4,6.0,外卖美团,新客,0
O11353,2026-05-25 11:19:11,星野茶·大学城店,多肉葡萄,果茶,19,1,0,19,8.0,外卖美团,非会员,0
O11354,2026-05-25 20:07:40,星野茶·万达店,柠檬绿茶,果茶,12,1,0,12,3.5,外卖饿了么,非会员,0
O11355,2026-05-25 13:42:01,星野茶·大学城店,多肉葡萄,果茶,19,1,1.9,17.1,8.0,堂食,银卡,0
O11356,2026-05-26 11:48:21,星野茶·万达店,杨枝甘露,果茶,18,2,0,36,15.0,堂食,非会员,0
O11357,2026-05-26 14:02:11,星野茶·大学城店,柠檬绿茶,果茶,12,1,0,12,3.5,外卖美团,金卡,0
O11358,2026-05-26 14:02:40,星野茶·万达店,柠檬绿茶,果茶,12,1,0,12,3.5,外卖美团,普通会员,0
O11359,2026-05-26 15:22:29,星野茶·大学城店,柠檬绿茶,果茶,12,1,0,12,3.5,外卖饿了么,金卡,0
O11360,2026-05-26 14:29:22,星野茶·地铁口店,奥利奥奶昔,奶茶,18,1,0,18,7.0,小程序,非会员,0
O11361,2026-05-26 15:20:25,星野茶·万达店,杨枝甘露,果茶,18,1,0,18,7.5,小程序,非会员,0
O11362,2026-05-26 17:14:22,星野茶·大学城店,芋泥波波,奶茶,17,1,0,17,6.5,小程序,普通会员,0
O11363,2026-05-26 13:08:25,星野茶·大学城店,美式咖啡,咖啡,11,2,0,22,6.0,堂食,银卡,0
O11364,2026-05-26 13:30:52,星野茶·地铁口店,柠檬绿茶,果茶,12,1,0,12,3.5,外卖美团,新客,0
O11365,2026-05-26 13:22:30,星野茶·万达店,芋泥波波,奶茶,17,1,1.7,15.3,6.5,外卖饿了么,新客,0
O11366,2026-05-26 17:16:38,星野茶·大学城店,多肉葡萄,果茶,19,1,0,19,8.0,外卖美团,金卡,0
O11367,2026-05-26 18:58:57,星野茶·万达店,伯牙绝弦,茶底,15,1,0,15,5.5,外卖美团,非会员,0
O11368,2026-05-26 11:22:32,星野茶·万达店,伯牙绝弦,茶底,15,2,0,30,11.0,外卖美团,非会员,0
O11369,2026-05-26 17:17:49,星野茶·大学城店,生椰拿铁,咖啡,16,1,0,16,6.0,小程序,普通会员,0
O11370,2026-05-26 19:20:20,星野茶·地铁口店,生椰拿铁,咖啡,16,1,0,16,6.0,堂食,银卡,0
O11371,2026-05-26 12:35:43,星野茶·大学城店,芋泥波波,奶茶,17,1,0,17,6.5,小程序,银卡,0
O11372,2026-05-26 13:58:45,星野茶·大学城店,杨枝甘露,果茶,18,1,0,18,7.5,小程序,非会员,0
O11373,2026-05-26 12:02:16,星野茶·地铁口店,美式咖啡,咖啡,11,1,1.1,9.9,3.0,堂食,普通会员,0
O11374,2026-05-26 11:35:46,星野茶·大学城店,多肉葡萄,果茶,19,1,0,19,8.0,小程序,金卡,0
O11375,2026-05-26 19:25:51,星野茶·大学城店,多肉葡萄,果茶,19,1,0,19,8.0,堂食,普通会员,0
O11376,2026-05-26 17:52:18,星野茶·地铁口店,奥利奥奶昔,奶茶,18,1,0,18,7.0,外卖饿了么,银卡,0
O11377,2026-05-26 14:37:04,星野茶·地铁口店,芋泥波波,奶茶,17,1,1.7,15.3,6.5,小程序,普通会员,0
O11378,2026-05-26 16:52:47,星野茶·地铁口店,生椰拿铁,咖啡,16,2,0,32,12.0,外卖饿了么,新客,0
O11379,2026-05-26 15:59:54,星野茶·万达店,芋泥波波,奶茶,17,1,1.7,15.3,6.5,外卖饿了么,新客,0
O11380,2026-05-26 15:19:55,星野茶·大学城店,杨枝甘露,果茶,18,2,0,36,15.0,小程序,非会员,0
O11381,2026-05-26 18:20:58,星野茶·大学城店,奥利奥奶昔,奶茶,18,1,0,18,7.0,小程序,银卡,0
O11382,2026-05-26 21:32:25,星野茶·大学城店,多肉葡萄,果茶,19,1,1.9,17.1,8.0,外卖美团,金卡,0
O11383,2026-05-26 20:58:12,星野茶·万达店,杨枝甘露,果茶,18,1,1.8,16.2,7.5,外卖美团,金卡,1
O11384,2026-05-26 19:00:44,星野茶·万达店,伯牙绝弦,茶底,15,1,1.5,13.5,5.5,外卖饿了么,普通会员,0
O11385,2026-05-26 21:38:22,星野茶·大学城店,生椰拿铁,咖啡,16,1,1.6,14.4,6.0,外卖美团,普通会员,0
O11386,2026-05-26 17:21:18,星野茶·大学城店,杨枝甘露,果茶,18,1,1.8,16.2,7.5,外卖美团,新客,0
O11387,2026-05-26 13:51:14,星野茶·大学城店,柠檬绿茶,果茶,12,1,0,12,3.5,外卖饿了么,金卡,0
O11388,2026-05-26 12:00:27,星野茶·地铁口店,伯牙绝弦,茶底,15,1,1.5,13.5,5.5,外卖饿了么,银卡,0
O11389,2026-05-26 18:53:02,星野茶·万达店,伯牙绝弦,茶底,15,1,1.5,13.5,5.5,小程序,银卡,0
O11390,2026-05-26 12:02:24,星野茶·万达店,杨枝甘露,果茶,18,1,0,18,7.5,堂食,新客,0
O11391,2026-05-26 12:36:07,星野茶·万达店,生椰拿铁,咖啡,16,1,1.6,14.4,6.0,外卖饿了么,新客,0
O11392,2026-05-27 19:45:48,星野茶·万达店,芋泥波波,奶茶,17,1,0,17,6.5,小程序,金卡,0
O11393,2026-05-27 14:56:48,星野茶·地铁口店,奥利奥奶昔,奶茶,18,1,0,18,7.0,堂食,普通会员,0
O11394,2026-05-27 12:03:06,星野茶·万达店,奥利奥奶昔,奶茶,18,1,0,18,7.0,外卖饿了么,新客,0
O11395,2026-05-27 17:11:03,星野茶·万达店,生椰拿铁,咖啡,16,1,1.6,14.4,6.0,外卖美团,非会员,0
O11396,2026-05-27 11:36:23,星野茶·地铁口店,芋泥波波,奶茶,17,2,0,34,13.0,堂食,新客,0
O11397,2026-05-27 19:18:12,星野茶·万达店,杨枝甘露,果茶,18,1,0,18,7.5,外卖美团,新客,0
O11398,2026-05-27 11:28:39,星野茶·大学城店,伯牙绝弦,茶底,15,1,0,15,5.5,外卖饿了么,普通会员,0
O11399,2026-05-27 11:56:16,星野茶·万达店,杨枝甘露,果茶,18,2,0,36,15.0,堂食,新客,0
O11400,2026-05-27 15:51:27,星野茶·大学城店,多肉葡萄,果茶,19,1,1.9,17.1,8.0,外卖美团,普通会员,0
O11401,2026-05-27 11:05:12,星野茶·大学城店,多肉葡萄,果茶,19,2,3.8,34.2,16.0,小程序,金卡,0
O11402,2026-05-27 16:16:41,星野茶·地铁口店,多肉葡萄,果茶,19,1,0,19,8.0,小程序,银卡,0
O11403,2026-05-27 20:39:42,星野茶·大学城店,生椰拿铁,咖啡,16,2,0,32,12.0,外卖美团,银卡,0
O11404,2026-05-27 19:18:11,星野茶·大学城店,生椰拿铁,咖啡,16,1,0,16,6.0,外卖美团,新客,0
O11405,2026-05-27 21:38:21,星野茶·地铁口店,杨枝甘露,果茶,18,1,0,18,7.5,外卖饿了么,金卡,0
O11406,2026-05-27 18:12:13,星野茶·大学城店,奥利奥奶昔,奶茶,18,1,1.8,16.2,7.0,外卖饿了么,非会员,0
O11407,2026-05-27 20:35:52,星野茶·地铁口店,柠檬绿茶,果茶,12,1,0,12,3.5,堂食,非会员,0
O11408,2026-05-27 20:46:50,星野茶·万达店,生椰拿铁,咖啡,16,1,1.6,14.4,6.0,小程序,普通会员,0
O11409,2026-05-27 21:05:43,星野茶·地铁口店,美式咖啡,咖啡,11,1,0,11,3.0,堂食,银卡,0
O11410,2026-05-27 11:50:58,星野茶·地铁口店,生椰拿铁,咖啡,16,1,1.6,14.4,6.0,外卖美团,金卡,0
O11411,2026-05-27 20:16:24,星野茶·地铁口店,柠檬绿茶,果茶,12,1,0,12,3.5,外卖饿了么,非会员,0
O11412,2026-05-27 21:16:04,星野茶·地铁口店,芋泥波波,奶茶,17,2,0,34,13.0,外卖饿了么,非会员,0
O11413,2026-05-27 11:50:58,星野茶·万达店,柠檬绿茶,果茶,12,1,1.2,10.8,3.5,小程序,金卡,0
O11414,2026-05-27 15:56:54,星野茶·地铁口店,生椰拿铁,咖啡,16,1,1.6,14.4,6.0,外卖饿了么,普通会员,0
O11415,2026-05-27 11:29:34,星野茶·万达店,芋泥波波,奶茶,17,1,0,17,6.5,堂食,新客,0
O11416,2026-05-27 19:52:45,星野茶·万达店,伯牙绝弦,茶底,15,1,0,15,5.5,堂食,银卡,0
O11417,2026-05-27 19:16:56,星野茶·万达店,美式咖啡,咖啡,11,1,0,11,3.0,外卖美团,银卡,0
O11418,2026-05-27 14:50:49,星野茶·大学城店,多肉葡萄,果茶,19,1,0,19,8.0,小程序,新客,0
O11419,2026-05-27 12:15:07,星野茶·地铁口店,伯牙绝弦,茶底,15,1,0,15,5.5,堂食,普通会员,0
O11420,2026-05-27 13:37:15,星野茶·大学城店,杨枝甘露,果茶,18,1,0,18,7.5,堂食,非会员,0
O11421,2026-05-27 20:48:22,星野茶·大学城店,多肉葡萄,果茶,19,1,1.9,17.1,8.0,外卖美团,普通会员,0
O11422,2026-05-27 17:03:07,星野茶·地铁口店,奥利奥奶昔,奶茶,18,2,0,36,14.0,外卖美团,银卡,0
O11423,2026-05-27 14:21:04,星野茶·地铁口店,多肉葡萄,果茶,19,1,0,19,8.0,外卖饿了么,银卡,0
O11424,2026-05-27 16:54:21,星野茶·大学城店,伯牙绝弦,茶底,15,2,0,30,11.0,堂食,金卡,0
O11425,2026-05-27 16:07:20,星野茶·大学城店,芋泥波波,奶茶,17,1,1.7,15.3,6.5,堂食,普通会员,0
O11426,2026-05-27 19:17:37,星野茶·大学城店,柠檬绿茶,果茶,12,1,0,12,3.5,小程序,银卡,0
O11427,2026-05-27 18:47:50,星野茶·地铁口店,伯牙绝弦,茶底,15,1,1.5,13.5,5.5,小程序,新客,0
O11428,2026-05-27 18:00:44,星野茶·万达店,伯牙绝弦,茶底,15,2,0,30,11.0,外卖美团,银卡,0
O11429,2026-05-27 17:20:33,星野茶·万达店,生椰拿铁,咖啡,16,1,1.6,14.4,6.0,小程序,普通会员,0
O11430,2026-05-27 21:14:03,星野茶·万达店,柠檬绿茶,果茶,12,1,1.2,10.8,3.5,堂食,新客,0
O11431,2026-05-27 11:01:31,星野茶·万达店,多肉葡萄,果茶,19,1,0,19,8.0,小程序,普通会员,0
O11432,2026-05-27 21:10:30,星野茶·地铁口店,多肉葡萄,果茶,19,1,0,19,8.0,外卖饿了么,银卡,0
O11433,2026-05-28 19:58:07,星野茶·万达店,美式咖啡,咖啡,11,1,0,11,3.0,外卖美团,非会员,0
O11434,2026-05-28 15:15:44,星野茶·大学城店,多肉葡萄,果茶,19,1,0,19,8.0,小程序,普通会员,0
O11435,2026-05-28 17:26:39,星野茶·地铁口店,美式咖啡,咖啡,11,1,1.1,9.9,3.0,小程序,普通会员,0
O11436,2026-05-28 11:13:46,星野茶·万达店,生椰拿铁,咖啡,16,2,3.2,28.8,12.0,小程序,普通会员,0
O11437,2026-05-28 16:49:44,星野茶·万达店,伯牙绝弦,茶底,15,1,0,15,5.5,堂食,普通会员,0
O11438,2026-05-28 16:28:37,星野茶·大学城店,芋泥波波,奶茶,17,1,0,17,6.5,小程序,非会员,0
O11439,2026-05-28 18:13:02,星野茶·万达店,美式咖啡,咖啡,11,1,0,11,3.0,堂食,新客,0
O11440,2026-05-28 11:40:27,星野茶·大学城店,芋泥波波,奶茶,17,2,0,34,13.0,小程序,非会员,0
O11441,2026-05-28 21:14:26,星野茶·万达店,多肉葡萄,果茶,19,1,0,19,8.0,外卖美团,金卡,0
O11442,2026-05-28 16:01:56,星野茶·地铁口店,多肉葡萄,果茶,19,1,0,19,8.0,堂食,金卡,0
O11443,2026-05-28 20:29:28,星野茶·大学城店,奥利奥奶昔,奶茶,18,1,0,18,7.0,堂食,非会员,0
O11444,2026-05-28 15:35:44,星野茶·地铁口店,多肉葡萄,果茶,19,1,0,19,8.0,外卖美团,银卡,0
O11445,2026-05-28 14:44:08,星野茶·地铁口店,生椰拿铁,咖啡,16,1,0,16,6.0,堂食,普通会员,0
O11446,2026-05-28 18:14:34,星野茶·地铁口店,柠檬绿茶,果茶,12,1,0,12,3.5,堂食,金卡,0
O11447,2026-05-28 16:57:28,星野茶·万达店,美式咖啡,咖啡,11,1,0,11,3.0,堂食,新客,0
O11448,2026-05-28 18:47:29,星野茶·万达店,柠檬绿茶,果茶,12,1,0,12,3.5,小程序,非会员,0
O11449,2026-05-28 17:35:32,星野茶·万达店,美式咖啡,咖啡,11,2,0,22,6.0,小程序,普通会员,0
O11450,2026-05-28 14:32:50,星野茶·地铁口店,芋泥波波,奶茶,17,1,1.7,15.3,6.5,外卖美团,银卡,0
O11451,2026-05-28 15:01:07,星野茶·地铁口店,美式咖啡,咖啡,11,1,0,11,3.0,小程序,非会员,0
O11452,2026-05-28 18:39:18,星野茶·万达店,柠檬绿茶,果茶,12,1,1.2,10.8,3.5,外卖饿了么,普通会员,0
O11453,2026-05-28 11:09:36,星野茶·大学城店,杨枝甘露,果茶,18,1,0,18,7.5,外卖美团,非会员,0
O11454,2026-05-28 21:54:53,星野茶·万达店,杨枝甘露,果茶,18,1,0,18,7.5,堂食,新客,0
O11455,2026-05-28 15:39:49,星野茶·大学城店,伯牙绝弦,茶底,15,1,0,15,5.5,小程序,银卡,0
O11456,2026-05-28 15:19:39,星野茶·地铁口店,杨枝甘露,果茶,18,1,0,18,7.5,外卖饿了么,银卡,1
O11457,2026-05-28 18:38:13,星野茶·大学城店,美式咖啡,咖啡,11,1,1.1,9.9,3.0,外卖饿了么,新客,0
O11458,2026-05-28 11:30:00,星野茶·大学城店,伯牙绝弦,茶底,15,1,1.5,13.5,5.5,堂食,新客,0
O11459,2026-05-28 15:32:06,星野茶·地铁口店,伯牙绝弦,茶底,15,1,0,15,5.5,外卖饿了么,非会员,0
O11460,2026-05-28 21:37:03,星野茶·地铁口店,生椰拿铁,咖啡,16,1,0,16,6.0,小程序,金卡,0
O11461,2026-05-28 16:10:05,星野茶·万达店,奥利奥奶昔,奶茶,18,1,0,18,7.0,外卖美团,金卡,0
O11462,2026-05-28 15:13:02,星野茶·大学城店,多肉葡萄,果茶,19,2,0,38,16.0,外卖饿了么,普通会员,0
O11463,2026-05-29 21:01:44,星野茶·大学城店,柠檬绿茶,果茶,12,1,1.2,10.8,3.5,小程序,普通会员,0
O11464,2026-05-29 14:23:46,星野茶·地铁口店,芋泥波波,奶茶,17,1,0,17,6.5,外卖饿了么,非会员,1
O11465,2026-05-29 14:29:18,星野茶·地铁口店,伯牙绝弦,茶底,15,1,0,15,5.5,外卖美团,银卡,0
O11466,2026-05-29 16:08:15,星野茶·万达店,杨枝甘露,果茶,18,2,0,36,15.0,堂食,非会员,0
O11467,2026-05-29 15:35:19,星野茶·地铁口店,杨枝甘露,果茶,18,1,0,18,7.5,堂食,金卡,0
O11468,2026-05-29 20:08:56,星野茶·地铁口店,柠檬绿茶,果茶,12,1,0,12,3.5,外卖美团,银卡,0
O11469,2026-05-29 14:04:20,星野茶·地铁口店,生椰拿铁,咖啡,16,1,1.6,14.4,6.0,小程序,金卡,0
O11470,2026-05-29 18:33:46,星野茶·地铁口店,柠檬绿茶,果茶,12,1,0,12,3.5,外卖饿了么,普通会员,0
O11471,2026-05-29 16:06:17,星野茶·万达店,多肉葡萄,果茶,19,1,1.9,17.1,8.0,外卖美团,金卡,0
O11472,2026-05-29 15:44:28,星野茶·万达店,芋泥波波,奶茶,17,1,0,17,6.5,堂食,金卡,0
O11473,2026-05-29 21:41:39,星野茶·万达店,多肉葡萄,果茶,19,2,0,38,16.0,外卖饿了么,普通会员,0
O11474,2026-05-29 20:55:54,星野茶·万达店,美式咖啡,咖啡,11,2,2.2,19.8,6.0,堂食,普通会员,0
O11475,2026-05-29 18:39:18,星野茶·万达店,杨枝甘露,果茶,18,1,0,18,7.5,堂食,新客,1
O11476,2026-05-29 14:36:43,星野茶·万达店,杨枝甘露,果茶,18,1,0,18,7.5,堂食,普通会员,0
O11477,2026-05-29 11:30:25,星野茶·万达店,生椰拿铁,咖啡,16,1,0,16,6.0,外卖美团,新客,0
O11478,2026-05-29 19:19:32,星野茶·万达店,芋泥波波,奶茶,17,1,1.7,15.3,6.5,外卖美团,新客,0
O11479,2026-05-29 11:48:13,星野茶·大学城店,奥利奥奶昔,奶茶,18,1,0,18,7.0,堂食,金卡,0
O11480,2026-05-29 19:50:02,星野茶·大学城店,伯牙绝弦,茶底,15,1,0,15,5.5,堂食,普通会员,0
O11481,2026-05-29 20:56:19,星野茶·大学城店,伯牙绝弦,茶底,15,1,0,15,5.5,外卖饿了么,金卡,0
O11482,2026-05-29 15:34:43,星野茶·万达店,芋泥波波,奶茶,17,1,1.7,15.3,6.5,外卖饿了么,非会员,0
O11483,2026-05-29 16:32:35,星野茶·地铁口店,柠檬绿茶,果茶,12,1,0,12,3.5,外卖饿了么,新客,0
O11484,2026-05-29 19:31:28,星野茶·地铁口店,美式咖啡,咖啡,11,1,0,11,3.0,外卖美团,金卡,0
O11485,2026-05-29 14:08:10,星野茶·大学城店,芋泥波波,奶茶,17,1,0,17,6.5,小程序,新客,0
O11486,2026-05-29 20:55:33,星野茶·大学城店,芋泥波波,奶茶,17,1,0,17,6.5,外卖饿了么,金卡,0
O11487,2026-05-29 16:56:11,星野茶·万达店,生椰拿铁,咖啡,16,1,0,16,6.0,外卖美团,金卡,0
O11488,2026-05-29 21:48:04,星野茶·地铁口店,杨枝甘露,果茶,18,1,0,18,7.5,外卖饿了么,非会员,0
O11489,2026-05-29 17:52:05,星野茶·大学城店,杨枝甘露,果茶,18,1,0,18,7.5,外卖饿了么,非会员,0
O11490,2026-05-29 13:00:27,星野茶·地铁口店,伯牙绝弦,茶底,15,1,0,15,5.5,外卖饿了么,新客,0
O11491,2026-05-29 18:58:25,星野茶·大学城店,杨枝甘露,果茶,18,1,0,18,7.5,外卖美团,非会员,0
O11492,2026-05-29 21:44:13,星野茶·地铁口店,芋泥波波,奶茶,17,1,0,17,6.5,外卖美团,新客,0
O11493,2026-05-29 18:47:20,星野茶·万达店,美式咖啡,咖啡,11,1,0,11,3.0,堂食,金卡,0
O11494,2026-05-29 19:26:50,星野茶·地铁口店,多肉葡萄,果茶,19,1,0,19,8.0,外卖饿了么,银卡,0
O11495,2026-05-30 21:19:22,星野茶·万达店,杨枝甘露,果茶,18,1,0,18,7.5,外卖美团,金卡,0
O11496,2026-05-30 12:23:42,星野茶·大学城店,柠檬绿茶,果茶,12,1,0,12,3.5,小程序,金卡,0
O11497,2026-05-30 15:19:15,星野茶·地铁口店,伯牙绝弦,茶底,15,1,0,15,5.5,外卖美团,银卡,0
O11498,2026-05-30 14:20:29,星野茶·地铁口店,多肉葡萄,果茶,19,1,0,19,8.0,堂食,非会员,0
O11499,2026-05-30 21:14:07,星野茶·大学城店,柠檬绿茶,果茶,12,1,0,12,3.5,外卖美团,普通会员,0
O11500,2026-05-30 20:03:31,星野茶·万达店,杨枝甘露,果茶,18,1,1.8,16.2,7.5,小程序,金卡,0
O11501,2026-05-30 12:18:53,星野茶·万达店,杨枝甘露,果茶,18,2,0,36,15.0,小程序,非会员,0
O11502,2026-05-30 14:26:57,星野茶·地铁口店,杨枝甘露,果茶,18,2,0,36,15.0,小程序,普通会员,0
O11503,2026-05-30 16:46:32,星野茶·大学城店,生椰拿铁,咖啡,16,1,0,16,6.0,外卖美团,普通会员,0
O11504,2026-05-30 17:43:38,星野茶·地铁口店,杨枝甘露,果茶,18,2,0,36,15.0,外卖饿了么,非会员,0
O11505,2026-05-30 17:07:25,星野茶·地铁口店,奥利奥奶昔,奶茶,18,1,0,18,7.0,小程序,非会员,0
O11506,2026-05-30 19:30:00,星野茶·大学城店,伯牙绝弦,茶底,15,1,0,15,5.5,堂食,普通会员,0
O11507,2026-05-30 13:26:29,星野茶·地铁口店,杨枝甘露,果茶,18,1,0,18,7.5,外卖饿了么,普通会员,0
O11508,2026-05-30 19:47:43,星野茶·大学城店,杨枝甘露,果茶,18,1,1.8,16.2,7.5,堂食,银卡,0
O11509,2026-05-30 11:13:13,星野茶·大学城店,伯牙绝弦,茶底,15,1,1.5,13.5,5.5,堂食,非会员,0
O11510,2026-05-30 12:59:56,星野茶·万达店,柠檬绿茶,果茶,12,1,0,12,3.5,堂食,银卡,0
O11511,2026-05-30 11:26:46,星野茶·地铁口店,多肉葡萄,果茶,19,1,0,19,8.0,堂食,金卡,0
O11512,2026-05-30 18:48:36,星野茶·地铁口店,芋泥波波,奶茶,17,1,0,17,6.5,小程序,非会员,0
O11513,2026-05-30 21:02:04,星野茶·地铁口店,多肉葡萄,果茶,19,1,0,19,8.0,外卖美团,新客,0
O11514,2026-05-30 20:42:51,星野茶·地铁口店,杨枝甘露,果茶,18,1,0,18,7.5,堂食,银卡,0
O11515,2026-05-30 16:55:29,星野茶·地铁口店,伯牙绝弦,茶底,15,1,0,15,5.5,小程序,金卡,0
O11516,2026-05-30 18:44:21,星野茶·万达店,多肉葡萄,果茶,19,2,0,38,16.0,小程序,银卡,0
O11517,2026-05-30 18:30:00,星野茶·万达店,生椰拿铁,咖啡,16,1,0,16,6.0,小程序,金卡,0
O11518,2026-05-30 21:05:12,星野茶·大学城店,伯牙绝弦,茶底,15,1,1.5,13.5,5.5,外卖美团,金卡,0
O11519,2026-05-30 19:19:04,星野茶·地铁口店,芋泥波波,奶茶,17,2,0,34,13.0,外卖美团,金卡,0
O11520,2026-05-30 20:31:28,星野茶·地铁口店,伯牙绝弦,茶底,15,1,0,15,5.5,外卖饿了么,新客,0
O11521,2026-05-30 13:37:28,星野茶·万达店,杨枝甘露,果茶,18,1,1.8,16.2,7.5,外卖饿了么,非会员,0
O11522,2026-05-30 20:11:05,星野茶·地铁口店,生椰拿铁,咖啡,16,1,0,16,6.0,堂食,普通会员,0
O11523,2026-05-30 20:38:34,星野茶·大学城店,杨枝甘露,果茶,18,1,0,18,7.5,堂食,新客,0
O11524,2026-05-30 21:39:24,星野茶·万达店,杨枝甘露,果茶,18,1,0,18,7.5,小程序,非会员,0
O11525,2026-05-30 11:05:17,星野茶·地铁口店,杨枝甘露,果茶,18,1,0,18,7.5,外卖饿了么,新客,0
O11526,2026-05-30 11:51:35,星野茶·万达店,多肉葡萄,果茶,19,1,0,19,8.0,外卖美团,非会员,0
O11527,2026-05-30 12:45:40,星野茶·地铁口店,芋泥波波,奶茶,17,1,1.7,15.3,6.5,堂食,新客,0
O11528,2026-05-30 11:11:21,星野茶·万达店,美式咖啡,咖啡,11,1,1.1,9.9,3.0,外卖美团,银卡,0
O11529,2026-05-30 13:37:27,星野茶·大学城店,多肉葡萄,果茶,19,1,0,19,8.0,外卖美团,新客,0
O11530,2026-05-30 15:26:08,星野茶·万达店,芋泥波波,奶茶,17,2,0,34,13.0,外卖美团,新客,0
O11531,2026-05-30 18:47:08,星野茶·万达店,杨枝甘露,果茶,18,1,0,18,7.5,堂食,银卡,0
O11532,2026-05-30 19:41:40,星野茶·地铁口店,杨枝甘露,果茶,18,1,0,18,7.5,外卖美团,非会员,0
O11533,2026-05-30 13:05:51,星野茶·地铁口店,多肉葡萄,果茶,19,1,0,19,8.0,堂食,金卡,0
O11534,2026-05-30 12:01:28,星野茶·地铁口店,美式咖啡,咖啡,11,1,0,11,3.0,外卖饿了么,新客,0
O11535,2026-05-30 18:16:17,星野茶·地铁口店,生椰拿铁,咖啡,16,1,1.6,14.4,6.0,小程序,普通会员,0
O11536,2026-05-30 20:07:09,星野茶·地铁口店,芋泥波波,奶茶,17,1,1.7,15.3,6.5,外卖饿了么,银卡,0
O11537,2026-05-30 15:35:38,星野茶·万达店,芋泥波波,奶茶,17,1,0,17,6.5,外卖美团,银卡,0
O11538,2026-05-30 20:48:01,星野茶·地铁口店,美式咖啡,咖啡,11,1,1.1,9.9,3.0,外卖饿了么,新客,0
O11539,2026-05-30 14:28:08,星野茶·地铁口店,芋泥波波,奶茶,17,1,0,17,6.5,堂食,银卡,0
O11540,2026-05-30 14:20:43,星野茶·大学城店,杨枝甘露,果茶,18,1,0,18,7.5,小程序,非会员,0
O11541,2026-05-30 20:42:58,星野茶·地铁口店,伯牙绝弦,茶底,15,1,1.5,13.5,5.5,外卖美团,新客,0
O11542,2026-05-30 19:09:10,星野茶·地铁口店,杨枝甘露,果茶,18,1,0,18,7.5,外卖美团,银卡,0
O11543,2026-05-30 14:16:18,星野茶·地铁口店,美式咖啡,咖啡,11,1,0,11,3.0,小程序,金卡,0
O11544,2026-05-30 18:48:24,星野茶·地铁口店,多肉葡萄,果茶,19,1,0,19,8.0,外卖饿了么,新客,0
O11545,2026-05-30 17:27:25,星野茶·地铁口店,美式咖啡,咖啡,11,2,0,22,6.0,小程序,新客,0
O11546,2026-05-30 20:27:09,星野茶·万达店,柠檬绿茶,果茶,12,2,0,24,7.0,外卖饿了么,非会员,0
O11547,2026-05-30 13:15:21,星野茶·万达店,奥利奥奶昔,奶茶,18,2,0,36,14.0,堂食,普通会员,0
O11548,2026-05-30 12:43:43,星野茶·地铁口店,美式咖啡,咖啡,11,1,1.1,9.9,3.0,外卖饿了么,金卡,0
O11549,2026-05-30 14:48:30,星野茶·万达店,奥利奥奶昔,奶茶,18,1,0,18,7.0,外卖饿了么,非会员,0
O11550,2026-05-30 16:53:44,星野茶·地铁口店,生椰拿铁,咖啡,16,1,0,16,6.0,外卖美团,非会员,0
O11551,2026-05-30 15:20:51,星野茶·万达店,多肉葡萄,果茶,19,1,0,19,8.0,堂食,普通会员,0
O11552,2026-05-31 11:16:32,星野茶·地铁口店,芋泥波波,奶茶,17,1,0,17,6.5,外卖饿了么,新客,0
O11553,2026-05-31 14:30:01,星野茶·大学城店,生椰拿铁,咖啡,16,1,0,16,6.0,小程序,金卡,0
O11554,2026-05-31 20:45:17,星野茶·大学城店,生椰拿铁,咖啡,16,1,0,16,6.0,堂食,金卡,0
O11555,2026-05-31 18:58:13,星野茶·万达店,杨枝甘露,果茶,18,1,0,18,7.5,外卖美团,普通会员,0
O11556,2026-05-31 21:26:51,星野茶·大学城店,生椰拿铁,咖啡,16,1,1.6,14.4,6.0,小程序,银卡,0
O11557,2026-05-31 15:30:07,星野茶·大学城店,多肉葡萄,果茶,19,1,0,19,8.0,外卖美团,新客,0
O11558,2026-05-31 11:35:34,星野茶·万达店,柠檬绿茶,果茶,12,1,0,12,3.5,小程序,普通会员,0
O11559,2026-05-31 19:28:48,星野茶·大学城店,柠檬绿茶,果茶,12,1,0,12,3.5,堂食,金卡,0
O11560,2026-05-31 21:31:51,星野茶·地铁口店,芋泥波波,奶茶,17,1,0,17,6.5,堂食,非会员,0
O11561,2026-05-31 21:52:22,星野茶·万达店,多肉葡萄,果茶,19,1,1.9,17.1,8.0,外卖饿了么,银卡,0
O11562,2026-05-31 21:24:36,星野茶·大学城店,伯牙绝弦,茶底,15,1,0,15,5.5,外卖美团,普通会员,0
O11563,2026-05-31 21:54:34,星野茶·大学城店,柠檬绿茶,果茶,12,2,2.4,21.6,7.0,小程序,非会员,0
O11564,2026-05-31 11:04:12,星野茶·万达店,奥利奥奶昔,奶茶,18,1,0,18,7.0,堂食,金卡,0
O11565,2026-05-31 14:46:28,星野茶·地铁口店,杨枝甘露,果茶,18,1,0,18,7.5,外卖美团,新客,0
O11566,2026-05-31 13:13:14,星野茶·地铁口店,多肉葡萄,果茶,19,1,0,19,8.0,外卖饿了么,非会员,0
O11567,2026-05-31 12:11:46,星野茶·万达店,杨枝甘露,果茶,18,1,0,18,7.5,外卖饿了么,非会员,0
O11568,2026-05-31 13:32:13,星野茶·大学城店,生椰拿铁,咖啡,16,1,0,16,6.0,小程序,非会员,0
O11569,2026-05-31 13:17:06,星野茶·大学城店,伯牙绝弦,茶底,15,1,1.5,13.5,5.5,堂食,金卡,0
O11570,2026-05-31 14:23:59,星野茶·万达店,奥利奥奶昔,奶茶,18,1,0,18,7.0,堂食,银卡,0
O11571,2026-05-31 21:16:48,星野茶·地铁口店,多肉葡萄,果茶,19,2,0,38,16.0,外卖美团,金卡,0
O11572,2026-05-31 18:47:09,星野茶·万达店,杨枝甘露,果茶,18,1,0,18,7.5,小程序,金卡,0
O11573,2026-05-31 18:54:02,星野茶·万达店,芋泥波波,奶茶,17,1,1.7,15.3,6.5,外卖美团,普通会员,0
O11574,2026-05-31 20:48:05,星野茶·万达店,生椰拿铁,咖啡,16,1,0,16,6.0,小程序,银卡,0
O11575,2026-05-31 11:48:47,星野茶·万达店,多肉葡萄,果茶,19,1,0,19,8.0,外卖美团,金卡,0
O11576,2026-05-31 13:04:55,星野茶·万达店,美式咖啡,咖啡,11,1,0,11,3.0,小程序,金卡,0
O11577,2026-05-31 14:10:20,星野茶·大学城店,杨枝甘露,果茶,18,1,0,18,7.5,小程序,银卡,0
O11578,2026-05-31 21:28:27,星野茶·大学城店,芋泥波波,奶茶,17,1,0,17,6.5,外卖美团,普通会员,0
O11579,2026-05-31 11:32:58,星野茶·万达店,杨枝甘露,果茶,18,1,0,18,7.5,外卖饿了么,新客,0
O11580,2026-05-31 11:58:18,星野茶·地铁口店,柠檬绿茶,果茶,12,1,0,12,3.5,外卖美团,金卡,0
O11581,2026-05-31 13:34:18,星野茶·地铁口店,奥利奥奶昔,奶茶,18,1,0,18,7.0,小程序,新客,0
O11582,2026-05-31 15:34:22,星野茶·地铁口店,杨枝甘露,果茶,18,1,1.8,16.2,7.5,外卖饿了么,金卡,0
O11583,2026-05-31 15:12:35,星野茶·地铁口店,芋泥波波,奶茶,17,1,0,17,6.5,外卖美团,非会员,0
O11584,2026-05-31 12:11:58,星野茶·大学城店,杨枝甘露,果茶,18,1,1.8,16.2,7.5,小程序,金卡,0
O11585,2026-05-31 16:59:07,星野茶·大学城店,生椰拿铁,咖啡,16,2,0,32,12.0,堂食,银卡,0
O11586,2026-05-31 21:06:42,星野茶·万达店,伯牙绝弦,茶底,15,1,1.5,13.5,5.5,外卖饿了么,新客,0
O11587,2026-05-31 13:42:43,星野茶·万达店,柠檬绿茶,果茶,12,1,0,12,3.5,外卖饿了么,非会员,0
O11588,2026-05-31 12:59:41,星野茶·地铁口店,多肉葡萄,果茶,19,1,0,19,8.0,小程序,银卡,0
O11589,2026-05-31 20:24:29,星野茶·万达店,奥利奥奶昔,奶茶,18,1,0,18,7.0,堂食,新客,0
O11590,2026-05-31 16:55:57,星野茶·地铁口店,奥利奥奶昔,奶茶,18,1,1.8,16.2,7.0,外卖美团,非会员,0
O11591,2026-05-31 15:57:59,星野茶·万达店,生椰拿铁,咖啡,16,2,0,32,12.0,小程序,非会员,0
O11592,2026-05-31 20:47:22,星野茶·地铁口店,芋泥波波,奶茶,17,1,0,17,6.5,堂食,新客,0
O11593,2026-05-31 17:13:20,星野茶·地铁口店,伯牙绝弦,茶底,15,1,0,15,5.5,外卖饿了么,非会员,0
O11594,2026-05-31 20:25:05,星野茶·大学城店,美式咖啡,咖啡,11,1,0,11,3.0,堂食,普通会员,0
O11595,2026-05-31 15:22:40,星野茶·万达店,杨枝甘露,果茶,18,1,1.8,16.2,7.5,外卖饿了么,非会员,0
O11596,2026-05-31 16:49:30,星野茶·大学城店,多肉葡萄,果茶,19,2,0,38,16.0,外卖美团,银卡,0
O11597,2026-05-31 11:10:14,星野茶·万达店,杨枝甘露,果茶,18,1,0,18,7.5,外卖美团,新客,0
O11598,2026-05-31 11:12:36,星野茶·大学城店,芋泥波波,奶茶,17,1,1.7,15.3,6.5,外卖饿了么,银卡,0
O11599,2026-05-31 11:26:06,星野茶·地铁口店,芋泥波波,奶茶,17,1,0,17,6.5,小程序,新客,0
O11600,2026-05-31 11:39:05,星野茶·地铁口店,伯牙绝弦,茶底,15,1,0,15,5.5,外卖美团,银卡,0
O11601,2026-05-31 21:50:11,星野茶·地铁口店,杨枝甘露,果茶,18,1,0,18,7.5,小程序,非会员,0
O11602,2026-05-31 21:21:30,星野茶·万达店,杨枝甘露,果茶,18,1,0,18,7.5,外卖美团,普通会员,0
O11603,2026-05-31 14:17:20,星野茶·万达店,杨枝甘露,果茶,18,1,1.8,16.2,7.5,外卖饿了么,银卡,0
O11604,2026-05-31 13:57:52,星野茶·地铁口店,芋泥波波,奶茶,17,1,0,17,6.5,堂食,非会员,0
O11605,2026-05-31 15:50:44,星野茶·大学城店,杨枝甘露,果茶,18,1,0,18,7.5,外卖饿了么,普通会员,0
O11606,2026-05-31 15:41:34,星野茶·地铁口店,美式咖啡,咖啡,11,2,0,22,6.0,堂食,普通会员,0
O11607,2026-05-31 20:33:32,星野茶·地铁口店,多肉葡萄,果茶,19,1,0,19,8.0,小程序,新客,0
O11608,2026-05-31 17:46:44,星野茶·地铁口店,美式咖啡,咖啡,11,1,0,11,3.0,小程序,非会员,0
O11609,2026-05-31 21:30:02,星野茶·大学城店,伯牙绝弦,茶底,15,2,0,30,11.0,堂食,金卡,0
O11610,2026-05-31 12:05:50,星野茶·大学城店,生椰拿铁,咖啡,16,1,0,16,6.0,小程序,普通会员,0
O11611,2026-05-31 14:26:12,星野茶·万达店,杨枝甘露,果茶,18,1,1.8,16.2,7.5,外卖饿了么,非会员,1
O11612,2026-05-31 11:23:00,星野茶·万达店,多肉葡萄,果茶,19,1,1.9,17.1,8.0,堂食,新客,0
O11613,2026-05-31 14:45:47,星野茶·地铁口店,伯牙绝弦,茶底,15,1,1.5,13.5,5.5,小程序,银卡,0
O11614,2026-06-01 13:03:03,星野茶·地铁口店,芋泥波波,奶茶,17,1,1.7,15.3,6.5,小程序,非会员,0
O11615,2026-06-01 13:29:10,星野茶·万达店,杨枝甘露,果茶,18,1,0,18,7.5,堂食,普通会员,0
O11616,2026-06-01 14:07:20,星野茶·地铁口店,伯牙绝弦,茶底,15,1,0,15,5.5,小程序,非会员,0
O11617,2026-06-01 14:59:07,星野茶·地铁口店,芋泥波波,奶茶,17,1,1.7,15.3,6.5,外卖饿了么,金卡,0
O11618,2026-06-01 20:39:39,星野茶·大学城店,柠檬绿茶,果茶,12,1,0,12,3.5,堂食,金卡,0
O11619,2026-06-01 11:18:20,星野茶·地铁口店,柠檬绿茶,果茶,12,1,0,12,3.5,外卖饿了么,普通会员,0
O11620,2026-06-01 15:07:14,星野茶·大学城店,生椰拿铁,咖啡,16,1,0,16,6.0,外卖美团,非会员,0
O11621,2026-06-01 19:24:36,星野茶·大学城店,伯牙绝弦,茶底,15,1,0,15,5.5,外卖美团,金卡,0
O11622,2026-06-01 12:06:32,星野茶·地铁口店,柠檬绿茶,果茶,12,1,0,12,3.5,外卖美团,普通会员,0
O11623,2026-06-01 16:11:50,星野茶·万达店,伯牙绝弦,茶底,15,1,0,15,5.5,外卖饿了么,金卡,0
O11624,2026-06-01 12:46:57,星野茶·地铁口店,生椰拿铁,咖啡,16,1,0,16,6.0,外卖美团,普通会员,0
O11625,2026-06-01 12:03:23,星野茶·万达店,生椰拿铁,咖啡,16,1,0,16,6.0,外卖美团,新客,0
O11626,2026-06-01 11:14:51,星野茶·地铁口店,芋泥波波,奶茶,17,1,0,17,6.5,外卖饿了么,非会员,0
O11627,2026-06-01 16:15:54,星野茶·大学城店,杨枝甘露,果茶,18,1,0,18,7.5,堂食,银卡,0
O11628,2026-06-01 19:40:30,星野茶·地铁口店,多肉葡萄,果茶,19,1,1.9,17.1,8.0,外卖饿了么,普通会员,0
O11629,2026-06-01 15:09:23,星野茶·地铁口店,柠檬绿茶,果茶,12,1,0,12,3.5,外卖美团,银卡,0
O11630,2026-06-01 14:46:44,星野茶·地铁口店,芋泥波波,奶茶,17,1,0,17,6.5,小程序,新客,0
O11631,2026-06-01 13:46:37,星野茶·地铁口店,多肉葡萄,果茶,19,1,1.9,17.1,8.0,外卖美团,金卡,0
O11632,2026-06-01 20:17:34,星野茶·地铁口店,多肉葡萄,果茶,19,1,0,19,8.0,堂食,金卡,0
O11633,2026-06-01 15:01:29,星野茶·大学城店,杨枝甘露,果茶,18,1,0,18,7.5,堂食,银卡,0
O11634,2026-06-01 12:43:44,星野茶·地铁口店,生椰拿铁,咖啡,16,1,1.6,14.4,6.0,外卖美团,普通会员,0
O11635,2026-06-01 18:20:58,星野茶·万达店,伯牙绝弦,茶底,15,1,0,15,5.5,小程序,普通会员,0
O11636,2026-06-01 11:18:42,星野茶·地铁口店,美式咖啡,咖啡,11,1,0,11,3.0,外卖饿了么,新客,0
O11637,2026-06-01 13:36:44,星野茶·万达店,奥利奥奶昔,奶茶,18,2,0,36,14.0,小程序,新客,0
O11638,2026-06-01 20:44:32,星野茶·万达店,伯牙绝弦,茶底,15,1,0,15,5.5,堂食,银卡,0
O11639,2026-06-01 16:00:25,星野茶·地铁口店,奥利奥奶昔,奶茶,18,1,0,18,7.0,小程序,银卡,0
O11640,2026-06-01 20:26:49,星野茶·大学城店,柠檬绿茶,果茶,12,1,1.2,10.8,3.5,小程序,新客,0
O11641,2026-06-01 15:13:45,星野茶·万达店,柠檬绿茶,果茶,12,1,0,12,3.5,堂食,金卡,0
O11642,2026-06-01 12:00:21,星野茶·万达店,美式咖啡,咖啡,11,1,0,11,3.0,外卖饿了么,非会员,0
O11643,2026-06-01 19:15:54,星野茶·万达店,柠檬绿茶,果茶,12,1,0,12,3.5,小程序,普通会员,0
O11644,2026-06-01 11:08:13,星野茶·地铁口店,芋泥波波,奶茶,17,1,0,17,6.5,堂食,新客,0
O11645,2026-06-01 19:57:35,星野茶·万达店,杨枝甘露,果茶,18,1,0,18,7.5,堂食,普通会员,0
O11646,2026-06-01 20:42:10,星野茶·大学城店,杨枝甘露,果茶,18,1,0,18,7.5,堂食,非会员,0
O11647,2026-06-01 11:58:12,星野茶·地铁口店,多肉葡萄,果茶,19,1,0,19,8.0,外卖饿了么,新客,0
O11648,2026-06-01 21:15:33,星野茶·地铁口店,美式咖啡,咖啡,11,1,0,11,3.0,堂食,银卡,0
O11649,2026-06-01 14:11:06,星野茶·万达店,奥利奥奶昔,奶茶,18,1,0,18,7.0,外卖饿了么,金卡,0
O11650,2026-06-01 18:02:37,星野茶·大学城店,伯牙绝弦,茶底,15,1,0,15,5.5,外卖饿了么,金卡,1
O11651,2026-06-01 16:09:30,星野茶·地铁口店,多肉葡萄,果茶,19,1,1.9,17.1,8.0,堂食,非会员,0
O11652,2026-06-01 18:48:45,星野茶·地铁口店,伯牙绝弦,茶底,15,1,0,15,5.5,小程序,金卡,0
O11653,2026-06-01 15:42:17,星野茶·大学城店,柠檬绿茶,果茶,12,1,0,12,3.5,小程序,银卡,0
O11654,2026-06-01 21:14:24,星野茶·万达店,生椰拿铁,咖啡,16,1,0,16,6.0,小程序,银卡,0
O11655,2026-06-01 14:04:39,星野茶·大学城店,杨枝甘露,果茶,18,2,0,36,15.0,外卖饿了么,金卡,0
O11656,2026-06-01 20:29:18,星野茶·万达店,奥利奥奶昔,奶茶,18,1,0,18,7.0,外卖饿了么,银卡,0
O11657,2026-06-01 20:49:15,星野茶·大学城店,柠檬绿茶,果茶,12,1,0,12,3.5,小程序,新客,0
O11658,2026-06-01 11:56:04,星野茶·地铁口店,伯牙绝弦,茶底,15,1,0,15,5.5,外卖美团,新客,1
O11659,2026-06-01 17:27:36,星野茶·地铁口店,奥利奥奶昔,奶茶,18,2,3.6,32.4,14.0,小程序,普通会员,0
O11660,2026-06-01 21:54:42,星野茶·地铁口店,多肉葡萄,果茶,19,1,0,19,8.0,小程序,银卡,0
O11661,2026-06-02 20:28:13,星野茶·大学城店,芋泥波波,奶茶,17,1,0,17,6.5,小程序,非会员,0
O11662,2026-06-02 16:59:13,星野茶·地铁口店,芋泥波波,奶茶,17,1,1.7,15.3,6.5,小程序,新客,0
O11663,2026-06-02 19:48:12,星野茶·地铁口店,伯牙绝弦,茶底,15,1,0,15,5.5,小程序,新客,0
O11664,2026-06-02 21:29:22,星野茶·大学城店,芋泥波波,奶茶,17,1,0,17,6.5,堂食,普通会员,1
O11665,2026-06-02 18:20:37,星野茶·万达店,多肉葡萄,果茶,19,1,1.9,17.1,8.0,小程序,金卡,0
O11666,2026-06-02 21:18:15,星野茶·万达店,杨枝甘露,果茶,18,1,0,18,7.5,堂食,普通会员,0
O11667,2026-06-02 17:02:18,星野茶·大学城店,多肉葡萄,果茶,19,1,0,19,8.0,外卖饿了么,银卡,0
O11668,2026-06-02 15:00:23,星野茶·地铁口店,生椰拿铁,咖啡,16,1,0,16,6.0,外卖美团,非会员,0
O11669,2026-06-02 19:58:07,星野茶·地铁口店,伯牙绝弦,茶底,15,1,0,15,5.5,小程序,金卡,0
O11670,2026-06-02 18:52:22,星野茶·万达店,多肉葡萄,果茶,19,1,0,19,8.0,小程序,非会员,0
O11671,2026-06-02 12:59:31,星野茶·大学城店,杨枝甘露,果茶,18,1,0,18,7.5,小程序,新客,0
O11672,2026-06-02 11:12:45,星野茶·万达店,杨枝甘露,果茶,18,1,0,18,7.5,外卖饿了么,新客,0
O11673,2026-06-02 19:13:05,星野茶·万达店,杨枝甘露,果茶,18,2,3.6,32.4,15.0,堂食,非会员,0
O11674,2026-06-02 15:45:52,星野茶·万达店,奥利奥奶昔,奶茶,18,1,0,18,7.0,小程序,普通会员,0
O11675,2026-06-02 21:32:06,星野茶·万达店,生椰拿铁,咖啡,16,1,1.6,14.4,6.0,小程序,普通会员,0
O11676,2026-06-02 21:47:50,星野茶·大学城店,芋泥波波,奶茶,17,1,0,17,6.5,外卖美团,普通会员,0
O11677,2026-06-02 13:47:04,星野茶·大学城店,伯牙绝弦,茶底,15,1,0,15,5.5,堂食,银卡,0
O11678,2026-06-02 14:47:38,星野茶·大学城店,美式咖啡,咖啡,11,1,0,11,3.0,小程序,普通会员,0
O11679,2026-06-02 19:24:32,星野茶·大学城店,多肉葡萄,果茶,19,1,0,19,8.0,堂食,金卡,0
O11680,2026-06-02 19:06:31,星野茶·大学城店,芋泥波波,奶茶,17,1,0,17,6.5,外卖美团,非会员,0
O11681,2026-06-02 14:21:57,星野茶·大学城店,多肉葡萄,果茶,19,2,0,38,16.0,堂食,新客,0
O11682,2026-06-02 16:56:17,星野茶·大学城店,杨枝甘露,果茶,18,1,1.8,16.2,7.5,外卖饿了么,普通会员,0
O11683,2026-06-02 12:02:10,星野茶·万达店,生椰拿铁,咖啡,16,1,1.6,14.4,6.0,小程序,新客,0
O11684,2026-06-02 19:06:47,星野茶·大学城店,伯牙绝弦,茶底,15,1,1.5,13.5,5.5,外卖美团,普通会员,0
O11685,2026-06-02 13:43:27,星野茶·万达店,多肉葡萄,果茶,19,1,0,19,8.0,外卖饿了么,非会员,0
O11686,2026-06-02 18:07:44,星野茶·地铁口店,奥利奥奶昔,奶茶,18,2,0,36,14.0,小程序,非会员,0
O11687,2026-06-02 11:55:24,星野茶·万达店,生椰拿铁,咖啡,16,1,0,16,6.0,小程序,金卡,0
O11688,2026-06-02 16:11:07,星野茶·大学城店,芋泥波波,奶茶,17,2,3.4,30.6,13.0,堂食,新客,0
O11689,2026-06-02 13:02:32,星野茶·地铁口店,伯牙绝弦,茶底,15,2,0,30,11.0,小程序,普通会员,0
O11690,2026-06-02 11:19:36,星野茶·大学城店,多肉葡萄,果茶,19,1,0,19,8.0,外卖美团,新客,0
O11691,2026-06-02 15:25:01,星野茶·大学城店,多肉葡萄,果茶,19,1,0,19,8.0,外卖饿了么,新客,0
O11692,2026-06-02 19:55:38,星野茶·万达店,芋泥波波,奶茶,17,1,0,17,6.5,外卖美团,普通会员,0
O11693,2026-06-02 13:17:14,星野茶·大学城店,柠檬绿茶,果茶,12,1,0,12,3.5,小程序,金卡,0
O11694,2026-06-02 14:31:48,星野茶·万达店,杨枝甘露,果茶,18,1,1.8,16.2,7.5,堂食,新客,0
O11695,2026-06-02 16:14:59,星野茶·万达店,多肉葡萄,果茶,19,1,0,19,8.0,外卖美团,银卡,0
O11696,2026-06-02 13:48:12,星野茶·大学城店,多肉葡萄,果茶,19,1,0,19,8.0,堂食,金卡,0
O11697,2026-06-02 21:19:09,星野茶·大学城店,美式咖啡,咖啡,11,1,0,11,3.0,堂食,新客,0
O11698,2026-06-02 18:17:18,星野茶·大学城店,芋泥波波,奶茶,17,2,0,34,13.0,堂食,普通会员,0
O11699,2026-06-02 13:32:55,星野茶·地铁口店,多肉葡萄,果茶,19,1,0,19,8.0,小程序,普通会员,0
O11700,2026-06-02 17:50:26,星野茶·地铁口店,生椰拿铁,咖啡,16,1,0,16,6.0,小程序,新客,0
O11701,2026-06-02 15:03:16,星野茶·万达店,杨枝甘露,果茶,18,1,1.8,16.2,7.5,小程序,金卡,0
O11702,2026-06-02 16:02:54,星野茶·大学城店,生椰拿铁,咖啡,16,1,1.6,14.4,6.0,堂食,非会员,0
O11703,2026-06-02 17:11:04,星野茶·地铁口店,柠檬绿茶,果茶,12,1,1.2,10.8,3.5,小程序,新客,0
O11704,2026-06-02 15:33:05,星野茶·大学城店,柠檬绿茶,果茶,12,1,0,12,3.5,堂食,非会员,0
O11705,2026-06-02 12:18:41,星野茶·万达店,多肉葡萄,果茶,19,1,1.9,17.1,8.0,外卖美团,金卡,0
O11706,2026-06-02 13:30:34,星野茶·万达店,柠檬绿茶,果茶,12,1,0,12,3.5,小程序,金卡,0
O11707,2026-06-02 11:52:31,星野茶·大学城店,生椰拿铁,咖啡,16,1,0,16,6.0,小程序,银卡,0
O11708,2026-06-02 11:35:45,星野茶·大学城店,芋泥波波,奶茶,17,1,1.7,15.3,6.5,小程序,新客,0
O11709,2026-06-02 18:56:10,星野茶·万达店,杨枝甘露,果茶,18,1,1.8,16.2,7.5,小程序,普通会员,0
O11710,2026-06-03 18:59:01,星野茶·地铁口店,美式咖啡,咖啡,11,1,0,11,3.0,小程序,金卡,0
O11711,2026-06-03 12:52:43,星野茶·万达店,伯牙绝弦,茶底,15,1,0,15,5.5,外卖饿了么,银卡,0
O11712,2026-06-03 15:59:32,星野茶·大学城店,多肉葡萄,果茶,19,2,3.8,34.2,16.0,外卖饿了么,银卡,0
O11713,2026-06-03 15:47:43,星野茶·万达店,杨枝甘露,果茶,18,2,0,36,15.0,堂食,银卡,0
O11714,2026-06-03 20:30:18,星野茶·万达店,多肉葡萄,果茶,19,1,1.9,17.1,8.0,外卖饿了么,普通会员,0
O11715,2026-06-03 20:09:18,星野茶·地铁口店,芋泥波波,奶茶,17,2,0,34,13.0,堂食,新客,0
O11716,2026-06-03 18:01:37,星野茶·大学城店,多肉葡萄,果茶,19,1,0,19,8.0,堂食,银卡,0
O11717,2026-06-03 19:59:43,星野茶·万达店,杨枝甘露,果茶,18,1,0,18,7.5,外卖美团,非会员,0
O11718,2026-06-03 21:37:32,星野茶·大学城店,柠檬绿茶,果茶,12,1,1.2,10.8,3.5,外卖饿了么,新客,0
O11719,2026-06-03 14:29:32,星野茶·大学城店,杨枝甘露,果茶,18,1,0,18,7.5,堂食,金卡,0
O11720,2026-06-03 20:24:29,星野茶·万达店,杨枝甘露,果茶,18,1,0,18,7.5,堂食,普通会员,0
O11721,2026-06-03 11:48:42,星野茶·地铁口店,美式咖啡,咖啡,11,1,0,11,3.0,外卖饿了么,非会员,0
O11722,2026-06-03 20:53:34,星野茶·大学城店,生椰拿铁,咖啡,16,1,0,16,6.0,堂食,普通会员,0
O11723,2026-06-03 17:40:53,星野茶·万达店,奥利奥奶昔,奶茶,18,1,0,18,7.0,外卖美团,金卡,0
O11724,2026-06-03 16:39:51,星野茶·大学城店,美式咖啡,咖啡,11,1,0,11,3.0,外卖美团,银卡,0
O11725,2026-06-03 11:28:01,星野茶·大学城店,多肉葡萄,果茶,19,1,1.9,17.1,8.0,外卖饿了么,新客,0
O11726,2026-06-03 14:16:42,星野茶·地铁口店,生椰拿铁,咖啡,16,1,0,16,6.0,外卖美团,非会员,0
O11727,2026-06-03 14:38:55,星野茶·地铁口店,美式咖啡,咖啡,11,1,1.1,9.9,3.0,外卖饿了么,普通会员,0
O11728,2026-06-03 16:08:12,星野茶·万达店,奥利奥奶昔,奶茶,18,1,0,18,7.0,堂食,银卡,0
O11729,2026-06-03 13:01:50,星野茶·万达店,奥利奥奶昔,奶茶,18,1,0,18,7.0,外卖饿了么,非会员,0
O11730,2026-06-03 11:19:16,星野茶·万达店,奥利奥奶昔,奶茶,18,1,1.8,16.2,7.0,堂食,普通会员,0
O11731,2026-06-03 14:07:26,星野茶·万达店,杨枝甘露,果茶,18,1,1.8,16.2,7.5,外卖美团,新客,0
O11732,2026-06-03 21:27:09,星野茶·万达店,伯牙绝弦,茶底,15,1,0,15,5.5,小程序,新客,0
O11733,2026-06-03 12:31:59,星野茶·地铁口店,杨枝甘露,果茶,18,1,0,18,7.5,外卖美团,银卡,0
O11734,2026-06-03 17:14:21,星野茶·万达店,芋泥波波,奶茶,17,2,0,34,13.0,外卖美团,普通会员,0
O11735,2026-06-03 11:57:11,星野茶·大学城店,芋泥波波,奶茶,17,1,1.7,15.3,6.5,外卖饿了么,普通会员,0
O11736,2026-06-03 19:05:31,星野茶·大学城店,芋泥波波,奶茶,17,1,1.7,15.3,6.5,堂食,普通会员,0
O11737,2026-06-03 14:59:58,星野茶·地铁口店,奥利奥奶昔,奶茶,18,1,0,18,7.0,小程序,非会员,0
O11738,2026-06-03 20:07:52,星野茶·地铁口店,生椰拿铁,咖啡,16,1,0,16,6.0,外卖美团,新客,0
O11739,2026-06-03 17:52:29,星野茶·地铁口店,奥利奥奶昔,奶茶,18,1,0,18,7.0,堂食,普通会员,0
O11740,2026-06-03 19:04:09,星野茶·万达店,美式咖啡,咖啡,11,1,0,11,3.0,小程序,普通会员,1
O11741,2026-06-03 15:01:47,星野茶·万达店,生椰拿铁,咖啡,16,1,0,16,6.0,小程序,非会员,0
O11742,2026-06-03 13:35:14,星野茶·万达店,多肉葡萄,果茶,19,1,0,19,8.0,小程序,金卡,0
O11743,2026-06-03 20:16:26,星野茶·万达店,杨枝甘露,果茶,18,2,3.6,32.4,15.0,外卖饿了么,银卡,0
O11744,2026-06-03 14:26:29,星野茶·大学城店,生椰拿铁,咖啡,16,1,1.6,14.4,6.0,小程序,普通会员,1
O11745,2026-06-03 15:51:38,星野茶·大学城店,美式咖啡,咖啡,11,1,0,11,3.0,堂食,普通会员,0
O11746,2026-06-03 11:10:17,星野茶·大学城店,多肉葡萄,果茶,19,1,0,19,8.0,小程序,金卡,0
O11747,2026-06-03 21:32:07,星野茶·大学城店,柠檬绿茶,果茶,12,1,0,12,3.5,堂食,银卡,0
O11748,2026-06-03 11:28:57,星野茶·万达店,杨枝甘露,果茶,18,1,1.8,16.2,7.5,小程序,新客,0
O11749,2026-06-03 20:05:50,星野茶·大学城店,柠檬绿茶,果茶,12,2,0,24,7.0,外卖美团,普通会员,0
O11750,2026-06-03 20:09:23,星野茶·大学城店,杨枝甘露,果茶,18,1,0,18,7.5,外卖饿了么,金卡,0
O11751,2026-06-03 21:56:59,星野茶·地铁口店,柠檬绿茶,果茶,12,1,1.2,10.8,3.5,外卖饿了么,非会员,0
O11752,2026-06-03 20:04:07,星野茶·万达店,奥利奥奶昔,奶茶,18,1,1.8,16.2,7.0,小程序,非会员,0
O11753,2026-06-03 17:33:39,星野茶·大学城店,多肉葡萄,果茶,19,1,0,19,8.0,堂食,银卡,0
O11754,2026-06-03 17:39:39,星野茶·大学城店,生椰拿铁,咖啡,16,1,0,16,6.0,堂食,非会员,0
O11755,2026-06-03 21:58:43,星野茶·万达店,芋泥波波,奶茶,17,1,1.7,15.3,6.5,小程序,金卡,0
O11756,2026-06-03 14:04:36,星野茶·地铁口店,伯牙绝弦,茶底,15,1,0,15,5.5,堂食,非会员,0
O11757,2026-06-03 18:14:50,星野茶·地铁口店,美式咖啡,咖啡,11,2,0,22,6.0,外卖美团,银卡,0
O11758,2026-06-03 13:51:13,星野茶·大学城店,生椰拿铁,咖啡,16,2,0,32,12.0,小程序,普通会员,0
O11759,2026-06-04 14:34:44,星野茶·地铁口店,多肉葡萄,果茶,19,1,0,19,8.0,外卖美团,银卡,0
O11760,2026-06-04 14:46:14,星野茶·地铁口店,奥利奥奶昔,奶茶,18,1,0,18,7.0,外卖饿了么,普通会员,0
O11761,2026-06-04 11:00:40,星野茶·大学城店,生椰拿铁,咖啡,16,1,0,16,6.0,外卖饿了么,普通会员,0
O11762,2026-06-04 19:15:35,星野茶·地铁口店,伯牙绝弦,茶底,15,1,0,15,5.5,堂食,新客,0
O11763,2026-06-04 18:59:37,星野茶·万达店,杨枝甘露,果茶,18,2,0,36,15.0,外卖饿了么,非会员,0
O11764,2026-06-04 18:16:22,星野茶·大学城店,柠檬绿茶,果茶,12,1,1.2,10.8,3.5,堂食,非会员,0
O11765,2026-06-04 17:00:35,星野茶·地铁口店,柠檬绿茶,果茶,12,1,0,12,3.5,外卖美团,非会员,0
O11766,2026-06-04 19:48:49,星野茶·万达店,伯牙绝弦,茶底,15,1,1.5,13.5,5.5,堂食,银卡,0
O11767,2026-06-04 15:08:59,星野茶·大学城店,芋泥波波,奶茶,17,1,1.7,15.3,6.5,堂食,普通会员,0
O11768,2026-06-04 16:10:41,星野茶·地铁口店,柠檬绿茶,果茶,12,1,1.2,10.8,3.5,外卖美团,金卡,0
O11769,2026-06-04 15:55:47,星野茶·地铁口店,美式咖啡,咖啡,11,1,0,11,3.0,堂食,金卡,0
O11770,2026-06-04 13:10:39,星野茶·地铁口店,美式咖啡,咖啡,11,1,0,11,3.0,外卖美团,新客,0
O11771,2026-06-04 17:05:24,星野茶·大学城店,多肉葡萄,果茶,19,1,0,19,8.0,外卖美团,金卡,0
O11772,2026-06-04 14:09:14,星野茶·大学城店,杨枝甘露,果茶,18,1,0,18,7.5,小程序,银卡,0
O11773,2026-06-04 17:11:30,星野茶·地铁口店,美式咖啡,咖啡,11,1,0,11,3.0,外卖美团,金卡,0
O11774,2026-06-04 21:15:23,星野茶·大学城店,奥利奥奶昔,奶茶,18,1,0,18,7.0,堂食,新客,0
O11775,2026-06-04 17:54:42,星野茶·万达店,生椰拿铁,咖啡,16,2,0,32,12.0,小程序,银卡,0
O11776,2026-06-04 13:20:28,星野茶·大学城店,美式咖啡,咖啡,11,1,0,11,3.0,堂食,普通会员,0
O11777,2026-06-04 17:16:13,星野茶·地铁口店,杨枝甘露,果茶,18,1,0,18,7.5,外卖饿了么,新客,0
O11778,2026-06-04 21:19:55,星野茶·地铁口店,奥利奥奶昔,奶茶,18,1,0,18,7.0,堂食,新客,0
O11779,2026-06-04 14:39:39,星野茶·地铁口店,杨枝甘露,果茶,18,1,0,18,7.5,小程序,非会员,0
O11780,2026-06-04 17:50:53,星野茶·大学城店,美式咖啡,咖啡,11,1,1.1,9.9,3.0,外卖美团,银卡,0
O11781,2026-06-04 16:18:51,星野茶·万达店,杨枝甘露,果茶,18,1,0,18,7.5,外卖美团,新客,0
O11782,2026-06-04 15:53:49,星野茶·大学城店,杨枝甘露,果茶,18,1,1.8,16.2,7.5,小程序,普通会员,0
O11783,2026-06-04 21:47:42,星野茶·大学城店,杨枝甘露,果茶,18,1,0,18,7.5,小程序,非会员,0
O11784,2026-06-04 18:49:25,星野茶·大学城店,伯牙绝弦,茶底,15,1,1.5,13.5,5.5,堂食,普通会员,0
O11785,2026-06-04 16:09:05,星野茶·大学城店,伯牙绝弦,茶底,15,1,0,15,5.5,小程序,银卡,0
O11786,2026-06-04 14:16:39,星野茶·地铁口店,奥利奥奶昔,奶茶,18,1,0,18,7.0,堂食,银卡,0
O11787,2026-06-04 21:37:22,星野茶·万达店,生椰拿铁,咖啡,16,1,0,16,6.0,外卖饿了么,普通会员,0
O11788,2026-06-04 13:21:06,星野茶·地铁口店,柠檬绿茶,果茶,12,1,0,12,3.5,小程序,非会员,1
O11789,2026-06-04 16:32:31,星野茶·地铁口店,杨枝甘露,果茶,18,1,0,18,7.5,堂食,金卡,0
O11790,2026-06-04 13:31:04,星野茶·大学城店,美式咖啡,咖啡,11,1,0,11,3.0,外卖饿了么,普通会员,0
O11791,2026-06-04 13:34:38,星野茶·大学城店,美式咖啡,咖啡,11,1,1.1,9.9,3.0,小程序,非会员,0
O11792,2026-06-05 18:00:49,星野茶·地铁口店,奥利奥奶昔,奶茶,18,2,0,36,14.0,堂食,银卡,0
O11793,2026-06-05 18:27:00,星野茶·大学城店,柠檬绿茶,果茶,12,1,0,12,3.5,小程序,普通会员,0
O11794,2026-06-05 11:09:39,星野茶·地铁口店,柠檬绿茶,果茶,12,1,0,12,3.5,堂食,银卡,0
O11795,2026-06-05 17:22:16,星野茶·万达店,杨枝甘露,果茶,18,1,0,18,7.5,堂食,普通会员,0
O11796,2026-06-05 11:58:29,星野茶·大学城店,芋泥波波,奶茶,17,2,0,34,13.0,外卖美团,银卡,0
O11797,2026-06-05 11:38:04,星野茶·大学城店,柠檬绿茶,果茶,12,1,0,12,3.5,外卖美团,金卡,0
O11798,2026-06-05 13:52:22,星野茶·大学城店,伯牙绝弦,茶底,15,1,0,15,5.5,小程序,新客,0
O11799,2026-06-05 15:38:14,星野茶·大学城店,杨枝甘露,果茶,18,1,0,18,7.5,堂食,非会员,0
O11800,2026-06-05 18:22:19,星野茶·大学城店,伯牙绝弦,茶底,15,1,0,15,5.5,外卖美团,非会员,0
O11801,2026-06-05 20:35:27,星野茶·万达店,生椰拿铁,咖啡,16,1,1.6,14.4,6.0,外卖饿了么,非会员,0
O11802,2026-06-05 12:21:48,星野茶·地铁口店,多肉葡萄,果茶,19,2,0,38,16.0,外卖饿了么,普通会员,0
O11803,2026-06-05 18:28:47,星野茶·大学城店,芋泥波波,奶茶,17,1,0,17,6.5,外卖美团,金卡,0
O11804,2026-06-05 20:05:31,星野茶·大学城店,伯牙绝弦,茶底,15,1,0,15,5.5,外卖美团,非会员,0
O11805,2026-06-05 20:48:45,星野茶·地铁口店,芋泥波波,奶茶,17,1,0,17,6.5,外卖美团,普通会员,0
O11806,2026-06-05 21:16:05,星野茶·大学城店,杨枝甘露,果茶,18,1,1.8,16.2,7.5,小程序,非会员,0
O11807,2026-06-05 21:31:35,星野茶·大学城店,奥利奥奶昔,奶茶,18,1,0,18,7.0,堂食,普通会员,0
O11808,2026-06-05 19:44:31,星野茶·万达店,奥利奥奶昔,奶茶,18,1,1.8,16.2,7.0,小程序,普通会员,0
O11809,2026-06-05 20:00:52,星野茶·地铁口店,生椰拿铁,咖啡,16,2,0,32,12.0,堂食,普通会员,0
O11810,2026-06-05 17:53:36,星野茶·地铁口店,杨枝甘露,果茶,18,1,1.8,16.2,7.5,外卖饿了么,新客,0
O11811,2026-06-05 16:55:34,星野茶·地铁口店,奥利奥奶昔,奶茶,18,1,0,18,7.0,堂食,普通会员,0
O11812,2026-06-05 18:30:45,星野茶·地铁口店,芋泥波波,奶茶,17,1,0,17,6.5,外卖美团,新客,0
O11813,2026-06-05 15:40:32,星野茶·万达店,生椰拿铁,咖啡,16,1,1.6,14.4,6.0,外卖饿了么,普通会员,0
O11814,2026-06-05 18:03:45,星野茶·大学城店,芋泥波波,奶茶,17,2,3.4,30.6,13.0,外卖美团,非会员,0
O11815,2026-06-05 14:11:45,星野茶·地铁口店,奥利奥奶昔,奶茶,18,1,1.8,16.2,7.0,外卖美团,普通会员,0
O11816,2026-06-05 21:32:53,星野茶·地铁口店,奥利奥奶昔,奶茶,18,1,0,18,7.0,小程序,非会员,0
O11817,2026-06-05 17:33:24,星野茶·大学城店,杨枝甘露,果茶,18,1,0,18,7.5,外卖美团,普通会员,0
O11818,2026-06-05 14:12:42,星野茶·大学城店,奥利奥奶昔,奶茶,18,1,0,18,7.0,外卖饿了么,银卡,0
O11819,2026-06-05 14:51:17,星野茶·万达店,杨枝甘露,果茶,18,1,0,18,7.5,小程序,银卡,0
O11820,2026-06-05 19:43:50,星野茶·地铁口店,奥利奥奶昔,奶茶,18,1,1.8,16.2,7.0,外卖美团,普通会员,0
O11821,2026-06-05 11:35:51,星野茶·大学城店,伯牙绝弦,茶底,15,1,1.5,13.5,5.5,外卖美团,非会员,0
O11822,2026-06-05 16:09:32,星野茶·地铁口店,伯牙绝弦,茶底,15,1,0,15,5.5,外卖饿了么,金卡,0
O11823,2026-06-05 15:26:25,星野茶·万达店,芋泥波波,奶茶,17,2,0,34,13.0,外卖美团,银卡,0
O11824,2026-06-05 12:38:49,星野茶·地铁口店,奥利奥奶昔,奶茶,18,1,0,18,7.0,外卖饿了么,金卡,0
O11825,2026-06-05 15:52:16,星野茶·地铁口店,杨枝甘露,果茶,18,1,0,18,7.5,外卖美团,金卡,0
O11826,2026-06-05 17:10:31,星野茶·大学城店,奥利奥奶昔,奶茶,18,1,0,18,7.0,外卖美团,金卡,1
O11827,2026-06-05 13:57:43,星野茶·大学城店,奥利奥奶昔,奶茶,18,1,0,18,7.0,外卖饿了么,普通会员,0
O11828,2026-06-05 13:42:23,星野茶·大学城店,奥利奥奶昔,奶茶,18,1,0,18,7.0,小程序,金卡,1
O11829,2026-06-05 11:20:49,星野茶·万达店,杨枝甘露,果茶,18,2,0,36,15.0,外卖美团,银卡,0
O11830,2026-06-05 11:12:44,星野茶·大学城店,多肉葡萄,果茶,19,1,1.9,17.1,8.0,外卖美团,金卡,0
O11831,2026-06-05 15:02:54,星野茶·大学城店,芋泥波波,奶茶,17,1,1.7,15.3,6.5,小程序,非会员,0
O11832,2026-06-05 13:14:28,星野茶·万达店,奥利奥奶昔,奶茶,18,1,1.8,16.2,7.0,外卖美团,非会员,0
O11833,2026-06-05 12:59:19,星野茶·地铁口店,奥利奥奶昔,奶茶,18,1,1.8,16.2,7.0,外卖饿了么,非会员,0
O11834,2026-06-05 20:43:32,星野茶·大学城店,杨枝甘露,果茶,18,2,0,36,15.0,外卖美团,非会员,0
O11835,2026-06-05 20:39:43,星野茶·地铁口店,生椰拿铁,咖啡,16,1,1.6,14.4,6.0,外卖美团,金卡,0
O11836,2026-06-05 20:32:48,星野茶·地铁口店,芋泥波波,奶茶,17,1,0,17,6.5,外卖美团,金卡,0
O11837,2026-06-05 14:53:45,星野茶·万达店,生椰拿铁,咖啡,16,1,0,16,6.0,小程序,金卡,0
O11838,2026-06-05 18:50:57,星野茶·大学城店,美式咖啡,咖啡,11,1,0,11,3.0,外卖饿了么,新客,0
O11839,2026-06-05 13:42:18,星野茶·地铁口店,美式咖啡,咖啡,11,1,0,11,3.0,小程序,金卡,0
O11840,2026-06-06 11:28:02,星野茶·大学城店,芋泥波波,奶茶,17,1,0,17,6.5,外卖饿了么,银卡,0
O11841,2026-06-06 14:33:17,星野茶·大学城店,芋泥波波,奶茶,17,2,3.4,30.6,13.0,堂食,金卡,0
O11842,2026-06-06 21:08:37,星野茶·万达店,多肉葡萄,果茶,19,1,0,19,8.0,外卖美团,金卡,0
O11843,2026-06-06 13:31:39,星野茶·万达店,杨枝甘露,果茶,18,1,1.8,16.2,7.5,堂食,普通会员,0
O11844,2026-06-06 21:46:18,星野茶·大学城店,多肉葡萄,果茶,19,2,3.8,34.2,16.0,堂食,非会员,0
O11845,2026-06-06 19:02:09,星野茶·地铁口店,生椰拿铁,咖啡,16,1,1.6,14.4,6.0,外卖饿了么,银卡,0
O11846,2026-06-06 13:17:56,星野茶·万达店,伯牙绝弦,茶底,15,1,1.5,13.5,5.5,外卖饿了么,新客,0
O11847,2026-06-06 13:04:11,星野茶·大学城店,芋泥波波,奶茶,17,1,0,17,6.5,外卖美团,银卡,0
O11848,2026-06-06 14:40:23,星野茶·地铁口店,美式咖啡,咖啡,11,1,0,11,3.0,外卖饿了么,新客,0
O11849,2026-06-06 11:48:53,星野茶·万达店,多肉葡萄,果茶,19,1,0,19,8.0,堂食,新客,0
O11850,2026-06-06 17:46:56,星野茶·地铁口店,多肉葡萄,果茶,19,1,0,19,8.0,堂食,银卡,0
O11851,2026-06-06 12:50:42,星野茶·大学城店,生椰拿铁,咖啡,16,1,0,16,6.0,外卖饿了么,金卡,0
O11852,2026-06-06 14:22:18,星野茶·万达店,美式咖啡,咖啡,11,1,1.1,9.9,3.0,小程序,银卡,0
O11853,2026-06-06 18:21:22,星野茶·万达店,多肉葡萄,果茶,19,1,1.9,17.1,8.0,小程序,新客,0
O11854,2026-06-06 11:45:46,星野茶·地铁口店,美式咖啡,咖啡,11,1,0,11,3.0,堂食,非会员,0
O11855,2026-06-06 14:59:28,星野茶·大学城店,伯牙绝弦,茶底,15,1,0,15,5.5,外卖饿了么,普通会员,0
O11856,2026-06-06 20:09:31,星野茶·地铁口店,杨枝甘露,果茶,18,1,0,18,7.5,小程序,新客,0
O11857,2026-06-06 20:00:15,星野茶·地铁口店,生椰拿铁,咖啡,16,1,0,16,6.0,小程序,新客,0
O11858,2026-06-06 12:48:13,星野茶·地铁口店,杨枝甘露,果茶,18,1,0,18,7.5,外卖饿了么,非会员,0
O11859,2026-06-06 13:50:03,星野茶·万达店,杨枝甘露,果茶,18,2,0,36,15.0,外卖饿了么,金卡,0
O11860,2026-06-06 16:53:11,星野茶·地铁口店,伯牙绝弦,茶底,15,1,1.5,13.5,5.5,堂食,普通会员,0
O11861,2026-06-06 15:27:15,星野茶·地铁口店,美式咖啡,咖啡,11,2,2.2,19.8,6.0,外卖美团,银卡,0
O11862,2026-06-06 16:03:43,星野茶·大学城店,多肉葡萄,果茶,19,1,0,19,8.0,小程序,银卡,0
O11863,2026-06-06 15:08:04,星野茶·大学城店,奥利奥奶昔,奶茶,18,1,0,18,7.0,小程序,银卡,0
O11864,2026-06-06 17:11:49,星野茶·地铁口店,生椰拿铁,咖啡,16,1,0,16,6.0,堂食,非会员,0
O11865,2026-06-06 14:19:50,星野茶·大学城店,美式咖啡,咖啡,11,1,0,11,3.0,外卖饿了么,金卡,0
O11866,2026-06-06 14:04:30,星野茶·大学城店,伯牙绝弦,茶底,15,2,0,30,11.0,小程序,非会员,0
O11867,2026-06-06 16:51:55,星野茶·地铁口店,伯牙绝弦,茶底,15,1,0,15,5.5,外卖美团,金卡,0
O11868,2026-06-06 17:35:25,星野茶·地铁口店,杨枝甘露,果茶,18,1,0,18,7.5,小程序,非会员,0
O11869,2026-06-06 15:26:04,星野茶·大学城店,生椰拿铁,咖啡,16,1,0,16,6.0,外卖饿了么,银卡,0
O11870,2026-06-06 15:31:59,星野茶·地铁口店,生椰拿铁,咖啡,16,1,1.6,14.4,6.0,外卖美团,新客,0
O11871,2026-06-06 16:40:51,星野茶·大学城店,伯牙绝弦,茶底,15,1,1.5,13.5,5.5,小程序,普通会员,0
O11872,2026-06-06 18:40:45,星野茶·大学城店,杨枝甘露,果茶,18,1,0,18,7.5,外卖美团,银卡,0
O11873,2026-06-06 21:27:49,星野茶·大学城店,生椰拿铁,咖啡,16,1,0,16,6.0,外卖饿了么,金卡,0
O11874,2026-06-06 18:24:33,星野茶·大学城店,美式咖啡,咖啡,11,2,0,22,6.0,小程序,银卡,0
O11875,2026-06-06 20:05:26,星野茶·大学城店,伯牙绝弦,茶底,15,1,1.5,13.5,5.5,小程序,普通会员,0
O11876,2026-06-06 19:16:26,星野茶·地铁口店,芋泥波波,奶茶,17,1,0,17,6.5,外卖美团,非会员,0
O11877,2026-06-06 18:01:34,星野茶·万达店,美式咖啡,咖啡,11,1,0,11,3.0,外卖饿了么,非会员,0
O11878,2026-06-06 13:54:09,星野茶·地铁口店,柠檬绿茶,果茶,12,1,0,12,3.5,外卖美团,非会员,0
O11879,2026-06-06 14:49:59,星野茶·大学城店,芋泥波波,奶茶,17,1,0,17,6.5,外卖美团,非会员,0
O11880,2026-06-06 14:40:51,星野茶·大学城店,奥利奥奶昔,奶茶,18,1,0,18,7.0,堂食,银卡,0
O11881,2026-06-06 12:56:54,星野茶·万达店,杨枝甘露,果茶,18,1,1.8,16.2,7.5,外卖饿了么,普通会员,0
O11882,2026-06-06 15:43:27,星野茶·大学城店,奥利奥奶昔,奶茶,18,1,0,18,7.0,外卖饿了么,普通会员,0
O11883,2026-06-06 16:35:54,星野茶·大学城店,奥利奥奶昔,奶茶,18,1,1.8,16.2,7.0,外卖美团,银卡,0
O11884,2026-06-06 12:18:55,星野茶·万达店,奥利奥奶昔,奶茶,18,1,0,18,7.0,外卖美团,非会员,0
O11885,2026-06-06 16:46:46,星野茶·大学城店,芋泥波波,奶茶,17,1,0,17,6.5,外卖美团,普通会员,0
O11886,2026-06-06 14:36:08,星野茶·地铁口店,多肉葡萄,果茶,19,2,0,38,16.0,外卖美团,非会员,0
O11887,2026-06-06 14:24:25,星野茶·万达店,伯牙绝弦,茶底,15,1,0,15,5.5,小程序,金卡,0
O11888,2026-06-06 21:50:27,星野茶·地铁口店,奥利奥奶昔,奶茶,18,2,0,36,14.0,外卖美团,非会员,0
O11889,2026-06-06 14:54:30,星野茶·万达店,杨枝甘露,果茶,18,1,0,18,7.5,外卖饿了么,金卡,0
O11890,2026-06-06 13:57:14,星野茶·大学城店,美式咖啡,咖啡,11,1,0,11,3.0,外卖美团,新客,0
O11891,2026-06-06 15:20:15,星野茶·万达店,美式咖啡,咖啡,11,1,0,11,3.0,外卖美团,银卡,0
O11892,2026-06-07 15:43:32,星野茶·地铁口店,杨枝甘露,果茶,18,1,0,18,7.5,外卖美团,新客,0
O11893,2026-06-07 15:55:32,星野茶·万达店,美式咖啡,咖啡,11,1,1.1,9.9,3.0,堂食,新客,0
O11894,2026-06-07 17:15:17,星野茶·大学城店,多肉葡萄,果茶,19,2,0,38,16.0,小程序,普通会员,0
O11895,2026-06-07 20:12:54,星野茶·大学城店,柠檬绿茶,果茶,12,1,0,12,3.5,外卖饿了么,银卡,0
O11896,2026-06-07 13:13:37,星野茶·万达店,柠檬绿茶,果茶,12,1,1.2,10.8,3.5,外卖饿了么,金卡,0
O11897,2026-06-07 13:02:21,星野茶·万达店,美式咖啡,咖啡,11,1,0,11,3.0,小程序,金卡,0
O11898,2026-06-07 18:39:18,星野茶·万达店,伯牙绝弦,茶底,15,1,0,15,5.5,外卖美团,新客,0
O11899,2026-06-07 13:06:01,星野茶·大学城店,芋泥波波,奶茶,17,1,0,17,6.5,外卖美团,新客,0
O11900,2026-06-07 12:35:31,星野茶·万达店,柠檬绿茶,果茶,12,1,0,12,3.5,堂食,非会员,0
O11901,2026-06-07 19:36:13,星野茶·万达店,杨枝甘露,果茶,18,2,0,36,15.0,外卖饿了么,普通会员,0
O11902,2026-06-07 13:31:47,星野茶·地铁口店,芋泥波波,奶茶,17,1,1.7,15.3,6.5,外卖饿了么,新客,0
O11903,2026-06-07 20:25:50,星野茶·地铁口店,伯牙绝弦,茶底,15,1,0,15,5.5,堂食,非会员,0
O11904,2026-06-07 18:27:32,星野茶·万达店,杨枝甘露,果茶,18,1,1.8,16.2,7.5,外卖饿了么,银卡,0
O11905,2026-06-07 19:21:22,星野茶·万达店,多肉葡萄,果茶,19,1,0,19,8.0,外卖饿了么,非会员,0
O11906,2026-06-07 19:31:10,星野茶·大学城店,柠檬绿茶,果茶,12,2,0,24,7.0,小程序,非会员,0
O11907,2026-06-07 19:20:36,星野茶·万达店,生椰拿铁,咖啡,16,1,1.6,14.4,6.0,外卖饿了么,普通会员,0
O11908,2026-06-07 20:18:42,星野茶·地铁口店,生椰拿铁,咖啡,16,1,0,16,6.0,堂食,金卡,0
O11909,2026-06-07 20:10:47,星野茶·大学城店,柠檬绿茶,果茶,12,1,0,12,3.5,堂食,金卡,0
O11910,2026-06-07 18:24:26,星野茶·大学城店,杨枝甘露,果茶,18,2,0,36,15.0,小程序,普通会员,0
O11911,2026-06-07 16:58:04,星野茶·地铁口店,奥利奥奶昔,奶茶,18,1,0,18,7.0,堂食,普通会员,0
O11912,2026-06-07 19:55:19,星野茶·大学城店,杨枝甘露,果茶,18,1,1.8,16.2,7.5,外卖饿了么,普通会员,0
O11913,2026-06-07 21:44:59,星野茶·万达店,杨枝甘露,果茶,18,1,0,18,7.5,小程序,银卡,0
O11914,2026-06-07 12:17:18,星野茶·大学城店,伯牙绝弦,茶底,15,1,0,15,5.5,小程序,新客,0
O11915,2026-06-07 21:30:44,星野茶·地铁口店,柠檬绿茶,果茶,12,1,0,12,3.5,小程序,金卡,0
O11916,2026-06-07 15:34:49,星野茶·地铁口店,生椰拿铁,咖啡,16,2,0,32,12.0,外卖饿了么,普通会员,0
O11917,2026-06-07 15:46:35,星野茶·万达店,生椰拿铁,咖啡,16,1,0,16,6.0,堂食,新客,0
O11918,2026-06-07 15:43:07,星野茶·万达店,多肉葡萄,果茶,19,1,0,19,8.0,堂食,普通会员,0
O11919,2026-06-07 16:56:40,星野茶·万达店,美式咖啡,咖啡,11,1,0,11,3.0,外卖美团,新客,0
O11920,2026-06-07 14:56:58,星野茶·地铁口店,多肉葡萄,果茶,19,1,0,19,8.0,小程序,非会员,0
O11921,2026-06-07 16:57:55,星野茶·地铁口店,美式咖啡,咖啡,11,1,1.1,9.9,3.0,外卖饿了么,银卡,0
O11922,2026-06-07 20:33:39,星野茶·大学城店,美式咖啡,咖啡,11,1,0,11,3.0,外卖饿了么,银卡,0
O11923,2026-06-07 11:27:26,星野茶·大学城店,奥利奥奶昔,奶茶,18,1,0,18,7.0,外卖美团,金卡,0
O11924,2026-06-07 16:18:23,星野茶·地铁口店,伯牙绝弦,茶底,15,1,0,15,5.5,堂食,银卡,0
O11925,2026-06-07 17:19:45,星野茶·大学城店,芋泥波波,奶茶,17,2,0,34,13.0,外卖饿了么,新客,0
O11926,2026-06-07 15:44:21,星野茶·万达店,伯牙绝弦,茶底,15,1,0,15,5.5,外卖美团,普通会员,0
O11927,2026-06-07 13:51:47,星野茶·万达店,生椰拿铁,咖啡,16,1,0,16,6.0,堂食,普通会员,0
O11928,2026-06-07 12:40:17,星野茶·万达店,柠檬绿茶,果茶,12,2,0,24,7.0,小程序,金卡,0
O11929,2026-06-07 21:58:05,星野茶·大学城店,多肉葡萄,果茶,19,1,0,19,8.0,外卖美团,普通会员,0
O11930,2026-06-07 14:44:57,星野茶·地铁口店,杨枝甘露,果茶,18,2,0,36,15.0,堂食,普通会员,0
O11931,2026-06-07 20:02:45,星野茶·地铁口店,奥利奥奶昔,奶茶,18,1,0,18,7.0,小程序,非会员,0
O11932,2026-06-07 15:09:19,星野茶·大学城店,奥利奥奶昔,奶茶,18,1,0,18,7.0,外卖美团,非会员,0
O11933,2026-06-07 17:08:45,星野茶·万达店,芋泥波波,奶茶,17,1,0,17,6.5,堂食,新客,0
O11934,2026-06-07 15:07:14,星野茶·大学城店,美式咖啡,咖啡,11,1,0,11,3.0,外卖美团,银卡,0
O11935,2026-06-07 17:58:41,星野茶·地铁口店,生椰拿铁,咖啡,16,1,1.6,14.4,6.0,堂食,银卡,0
O11936,2026-06-07 13:41:26,星野茶·万达店,芋泥波波,奶茶,17,1,0,17,6.5,外卖美团,新客,0
O11937,2026-06-07 19:13:42,星野茶·万达店,杨枝甘露,果茶,18,1,1.8,16.2,7.5,外卖美团,银卡,0
O11938,2026-06-07 18:56:52,星野茶·地铁口店,奥利奥奶昔,奶茶,18,1,0,18,7.0,外卖美团,非会员,0
O11939,2026-06-07 16:55:18,星野茶·大学城店,杨枝甘露,果茶,18,1,1.8,16.2,7.5,外卖美团,新客,0
O11940,2026-06-07 21:02:23,星野茶·大学城店,芋泥波波,奶茶,17,1,1.7,15.3,6.5,小程序,非会员,0
O11941,2026-06-07 11:18:36,星野茶·地铁口店,杨枝甘露,果茶,18,1,1.8,16.2,7.5,外卖美团,新客,0
O11942,2026-06-07 21:45:24,星野茶·地铁口店,柠檬绿茶,果茶,12,1,0,12,3.5,小程序,普通会员,0
O11943,2026-06-07 17:32:43,星野茶·万达店,伯牙绝弦,茶底,15,1,0,15,5.5,堂食,金卡,0
O11944,2026-06-07 21:30:28,星野茶·万达店,杨枝甘露,果茶,18,2,0,36,15.0,堂食,新客,0
O11945,2026-06-07 18:36:50,星野茶·大学城店,杨枝甘露,果茶,18,1,1.8,16.2,7.5,外卖饿了么,银卡,0
O11946,2026-06-07 16:57:14,星野茶·地铁口店,芋泥波波,奶茶,17,1,0,17,6.5,堂食,金卡,0
O11947,2026-06-07 18:28:57,星野茶·大学城店,奥利奥奶昔,奶茶,18,1,0,18,7.0,外卖美团,普通会员,0
O11948,2026-06-07 11:27:55,星野茶·地铁口店,杨枝甘露,果茶,18,1,1.8,16.2,7.5,外卖美团,金卡,0
O11949,2026-06-08 14:20:50,星野茶·大学城店,美式咖啡,咖啡,11,2,0,22,6.0,外卖饿了么,新客,0
O11950,2026-06-08 18:26:27,星野茶·万达店,生椰拿铁,咖啡,16,2,3.2,28.8,12.0,堂食,非会员,0
O11951,2026-06-08 18:21:51,星野茶·大学城店,多肉葡萄,果茶,19,1,0,19,8.0,小程序,新客,0
O11952,2026-06-08 20:33:58,星野茶·地铁口店,杨枝甘露,果茶,18,1,0,18,7.5,小程序,非会员,0
O11953,2026-06-08 14:00:03,星野茶·大学城店,生椰拿铁,咖啡,16,1,0,16,6.0,小程序,新客,0
O11954,2026-06-08 16:11:12,星野茶·地铁口店,生椰拿铁,咖啡,16,1,0,16,6.0,堂食,银卡,0
O11955,2026-06-08 20:24:35,星野茶·大学城店,杨枝甘露,果茶,18,1,0,18,7.5,堂食,金卡,0
O11956,2026-06-08 17:32:53,星野茶·大学城店,伯牙绝弦,茶底,15,1,1.5,13.5,5.5,堂食,金卡,0
O11957,2026-06-08 14:32:32,星野茶·万达店,柠檬绿茶,果茶,12,1,1.2,10.8,3.5,堂食,普通会员,0
O11958,2026-06-08 16:31:29,星野茶·万达店,杨枝甘露,果茶,18,1,0,18,7.5,小程序,新客,0
O11959,2026-06-08 17:39:25,星野茶·大学城店,奥利奥奶昔,奶茶,18,1,0,18,7.0,小程序,非会员,0
O11960,2026-06-08 19:00:42,星野茶·万达店,美式咖啡,咖啡,11,1,0,11,3.0,外卖饿了么,金卡,0
O11961,2026-06-08 16:52:41,星野茶·地铁口店,芋泥波波,奶茶,17,1,0,17,6.5,小程序,非会员,0
O11962,2026-06-08 16:03:43,星野茶·大学城店,生椰拿铁,咖啡,16,1,0,16,6.0,外卖饿了么,银卡,0
O11963,2026-06-08 13:04:15,星野茶·万达店,美式咖啡,咖啡,11,1,0,11,3.0,堂食,银卡,0
O11964,2026-06-08 18:52:59,星野茶·大学城店,美式咖啡,咖啡,11,1,0,11,3.0,外卖美团,非会员,0
O11965,2026-06-08 11:20:30,星野茶·地铁口店,奥利奥奶昔,奶茶,18,1,1.8,16.2,7.0,小程序,金卡,1
O11966,2026-06-08 17:00:41,星野茶·大学城店,多肉葡萄,果茶,19,2,3.8,34.2,16.0,外卖美团,银卡,0
O11967,2026-06-08 21:57:17,星野茶·地铁口店,奥利奥奶昔,奶茶,18,1,1.8,16.2,7.0,外卖美团,普通会员,0
O11968,2026-06-08 20:25:09,星野茶·大学城店,杨枝甘露,果茶,18,1,1.8,16.2,7.5,外卖美团,银卡,0
O11969,2026-06-08 19:10:37,星野茶·万达店,芋泥波波,奶茶,17,1,0,17,6.5,堂食,普通会员,0
O11970,2026-06-08 16:17:48,星野茶·万达店,杨枝甘露,果茶,18,1,0,18,7.5,小程序,银卡,0
O11971,2026-06-08 12:44:02,星野茶·地铁口店,奥利奥奶昔,奶茶,18,1,1.8,16.2,7.0,外卖美团,新客,0
O11972,2026-06-08 21:19:28,星野茶·地铁口店,生椰拿铁,咖啡,16,1,0,16,6.0,小程序,普通会员,0
O11973,2026-06-08 19:42:01,星野茶·万达店,美式咖啡,咖啡,11,1,0,11,3.0,小程序,银卡,0
O11974,2026-06-08 19:33:22,星野茶·大学城店,奥利奥奶昔,奶茶,18,1,0,18,7.0,外卖美团,银卡,0
O11975,2026-06-08 21:01:32,星野茶·地铁口店,芋泥波波,奶茶,17,1,0,17,6.5,外卖饿了么,普通会员,0
O11976,2026-06-08 21:25:48,星野茶·万达店,柠檬绿茶,果茶,12,1,0,12,3.5,小程序,非会员,0
O11977,2026-06-08 12:43:24,星野茶·大学城店,生椰拿铁,咖啡,16,1,0,16,6.0,外卖饿了么,金卡,0
O11978,2026-06-08 19:34:40,星野茶·万达店,多肉葡萄,果茶,19,2,0,38,16.0,外卖饿了么,银卡,0
O11979,2026-06-08 15:04:45,星野茶·万达店,杨枝甘露,果茶,18,1,0,18,7.5,外卖饿了么,新客,0
O11980,2026-06-08 13:26:33,星野茶·地铁口店,奥利奥奶昔,奶茶,18,1,0,18,7.0,小程序,新客,0
O11981,2026-06-09 18:59:24,星野茶·大学城店,伯牙绝弦,茶底,15,1,0,15,5.5,外卖饿了么,非会员,0
O11982,2026-06-09 18:39:03,星野茶·万达店,美式咖啡,咖啡,11,1,0,11,3.0,外卖美团,普通会员,0
O11983,2026-06-09 17:08:21,星野茶·大学城店,美式咖啡,咖啡,11,2,0,22,6.0,堂食,非会员,0
O11984,2026-06-09 21:52:54,星野茶·大学城店,柠檬绿茶,果茶,12,1,1.2,10.8,3.5,外卖饿了么,普通会员,0
O11985,2026-06-09 15:44:59,星野茶·地铁口店,柠檬绿茶,果茶,12,1,0,12,3.5,堂食,普通会员,0
O11986,2026-06-09 11:35:26,星野茶·大学城店,芋泥波波,奶茶,17,1,0,17,6.5,小程序,金卡,0
O11987,2026-06-09 19:05:56,星野茶·大学城店,生椰拿铁,咖啡,16,1,0,16,6.0,外卖饿了么,新客,0
O11988,2026-06-09 16:09:52,星野茶·大学城店,多肉葡萄,果茶,19,1,0,19,8.0,堂食,普通会员,0
O11989,2026-06-09 11:10:58,星野茶·大学城店,生椰拿铁,咖啡,16,1,1.6,14.4,6.0,小程序,银卡,0
O11990,2026-06-09 13:07:37,星野茶·地铁口店,杨枝甘露,果茶,18,1,1.8,16.2,7.5,小程序,金卡,0
O11991,2026-06-09 17:27:43,星野茶·万达店,柠檬绿茶,果茶,12,1,0,12,3.5,外卖美团,银卡,1
O11992,2026-06-09 15:32:01,星野茶·地铁口店,柠檬绿茶,果茶,12,1,1.2,10.8,3.5,堂食,普通会员,0
O11993,2026-06-09 19:02:06,星野茶·地铁口店,生椰拿铁,咖啡,16,1,0,16,6.0,外卖美团,新客,0
O11994,2026-06-09 15:20:55,星野茶·大学城店,奥利奥奶昔,奶茶,18,2,0,36,14.0,小程序,非会员,0
O11995,2026-06-09 17:34:58,星野茶·万达店,杨枝甘露,果茶,18,1,1.8,16.2,7.5,外卖饿了么,普通会员,0
O11996,2026-06-09 11:25:02,星野茶·地铁口店,杨枝甘露,果茶,18,1,1.8,16.2,7.5,小程序,普通会员,0
O11997,2026-06-09 13:32:51,星野茶·万达店,芋泥波波,奶茶,17,2,0,34,13.0,堂食,金卡,0
O11998,2026-06-09 12:28:14,星野茶·大学城店,多肉葡萄,果茶,19,2,0,38,16.0,小程序,新客,0
O11999,2026-06-09 20:58:46,星野茶·万达店,多肉葡萄,果茶,19,1,0,19,8.0,外卖美团,普通会员,0
O12000,2026-06-09 11:00:05,星野茶·万达店,奥利奥奶昔,奶茶,18,1,0,18,7.0,外卖美团,新客,0
O12001,2026-06-09 14:37:42,星野茶·大学城店,杨枝甘露,果茶,18,1,1.8,16.2,7.5,外卖美团,新客,0
O12002,2026-06-09 19:34:38,星野茶·大学城店,多肉葡萄,果茶,19,1,0,19,8.0,小程序,非会员,0
O12003,2026-06-09 17:23:15,星野茶·大学城店,美式咖啡,咖啡,11,1,0,11,3.0,小程序,普通会员,0
O12004,2026-06-09 13:54:02,星野茶·万达店,柠檬绿茶,果茶,12,1,0,12,3.5,小程序,金卡,0
O12005,2026-06-09 16:00:51,星野茶·万达店,生椰拿铁,咖啡,16,1,0,16,6.0,外卖饿了么,普通会员,0
O12006,2026-06-09 21:01:54,星野茶·万达店,奥利奥奶昔,奶茶,18,1,1.8,16.2,7.0,外卖饿了么,金卡,1
O12007,2026-06-09 14:32:52,星野茶·大学城店,多肉葡萄,果茶,19,1,0,19,8.0,外卖饿了么,银卡,0
O12008,2026-06-09 12:34:25,星野茶·万达店,美式咖啡,咖啡,11,1,0,11,3.0,小程序,非会员,0
O12009,2026-06-09 19:12:48,星野茶·万达店,美式咖啡,咖啡,11,1,0,11,3.0,堂食,普通会员,0
O12010,2026-06-09 15:04:27,星野茶·大学城店,生椰拿铁,咖啡,16,1,0,16,6.0,堂食,银卡,0
O12011,2026-06-09 16:34:30,星野茶·大学城店,伯牙绝弦,茶底,15,1,1.5,13.5,5.5,外卖美团,普通会员,0
O12012,2026-06-09 11:14:09,星野茶·大学城店,芋泥波波,奶茶,17,1,0,17,6.5,小程序,银卡,0
O12013,2026-06-09 16:14:27,星野茶·大学城店,生椰拿铁,咖啡,16,1,0,16,6.0,外卖美团,金卡,0
O12014,2026-06-09 19:07:52,星野茶·万达店,奥利奥奶昔,奶茶,18,1,0,18,7.0,小程序,新客,0
O12015,2026-06-09 21:44:58,星野茶·地铁口店,伯牙绝弦,茶底,15,1,1.5,13.5,5.5,堂食,非会员,0
O12016,2026-06-09 21:51:25,星野茶·大学城店,柠檬绿茶,果茶,12,1,0,12,3.5,堂食,银卡,0
O12017,2026-06-09 14:54:55,星野茶·万达店,杨枝甘露,果茶,18,1,0,18,7.5,外卖饿了么,金卡,0
O12018,2026-06-09 20:31:40,星野茶·地铁口店,杨枝甘露,果茶,18,1,1.8,16.2,7.5,外卖饿了么,普通会员,0
O12019,2026-06-09 16:28:26,星野茶·地铁口店,美式咖啡,咖啡,11,1,1.1,9.9,3.0,外卖美团,新客,0
O12020,2026-06-09 14:58:47,星野茶·万达店,奥利奥奶昔,奶茶,18,1,0,18,7.0,外卖美团,非会员,0
O12021,2026-06-09 12:54:11,星野茶·地铁口店,芋泥波波,奶茶,17,1,0,17,6.5,外卖美团,金卡,0
O12022,2026-06-09 18:09:30,星野茶·万达店,多肉葡萄,果茶,19,1,1.9,17.1,8.0,小程序,非会员,0
O12023,2026-06-09 14:43:11,星野茶·大学城店,美式咖啡,咖啡,11,1,0,11,3.0,堂食,新客,0
O12024,2026-06-09 15:39:47,星野茶·地铁口店,多肉葡萄,果茶,19,1,0,19,8.0,小程序,非会员,0
O12025,2026-06-10 17:00:28,星野茶·万达店,杨枝甘露,果茶,18,1,1.8,16.2,7.5,堂食,银卡,0
O12026,2026-06-10 12:05:30,星野茶·万达店,杨枝甘露,果茶,18,1,1.8,16.2,7.5,堂食,金卡,0
O12027,2026-06-10 11:36:04,星野茶·地铁口店,芋泥波波,奶茶,17,2,0,34,13.0,小程序,银卡,0
O12028,2026-06-10 11:49:29,星野茶·地铁口店,杨枝甘露,果茶,18,1,0,18,7.5,堂食,非会员,0
O12029,2026-06-10 13:34:43,星野茶·大学城店,美式咖啡,咖啡,11,1,0,11,3.0,堂食,金卡,0
O12030,2026-06-10 21:49:05,星野茶·地铁口店,芋泥波波,奶茶,17,1,0,17,6.5,外卖饿了么,新客,0
O12031,2026-06-10 13:34:52,星野茶·地铁口店,奥利奥奶昔,奶茶,18,1,0,18,7.0,堂食,普通会员,0
O12032,2026-06-10 18:42:23,星野茶·万达店,杨枝甘露,果茶,18,1,0,18,7.5,堂食,银卡,0
O12033,2026-06-10 17:00:09,星野茶·万达店,杨枝甘露,果茶,18,2,3.6,32.4,15.0,小程序,非会员,0
O12034,2026-06-10 12:37:19,星野茶·万达店,美式咖啡,咖啡,11,1,0,11,3.0,堂食,普通会员,0
O12035,2026-06-10 11:17:48,星野茶·地铁口店,奥利奥奶昔,奶茶,18,1,0,18,7.0,堂食,非会员,0
O12036,2026-06-10 19:39:24,星野茶·地铁口店,芋泥波波,奶茶,17,1,0,17,6.5,小程序,非会员,0
O12037,2026-06-10 17:36:38,星野茶·大学城店,美式咖啡,咖啡,11,1,0,11,3.0,小程序,金卡,0
O12038,2026-06-10 17:32:58,星野茶·地铁口店,美式咖啡,咖啡,11,1,1.1,9.9,3.0,外卖美团,银卡,0
O12039,2026-06-10 12:25:32,星野茶·万达店,多肉葡萄,果茶,19,2,0,38,16.0,外卖饿了么,非会员,0
O12040,2026-06-10 17:29:49,星野茶·地铁口店,杨枝甘露,果茶,18,1,1.8,16.2,7.5,堂食,普通会员,0
O12041,2026-06-10 19:58:17,星野茶·地铁口店,杨枝甘露,果茶,18,1,1.8,16.2,7.5,外卖饿了么,新客,0
O12042,2026-06-10 20:10:32,星野茶·万达店,多肉葡萄,果茶,19,1,0,19,8.0,堂食,非会员,1
O12043,2026-06-10 11:32:25,星野茶·万达店,伯牙绝弦,茶底,15,1,0,15,5.5,堂食,普通会员,0
O12044,2026-06-10 14:10:11,星野茶·地铁口店,多肉葡萄,果茶,19,1,0,19,8.0,堂食,银卡,0
O12045,2026-06-10 21:19:14,星野茶·大学城店,美式咖啡,咖啡,11,1,1.1,9.9,3.0,外卖美团,银卡,0
O12046,2026-06-10 17:46:27,星野茶·万达店,美式咖啡,咖啡,11,1,0,11,3.0,小程序,银卡,0
O12047,2026-06-10 15:57:05,星野茶·大学城店,生椰拿铁,咖啡,16,1,0,16,6.0,堂食,银卡,0
O12048,2026-06-10 12:31:46,星野茶·大学城店,多肉葡萄,果茶,19,1,0,19,8.0,堂食,非会员,0
O12049,2026-06-10 16:06:17,星野茶·万达店,杨枝甘露,果茶,18,1,0,18,7.5,外卖饿了么,普通会员,0
O12050,2026-06-10 19:15:21,星野茶·地铁口店,芋泥波波,奶茶,17,1,0,17,6.5,外卖饿了么,金卡,0
O12051,2026-06-10 16:50:05,星野茶·大学城店,美式咖啡,咖啡,11,1,0,11,3.0,外卖饿了么,非会员,0
O12052,2026-06-10 20:20:50,星野茶·地铁口店,柠檬绿茶,果茶,12,1,0,12,3.5,堂食,非会员,0
O12053,2026-06-10 17:30:27,星野茶·大学城店,伯牙绝弦,茶底,15,2,0,30,11.0,小程序,新客,0
O12054,2026-06-10 12:37:13,星野茶·万达店,伯牙绝弦,茶底,15,1,0,15,5.5,堂食,非会员,0
O12055,2026-06-10 11:28:34,星野茶·大学城店,柠檬绿茶,果茶,12,1,1.2,10.8,3.5,外卖美团,银卡,0
O12056,2026-06-10 17:15:43,星野茶·大学城店,生椰拿铁,咖啡,16,1,0,16,6.0,外卖美团,金卡,0
O12057,2026-06-10 18:53:42,星野茶·万达店,奥利奥奶昔,奶茶,18,1,1.8,16.2,7.0,堂食,普通会员,0
O12058,2026-06-10 20:01:00,星野茶·万达店,美式咖啡,咖啡,11,1,0,11,3.0,堂食,银卡,0
O12059,2026-06-11 15:24:11,星野茶·大学城店,柠檬绿茶,果茶,12,1,0,12,3.5,堂食,非会员,0
O12060,2026-06-11 14:44:39,星野茶·地铁口店,多肉葡萄,果茶,19,1,1.9,17.1,8.0,外卖饿了么,银卡,0
O12061,2026-06-11 14:41:22,星野茶·地铁口店,多肉葡萄,果茶,19,1,0,19,8.0,小程序,普通会员,0
O12062,2026-06-11 15:07:23,星野茶·万达店,柠檬绿茶,果茶,12,1,1.2,10.8,3.5,外卖美团,银卡,0
O12063,2026-06-11 20:42:59,星野茶·大学城店,芋泥波波,奶茶,17,1,0,17,6.5,小程序,新客,0
O12064,2026-06-11 17:59:53,星野茶·地铁口店,奥利奥奶昔,奶茶,18,1,0,18,7.0,外卖美团,金卡,0
O12065,2026-06-11 20:53:56,星野茶·万达店,伯牙绝弦,茶底,15,2,0,30,11.0,堂食,新客,0
O12066,2026-06-11 14:11:10,星野茶·地铁口店,生椰拿铁,咖啡,16,1,0,16,6.0,小程序,普通会员,0
O12067,2026-06-11 21:33:42,星野茶·大学城店,芋泥波波,奶茶,17,1,0,17,6.5,外卖美团,新客,0
O12068,2026-06-11 13:13:01,星野茶·地铁口店,多肉葡萄,果茶,19,1,1.9,17.1,8.0,小程序,普通会员,0
O12069,2026-06-11 12:20:35,星野茶·大学城店,多肉葡萄,果茶,19,1,0,19,8.0,小程序,新客,0
O12070,2026-06-11 20:31:02,星野茶·万达店,杨枝甘露,果茶,18,2,0,36,15.0,外卖美团,普通会员,0
O12071,2026-06-11 20:31:39,星野茶·地铁口店,芋泥波波,奶茶,17,1,0,17,6.5,堂食,新客,0
O12072,2026-06-11 21:39:03,星野茶·地铁口店,生椰拿铁,咖啡,16,1,0,16,6.0,小程序,新客,0
O12073,2026-06-11 17:44:38,星野茶·万达店,奥利奥奶昔,奶茶,18,1,0,18,7.0,外卖美团,银卡,0
O12074,2026-06-11 15:34:02,星野茶·万达店,杨枝甘露,果茶,18,1,0,18,7.5,小程序,普通会员,0
O12075,2026-06-11 13:09:50,星野茶·地铁口店,柠檬绿茶,果茶,12,2,2.4,21.6,7.0,小程序,金卡,0
O12076,2026-06-11 12:59:58,星野茶·地铁口店,杨枝甘露,果茶,18,2,3.6,32.4,15.0,堂食,新客,0
O12077,2026-06-11 20:34:20,星野茶·万达店,多肉葡萄,果茶,19,1,0,19,8.0,堂食,非会员,0
O12078,2026-06-11 16:29:39,星野茶·大学城店,美式咖啡,咖啡,11,1,0,11,3.0,小程序,银卡,0
O12079,2026-06-11 15:04:36,星野茶·大学城店,伯牙绝弦,茶底,15,1,0,15,5.5,外卖美团,新客,0
O12080,2026-06-11 14:53:51,星野茶·万达店,美式咖啡,咖啡,11,1,0,11,3.0,外卖美团,新客,0
O12081,2026-06-11 16:38:07,星野茶·地铁口店,美式咖啡,咖啡,11,1,1.1,9.9,3.0,小程序,金卡,0
O12082,2026-06-11 12:24:14,星野茶·地铁口店,多肉葡萄,果茶,19,1,0,19,8.0,外卖美团,新客,0
O12083,2026-06-11 19:25:31,星野茶·万达店,芋泥波波,奶茶,17,2,0,34,13.0,外卖美团,银卡,0
O12084,2026-06-11 20:53:26,星野茶·地铁口店,伯牙绝弦,茶底,15,1,0,15,5.5,堂食,普通会员,0
O12085,2026-06-11 20:47:29,星野茶·大学城店,杨枝甘露,果茶,18,1,0,18,7.5,外卖美团,非会员,0
O12086,2026-06-11 15:11:16,星野茶·地铁口店,杨枝甘露,果茶,18,1,0,18,7.5,小程序,新客,0
O12087,2026-06-11 17:44:25,星野茶·大学城店,柠檬绿茶,果茶,12,1,0,12,3.5,外卖美团,非会员,0
O12088,2026-06-11 13:36:58,星野茶·地铁口店,芋泥波波,奶茶,17,1,0,17,6.5,堂食,新客,0
O12089,2026-06-11 18:41:27,星野茶·地铁口店,奥利奥奶昔,奶茶,18,1,0,18,7.0,堂食,非会员,0
O12090,2026-06-11 21:16:53,星野茶·大学城店,美式咖啡,咖啡,11,1,0,11,3.0,小程序,非会员,0
O12091,2026-06-11 21:28:20,星野茶·地铁口店,奥利奥奶昔,奶茶,18,1,0,18,7.0,外卖饿了么,新客,0
O12092,2026-06-11 11:02:36,星野茶·地铁口店,生椰拿铁,咖啡,16,1,0,16,6.0,小程序,非会员,0
O12093,2026-06-11 19:06:30,星野茶·大学城店,奥利奥奶昔,奶茶,18,1,0,18,7.0,外卖美团,银卡,0
O12094,2026-06-12 14:13:35,星野茶·大学城店,美式咖啡,咖啡,11,1,0,11,3.0,外卖美团,金卡,0
O12095,2026-06-12 12:11:43,星野茶·大学城店,美式咖啡,咖啡,11,2,0,22,6.0,堂食,银卡,1
O12096,2026-06-12 14:13:20,星野茶·地铁口店,奥利奥奶昔,奶茶,18,1,1.8,16.2,7.0,外卖美团,非会员,0
O12097,2026-06-12 13:53:25,星野茶·万达店,芋泥波波,奶茶,17,1,0,17,6.5,堂食,新客,0
O12098,2026-06-12 12:51:57,星野茶·大学城店,伯牙绝弦,茶底,15,1,1.5,13.5,5.5,堂食,非会员,0
O12099,2026-06-12 18:39:51,星野茶·地铁口店,柠檬绿茶,果茶,12,1,0,12,3.5,外卖饿了么,新客,0
O12100,2026-06-12 13:10:43,星野茶·地铁口店,柠檬绿茶,果茶,12,1,0,12,3.5,外卖美团,银卡,0
O12101,2026-06-12 21:02:12,星野茶·地铁口店,伯牙绝弦,茶底,15,1,0,15,5.5,外卖美团,银卡,0
O12102,2026-06-12 17:19:07,星野茶·大学城店,奥利奥奶昔,奶茶,18,1,0,18,7.0,堂食,新客,0
O12103,2026-06-12 15:29:34,星野茶·地铁口店,芋泥波波,奶茶,17,1,1.7,15.3,6.5,小程序,非会员,0
O12104,2026-06-12 11:59:02,星野茶·大学城店,杨枝甘露,果茶,18,1,0,18,7.5,堂食,非会员,0
O12105,2026-06-12 14:55:45,星野茶·地铁口店,生椰拿铁,咖啡,16,1,1.6,14.4,6.0,小程序,金卡,1
O12106,2026-06-12 16:20:31,星野茶·大学城店,奥利奥奶昔,奶茶,18,2,3.6,32.4,14.0,外卖饿了么,非会员,0
O12107,2026-06-12 12:21:28,星野茶·地铁口店,生椰拿铁,咖啡,16,1,0,16,6.0,小程序,普通会员,0
O12108,2026-06-12 15:16:25,星野茶·地铁口店,美式咖啡,咖啡,11,1,0,11,3.0,小程序,金卡,0
O12109,2026-06-12 14:44:14,星野茶·大学城店,柠檬绿茶,果茶,12,2,2.4,21.6,7.0,小程序,非会员,0
O12110,2026-06-12 18:55:37,星野茶·地铁口店,美式咖啡,咖啡,11,1,0,11,3.0,外卖美团,银卡,0
O12111,2026-06-12 11:34:23,星野茶·万达店,杨枝甘露,果茶,18,1,1.8,16.2,7.5,外卖饿了么,新客,0
O12112,2026-06-12 15:17:38,星野茶·万达店,芋泥波波,奶茶,17,1,1.7,15.3,6.5,外卖美团,新客,0
O12113,2026-06-12 20:06:38,星野茶·万达店,芋泥波波,奶茶,17,1,0,17,6.5,外卖美团,银卡,0
O12114,2026-06-12 12:12:19,星野茶·地铁口店,生椰拿铁,咖啡,16,1,0,16,6.0,外卖饿了么,新客,0
O12115,2026-06-12 14:02:08,星野茶·地铁口店,奥利奥奶昔,奶茶,18,1,1.8,16.2,7.0,外卖美团,新客,0
O12116,2026-06-12 20:28:22,星野茶·地铁口店,柠檬绿茶,果茶,12,1,0,12,3.5,小程序,银卡,0
O12117,2026-06-12 16:06:27,星野茶·大学城店,伯牙绝弦,茶底,15,1,0,15,5.5,外卖美团,金卡,0
O12118,2026-06-12 15:54:13,星野茶·地铁口店,杨枝甘露,果茶,18,1,1.8,16.2,7.5,小程序,非会员,0
O12119,2026-06-12 13:55:11,星野茶·地铁口店,多肉葡萄,果茶,19,1,0,19,8.0,小程序,普通会员,1
O12120,2026-06-12 15:13:55,星野茶·地铁口店,奥利奥奶昔,奶茶,18,1,0,18,7.0,外卖美团,新客,0
O12121,2026-06-12 21:05:38,星野茶·万达店,伯牙绝弦,茶底,15,1,0,15,5.5,外卖饿了么,非会员,0
O12122,2026-06-12 13:38:54,星野茶·地铁口店,奥利奥奶昔,奶茶,18,1,0,18,7.0,外卖美团,非会员,0
O12123,2026-06-12 21:12:20,星野茶·地铁口店,伯牙绝弦,茶底,15,1,0,15,5.5,堂食,金卡,0
O12124,2026-06-12 17:49:32,星野茶·大学城店,多肉葡萄,果茶,19,2,0,38,16.0,堂食,非会员,0
O12125,2026-06-12 17:59:00,星野茶·万达店,美式咖啡,咖啡,11,1,0,11,3.0,小程序,普通会员,0
O12126,2026-06-12 21:52:36,星野茶·地铁口店,杨枝甘露,果茶,18,1,0,18,7.5,外卖饿了么,新客,0
O12127,2026-06-12 15:04:16,星野茶·地铁口店,生椰拿铁,咖啡,16,1,0,16,6.0,堂食,非会员,0
O12128,2026-06-12 19:55:02,星野茶·地铁口店,美式咖啡,咖啡,11,1,0,11,3.0,小程序,新客,0
O12129,2026-06-12 16:15:28,星野茶·地铁口店,多肉葡萄,果茶,19,1,0,19,8.0,小程序,银卡,0
O12130,2026-06-12 20:04:37,星野茶·大学城店,生椰拿铁,咖啡,16,1,0,16,6.0,小程序,新客,0
O12131,2026-06-12 15:34:21,星野茶·万达店,奥利奥奶昔,奶茶,18,1,0,18,7.0,外卖美团,金卡,0
O12132,2026-06-12 14:59:01,星野茶·地铁口店,奥利奥奶昔,奶茶,18,2,0,36,14.0,外卖美团,金卡,0
O12133,2026-06-12 17:58:14,星野茶·地铁口店,生椰拿铁,咖啡,16,1,0,16,6.0,小程序,金卡,0
O12134,2026-06-12 21:41:22,星野茶·地铁口店,伯牙绝弦,茶底,15,2,0,30,11.0,小程序,普通会员,0
O12135,2026-06-12 13:12:27,星野茶·大学城店,柠檬绿茶,果茶,12,1,0,12,3.5,堂食,银卡,0
O12136,2026-06-12 14:31:31,星野茶·大学城店,柠檬绿茶,果茶,12,1,1.2,10.8,3.5,堂食,金卡,0
O12137,2026-06-12 18:26:54,星野茶·地铁口店,美式咖啡,咖啡,11,1,0,11,3.0,堂食,新客,0
O12138,2026-06-12 11:49:44,星野茶·地铁口店,伯牙绝弦,茶底,15,1,0,15,5.5,小程序,新客,0
O12139,2026-06-12 13:31:44,星野茶·地铁口店,杨枝甘露,果茶,18,1,0,18,7.5,堂食,银卡,0
O12140,2026-06-12 15:19:50,星野茶·大学城店,奥利奥奶昔,奶茶,18,2,0,36,14.0,外卖饿了么,非会员,0
O12141,2026-06-13 20:24:10,星野茶·大学城店,伯牙绝弦,茶底,15,1,0,15,5.5,小程序,金卡,0
O12142,2026-06-13 17:00:13,星野茶·大学城店,芋泥波波,奶茶,17,1,0,17,6.5,堂食,新客,0
O12143,2026-06-13 19:09:10,星野茶·地铁口店,奥利奥奶昔,奶茶,18,1,0,18,7.0,堂食,新客,0
O12144,2026-06-13 18:19:52,星野茶·大学城店,多肉葡萄,果茶,19,1,0,19,8.0,外卖美团,普通会员,1
O12145,2026-06-13 21:24:29,星野茶·大学城店,柠檬绿茶,果茶,12,1,0,12,3.5,外卖饿了么,金卡,0
O12146,2026-06-13 15:01:31,星野茶·万达店,多肉葡萄,果茶,19,1,0,19,8.0,外卖饿了么,非会员,0
O12147,2026-06-13 20:37:45,星野茶·万达店,柠檬绿茶,果茶,12,1,0,12,3.5,堂食,银卡,0
O12148,2026-06-13 20:22:07,星野茶·万达店,杨枝甘露,果茶,18,1,0,18,7.5,外卖饿了么,银卡,0
O12149,2026-06-13 14:40:46,星野茶·大学城店,多肉葡萄,果茶,19,2,0,38,16.0,堂食,银卡,0
O12150,2026-06-13 20:23:39,星野茶·大学城店,多肉葡萄,果茶,19,1,0,19,8.0,外卖美团,普通会员,0
O12151,2026-06-13 17:00:57,星野茶·万达店,美式咖啡,咖啡,11,1,0,11,3.0,外卖美团,普通会员,0
O12152,2026-06-13 12:22:51,星野茶·大学城店,奥利奥奶昔,奶茶,18,1,0,18,7.0,小程序,银卡,0
O12153,2026-06-13 12:10:27,星野茶·万达店,杨枝甘露,果茶,18,2,3.6,32.4,15.0,外卖美团,新客,0
O12154,2026-06-13 17:42:42,星野茶·大学城店,奥利奥奶昔,奶茶,18,1,1.8,16.2,7.0,堂食,非会员,0
O12155,2026-06-13 19:09:16,星野茶·地铁口店,伯牙绝弦,茶底,15,1,0,15,5.5,外卖饿了么,普通会员,0
O12156,2026-06-13 18:48:16,星野茶·万达店,多肉葡萄,果茶,19,1,0,19,8.0,外卖饿了么,新客,0
O12157,2026-06-13 19:14:02,星野茶·万达店,生椰拿铁,咖啡,16,1,0,16,6.0,外卖饿了么,银卡,0
O12158,2026-06-13 18:27:30,星野茶·地铁口店,柠檬绿茶,果茶,12,1,0,12,3.5,外卖美团,普通会员,0
O12159,2026-06-13 15:56:14,星野茶·大学城店,奥利奥奶昔,奶茶,18,1,1.8,16.2,7.0,外卖美团,非会员,0
O12160,2026-06-13 21:40:43,星野茶·万达店,伯牙绝弦,茶底,15,1,0,15,5.5,外卖饿了么,金卡,0
O12161,2026-06-13 12:06:14,星野茶·万达店,芋泥波波,奶茶,17,1,0,17,6.5,外卖饿了么,新客,0
O12162,2026-06-13 17:59:22,星野茶·地铁口店,杨枝甘露,果茶,18,2,3.6,32.4,15.0,外卖美团,银卡,0
O12163,2026-06-13 21:41:23,星野茶·万达店,奥利奥奶昔,奶茶,18,1,1.8,16.2,7.0,外卖美团,普通会员,0
O12164,2026-06-13 17:14:28,星野茶·万达店,杨枝甘露,果茶,18,2,3.6,32.4,15.0,堂食,普通会员,0
O12165,2026-06-13 12:25:19,星野茶·地铁口店,奥利奥奶昔,奶茶,18,1,0,18,7.0,小程序,金卡,0
O12166,2026-06-13 13:02:47,星野茶·地铁口店,杨枝甘露,果茶,18,2,3.6,32.4,15.0,小程序,金卡,0
O12167,2026-06-13 21:07:35,星野茶·万达店,多肉葡萄,果茶,19,2,0,38,16.0,堂食,新客,0
O12168,2026-06-13 11:44:37,星野茶·大学城店,奥利奥奶昔,奶茶,18,1,0,18,7.0,小程序,普通会员,0
O12169,2026-06-13 16:32:30,星野茶·大学城店,生椰拿铁,咖啡,16,1,0,16,6.0,堂食,金卡,0
O12170,2026-06-13 12:41:42,星野茶·地铁口店,奥利奥奶昔,奶茶,18,2,0,36,14.0,小程序,新客,0
O12171,2026-06-13 18:56:40,星野茶·地铁口店,美式咖啡,咖啡,11,1,0,11,3.0,外卖美团,新客,0
O12172,2026-06-13 21:54:56,星野茶·地铁口店,柠檬绿茶,果茶,12,1,1.2,10.8,3.5,堂食,非会员,0
O12173,2026-06-13 20:15:55,星野茶·地铁口店,柠檬绿茶,果茶,12,1,1.2,10.8,3.5,外卖美团,金卡,0
O12174,2026-06-13 15:15:40,星野茶·地铁口店,柠檬绿茶,果茶,12,1,0,12,3.5,外卖美团,非会员,0
O12175,2026-06-13 13:34:18,星野茶·万达店,芋泥波波,奶茶,17,1,0,17,6.5,外卖饿了么,银卡,0
O12176,2026-06-13 14:13:58,星野茶·地铁口店,伯牙绝弦,茶底,15,1,0,15,5.5,小程序,金卡,0
O12177,2026-06-13 11:22:51,星野茶·万达店,柠檬绿茶,果茶,12,1,0,12,3.5,外卖饿了么,普通会员,0
O12178,2026-06-13 13:49:23,星野茶·万达店,杨枝甘露,果茶,18,1,0,18,7.5,外卖饿了么,新客,0
O12179,2026-06-13 12:02:07,星野茶·地铁口店,伯牙绝弦,茶底,15,2,0,30,11.0,外卖美团,非会员,0
O12180,2026-06-13 20:05:42,星野茶·地铁口店,奥利奥奶昔,奶茶,18,1,0,18,7.0,小程序,新客,0
O12181,2026-06-13 16:33:13,星野茶·万达店,奥利奥奶昔,奶茶,18,1,1.8,16.2,7.0,外卖美团,银卡,0
O12182,2026-06-13 20:36:15,星野茶·地铁口店,伯牙绝弦,茶底,15,1,0,15,5.5,小程序,银卡,0
O12183,2026-06-13 17:38:17,星野茶·大学城店,生椰拿铁,咖啡,16,2,0,32,12.0,外卖美团,非会员,0
O12184,2026-06-13 17:50:01,星野茶·大学城店,奥利奥奶昔,奶茶,18,2,0,36,14.0,外卖饿了么,普通会员,0
O12185,2026-06-13 13:52:04,星野茶·大学城店,多肉葡萄,果茶,19,1,0,19,8.0,外卖饿了么,金卡,0
O12186,2026-06-13 20:31:59,星野茶·万达店,美式咖啡,咖啡,11,1,1.1,9.9,3.0,外卖美团,普通会员,0
O12187,2026-06-13 13:48:51,星野茶·地铁口店,伯牙绝弦,茶底,15,1,0,15,5.5,小程序,普通会员,0
O12188,2026-06-13 13:17:43,星野茶·万达店,伯牙绝弦,茶底,15,1,0,15,5.5,外卖美团,金卡,0
O12189,2026-06-13 19:14:08,星野茶·万达店,杨枝甘露,果茶,18,2,0,36,15.0,小程序,新客,0
O12190,2026-06-13 18:34:37,星野茶·地铁口店,伯牙绝弦,茶底,15,1,0,15,5.5,外卖饿了么,金卡,0
O12191,2026-06-14 12:38:34,星野茶·地铁口店,柠檬绿茶,果茶,12,1,0,12,3.5,外卖饿了么,非会员,0
O12192,2026-06-14 17:48:04,星野茶·大学城店,芋泥波波,奶茶,17,1,0,17,6.5,外卖饿了么,普通会员,0
O12193,2026-06-14 17:43:05,星野茶·地铁口店,杨枝甘露,果茶,18,1,0,18,7.5,外卖饿了么,金卡,0
O12194,2026-06-14 16:20:19,星野茶·地铁口店,柠檬绿茶,果茶,12,1,0,12,3.5,小程序,新客,0
O12195,2026-06-14 17:14:48,星野茶·万达店,生椰拿铁,咖啡,16,1,0,16,6.0,外卖美团,普通会员,0
O12196,2026-06-14 21:53:18,星野茶·万达店,多肉葡萄,果茶,19,1,0,19,8.0,堂食,银卡,0
O12197,2026-06-14 15:03:59,星野茶·地铁口店,多肉葡萄,果茶,19,1,0,19,8.0,外卖美团,普通会员,0
O12198,2026-06-14 19:58:52,星野茶·万达店,杨枝甘露,果茶,18,1,0,18,7.5,小程序,金卡,0
O12199,2026-06-14 21:03:26,星野茶·大学城店,美式咖啡,咖啡,11,1,1.1,9.9,3.0,小程序,普通会员,0
O12200,2026-06-14 19:32:56,星野茶·万达店,奥利奥奶昔,奶茶,18,1,0,18,7.0,堂食,新客,0
O12201,2026-06-14 13:19:19,星野茶·大学城店,柠檬绿茶,果茶,12,2,2.4,21.6,7.0,外卖饿了么,银卡,0
O12202,2026-06-14 14:53:44,星野茶·万达店,伯牙绝弦,茶底,15,2,0,30,11.0,堂食,银卡,0
O12203,2026-06-14 19:40:09,星野茶·大学城店,多肉葡萄,果茶,19,1,0,19,8.0,外卖饿了么,银卡,0
O12204,2026-06-14 17:34:03,星野茶·大学城店,多肉葡萄,果茶,19,1,0,19,8.0,外卖美团,金卡,0
O12205,2026-06-14 14:13:44,星野茶·地铁口店,奥利奥奶昔,奶茶,18,1,1.8,16.2,7.0,外卖饿了么,新客,0
O12206,2026-06-14 13:19:39,星野茶·万达店,芋泥波波,奶茶,17,2,0,34,13.0,外卖美团,新客,0
O12207,2026-06-14 11:03:59,星野茶·地铁口店,美式咖啡,咖啡,11,1,0,11,3.0,堂食,新客,0
O12208,2026-06-14 14:27:16,星野茶·万达店,杨枝甘露,果茶,18,1,0,18,7.5,外卖美团,非会员,0
O12209,2026-06-14 12:31:23,星野茶·地铁口店,伯牙绝弦,茶底,15,1,1.5,13.5,5.5,小程序,非会员,0
O12210,2026-06-14 20:06:59,星野茶·万达店,杨枝甘露,果茶,18,1,0,18,7.5,外卖饿了么,普通会员,0
O12211,2026-06-14 15:09:45,星野茶·万达店,生椰拿铁,咖啡,16,1,0,16,6.0,堂食,新客,0
O12212,2026-06-14 12:33:48,星野茶·万达店,生椰拿铁,咖啡,16,1,0,16,6.0,堂食,金卡,0
O12213,2026-06-14 17:27:49,星野茶·万达店,杨枝甘露,果茶,18,1,0,18,7.5,外卖美团,普通会员,0
O12214,2026-06-14 18:06:28,星野茶·大学城店,生椰拿铁,咖啡,16,1,0,16,6.0,外卖饿了么,新客,0
O12215,2026-06-14 15:53:19,星野茶·万达店,杨枝甘露,果茶,18,1,1.8,16.2,7.5,外卖美团,金卡,0
O12216,2026-06-14 11:25:51,星野茶·地铁口店,伯牙绝弦,茶底,15,1,0,15,5.5,堂食,金卡,0
O12217,2026-06-14 20:25:42,星野茶·万达店,杨枝甘露,果茶,18,1,0,18,7.5,外卖美团,普通会员,0
O12218,2026-06-14 15:24:08,星野茶·地铁口店,伯牙绝弦,茶底,15,1,1.5,13.5,5.5,小程序,新客,0
O12219,2026-06-14 11:31:04,星野茶·万达店,杨枝甘露,果茶,18,1,0,18,7.5,堂食,新客,0
O12220,2026-06-14 15:32:12,星野茶·万达店,美式咖啡,咖啡,11,1,1.1,9.9,3.0,外卖饿了么,新客,0
O12221,2026-06-14 20:27:09,星野茶·地铁口店,芋泥波波,奶茶,17,1,0,17,6.5,外卖饿了么,普通会员,0
O12222,2026-06-14 17:10:02,星野茶·地铁口店,柠檬绿茶,果茶,12,1,0,12,3.5,外卖饿了么,普通会员,0
O12223,2026-06-14 15:29:07,星野茶·地铁口店,柠檬绿茶,果茶,12,1,1.2,10.8,3.5,外卖美团,新客,0
O12224,2026-06-14 15:27:18,星野茶·大学城店,美式咖啡,咖啡,11,1,0,11,3.0,外卖美团,金卡,0
O12225,2026-06-14 15:06:16,星野茶·万达店,杨枝甘露,果茶,18,1,1.8,16.2,7.5,外卖美团,新客,0
O12226,2026-06-14 14:40:16,星野茶·万达店,杨枝甘露,果茶,18,1,0,18,7.5,小程序,普通会员,0
O12227,2026-06-14 17:48:39,星野茶·万达店,生椰拿铁,咖啡,16,1,1.6,14.4,6.0,外卖饿了么,金卡,0
O12228,2026-06-14 11:44:45,星野茶·地铁口店,伯牙绝弦,茶底,15,1,0,15,5.5,小程序,金卡,0
O12229,2026-06-14 14:54:14,星野茶·地铁口店,生椰拿铁,咖啡,16,1,1.6,14.4,6.0,堂食,银卡,0
O12230,2026-06-14 17:21:05,星野茶·地铁口店,奥利奥奶昔,奶茶,18,1,1.8,16.2,7.0,堂食,新客,0
O12231,2026-06-14 21:38:39,星野茶·大学城店,生椰拿铁,咖啡,16,1,0,16,6.0,小程序,普通会员,0
O12232,2026-06-14 18:00:36,星野茶·地铁口店,柠檬绿茶,果茶,12,1,0,12,3.5,外卖饿了么,普通会员,0
O12233,2026-06-14 11:51:43,星野茶·大学城店,生椰拿铁,咖啡,16,1,0,16,6.0,堂食,银卡,0
O12234,2026-06-14 14:05:32,星野茶·万达店,奥利奥奶昔,奶茶,18,1,0,18,7.0,小程序,银卡,0
O12235,2026-06-14 15:06:44,星野茶·万达店,芋泥波波,奶茶,17,1,0,17,6.5,外卖美团,银卡,0
O12236,2026-06-14 21:51:49,星野茶·地铁口店,伯牙绝弦,茶底,15,1,1.5,13.5,5.5,堂食,金卡,0
O12237,2026-06-14 14:28:28,星野茶·地铁口店,芋泥波波,奶茶,17,1,0,17,6.5,堂食,非会员,0
O12238,2026-06-14 17:39:20,星野茶·地铁口店,柠檬绿茶,果茶,12,1,0,12,3.5,小程序,普通会员,0
O12239,2026-06-14 16:52:52,星野茶·大学城店,杨枝甘露,果茶,18,1,0,18,7.5,小程序,银卡,0
O12240,2026-06-14 21:39:47,星野茶·地铁口店,奥利奥奶昔,奶茶,18,1,1.8,16.2,7.0,外卖美团,金卡,0
O12241,2026-06-15 11:05:18,星野茶·万达店,杨枝甘露,果茶,18,1,0,18,7.5,小程序,非会员,0
O12242,2026-06-15 13:10:00,星野茶·地铁口店,多肉葡萄,果茶,19,1,1.9,17.1,8.0,外卖美团,非会员,0
O12243,2026-06-15 21:41:45,星野茶·万达店,杨枝甘露,果茶,18,2,0,36,15.0,外卖饿了么,非会员,0
O12244,2026-06-15 12:15:57,星野茶·地铁口店,美式咖啡,咖啡,11,1,0,11,3.0,外卖饿了么,新客,0
O12245,2026-06-15 16:15:07,星野茶·地铁口店,生椰拿铁,咖啡,16,2,3.2,28.8,12.0,小程序,银卡,0
O12246,2026-06-15 17:50:26,星野茶·大学城店,杨枝甘露,果茶,18,1,1.8,16.2,7.5,堂食,金卡,0
O12247,2026-06-15 14:53:49,星野茶·地铁口店,柠檬绿茶,果茶,12,2,0,24,7.0,小程序,新客,0
O12248,2026-06-15 16:51:17,星野茶·万达店,杨枝甘露,果茶,18,1,1.8,16.2,7.5,小程序,金卡,0
O12249,2026-06-15 17:46:51,星野茶·地铁口店,芋泥波波,奶茶,17,1,1.7,15.3,6.5,外卖饿了么,非会员,0
O12250,2026-06-15 11:29:15,星野茶·大学城店,杨枝甘露,果茶,18,1,0,18,7.5,小程序,金卡,0
O12251,2026-06-15 13:13:32,星野茶·大学城店,奥利奥奶昔,奶茶,18,1,0,18,7.0,外卖美团,非会员,0
O12252,2026-06-15 14:52:59,星野茶·大学城店,芋泥波波,奶茶,17,1,0,17,6.5,堂食,普通会员,0
O12253,2026-06-15 15:16:32,星野茶·地铁口店,美式咖啡,咖啡,11,1,0,11,3.0,小程序,新客,0
O12254,2026-06-15 14:16:00,星野茶·万达店,奥利奥奶昔,奶茶,18,1,0,18,7.0,小程序,银卡,0
O12255,2026-06-15 14:52:17,星野茶·地铁口店,美式咖啡,咖啡,11,1,1.1,9.9,3.0,外卖美团,普通会员,0
O12256,2026-06-15 11:50:04,星野茶·大学城店,芋泥波波,奶茶,17,1,1.7,15.3,6.5,堂食,新客,0
O12257,2026-06-15 14:37:22,星野茶·万达店,美式咖啡,咖啡,11,1,1.1,9.9,3.0,堂食,金卡,0
O12258,2026-06-15 16:28:29,星野茶·大学城店,柠檬绿茶,果茶,12,1,0,12,3.5,外卖美团,普通会员,0
O12259,2026-06-15 18:37:41,星野茶·大学城店,伯牙绝弦,茶底,15,1,1.5,13.5,5.5,小程序,普通会员,0
O12260,2026-06-15 11:09:47,星野茶·万达店,杨枝甘露,果茶,18,1,0,18,7.5,外卖美团,普通会员,0
O12261,2026-06-15 15:53:05,星野茶·大学城店,柠檬绿茶,果茶,12,1,1.2,10.8,3.5,小程序,非会员,0
O12262,2026-06-15 19:13:58,星野茶·万达店,杨枝甘露,果茶,18,1,1.8,16.2,7.5,堂食,金卡,0
O12263,2026-06-15 11:47:01,星野茶·万达店,多肉葡萄,果茶,19,1,1.9,17.1,8.0,小程序,普通会员,0
O12264,2026-06-15 19:33:47,星野茶·万达店,芋泥波波,奶茶,17,1,0,17,6.5,外卖饿了么,非会员,0
O12265,2026-06-15 14:30:39,星野茶·万达店,美式咖啡,咖啡,11,1,0,11,3.0,小程序,银卡,0
O12266,2026-06-15 14:59:08,星野茶·万达店,生椰拿铁,咖啡,16,1,1.6,14.4,6.0,堂食,新客,0
O12267,2026-06-15 11:31:49,星野茶·大学城店,生椰拿铁,咖啡,16,1,0,16,6.0,外卖饿了么,新客,0
O12268,2026-06-15 15:31:52,星野茶·大学城店,多肉葡萄,果茶,19,1,0,19,8.0,堂食,非会员,0
O12269,2026-06-15 21:35:36,星野茶·万达店,柠檬绿茶,果茶,12,1,1.2,10.8,3.5,小程序,普通会员,0
O12270,2026-06-15 16:46:20,星野茶·大学城店,多肉葡萄,果茶,19,1,0,19,8.0,外卖美团,金卡,0
O12271,2026-06-15 20:01:16,星野茶·万达店,杨枝甘露,果茶,18,1,0,18,7.5,外卖美团,普通会员,0
O12272,2026-06-15 19:40:43,星野茶·地铁口店,柠檬绿茶,果茶,12,1,0,12,3.5,小程序,普通会员,0
O12273,2026-06-15 15:33:44,星野茶·地铁口店,美式咖啡,咖啡,11,1,0,11,3.0,外卖美团,金卡,0
O12274,2026-06-15 14:15:37,星野茶·大学城店,杨枝甘露,果茶,18,1,1.8,16.2,7.5,外卖美团,新客,0
O12275,2026-06-15 14:02:06,星野茶·万达店,伯牙绝弦,茶底,15,2,0,30,11.0,外卖美团,非会员,0
O12276,2026-06-15 12:48:45,星野茶·万达店,柠檬绿茶,果茶,12,1,0,12,3.5,外卖美团,金卡,0
O12277,2026-06-15 11:42:25,星野茶·万达店,杨枝甘露,果茶,18,2,3.6,32.4,15.0,小程序,非会员,0
O12278,2026-06-15 12:22:24,星野茶·地铁口店,美式咖啡,咖啡,11,1,0,11,3.0,外卖美团,非会员,0
O12279,2026-06-15 18:00:32,星野茶·地铁口店,伯牙绝弦,茶底,15,1,0,15,5.5,小程序,新客,0
O12280,2026-06-16 18:42:13,星野茶·万达店,美式咖啡,咖啡,11,1,0,11,3.0,堂食,新客,0
O12281,2026-06-16 19:58:46,星野茶·大学城店,杨枝甘露,果茶,18,1,0,18,7.5,外卖美团,金卡,0
O12282,2026-06-16 17:40:56,星野茶·地铁口店,芋泥波波,奶茶,17,1,0,17,6.5,外卖饿了么,普通会员,0
O12283,2026-06-16 14:38:37,星野茶·大学城店,生椰拿铁,咖啡,16,1,0,16,6.0,小程序,银卡,0
O12284,2026-06-16 15:50:31,星野茶·地铁口店,伯牙绝弦,茶底,15,1,0,15,5.5,外卖美团,金卡,0
O12285,2026-06-16 18:18:32,星野茶·地铁口店,杨枝甘露,果茶,18,2,0,36,15.0,小程序,金卡,0
O12286,2026-06-16 15:18:39,星野茶·大学城店,生椰拿铁,咖啡,16,1,0,16,6.0,外卖饿了么,银卡,0
O12287,2026-06-16 11:55:48,星野茶·大学城店,伯牙绝弦,茶底,15,2,0,30,11.0,堂食,普通会员,0
O12288,2026-06-16 16:09:13,星野茶·地铁口店,生椰拿铁,咖啡,16,1,0,16,6.0,堂食,银卡,1
O12289,2026-06-16 11:44:39,星野茶·大学城店,芋泥波波,奶茶,17,2,3.4,30.6,13.0,堂食,普通会员,0
O12290,2026-06-16 18:16:47,星野茶·大学城店,杨枝甘露,果茶,18,1,0,18,7.5,外卖美团,新客,0
O12291,2026-06-16 16:11:54,星野茶·万达店,生椰拿铁,咖啡,16,1,0,16,6.0,堂食,金卡,0
O12292,2026-06-16 17:10:37,星野茶·大学城店,美式咖啡,咖啡,11,1,0,11,3.0,外卖饿了么,普通会员,0
O12293,2026-06-16 21:04:57,星野茶·地铁口店,美式咖啡,咖啡,11,1,0,11,3.0,小程序,非会员,0
O12294,2026-06-16 17:56:11,星野茶·大学城店,生椰拿铁,咖啡,16,1,0,16,6.0,外卖美团,金卡,0
O12295,2026-06-16 15:55:51,星野茶·万达店,奥利奥奶昔,奶茶,18,1,0,18,7.0,外卖美团,普通会员,0
O12296,2026-06-16 15:53:01,星野茶·万达店,奥利奥奶昔,奶茶,18,1,0,18,7.0,小程序,新客,0
O12297,2026-06-16 14:36:53,星野茶·大学城店,柠檬绿茶,果茶,12,1,0,12,3.5,外卖饿了么,普通会员,0
O12298,2026-06-16 16:08:45,星野茶·大学城店,杨枝甘露,果茶,18,1,1.8,16.2,7.5,外卖饿了么,普通会员,0
O12299,2026-06-16 21:10:58,星野茶·地铁口店,奥利奥奶昔,奶茶,18,1,0,18,7.0,堂食,新客,0
O12300,2026-06-16 17:42:44,星野茶·大学城店,杨枝甘露,果茶,18,1,0,18,7.5,外卖饿了么,新客,0
O12301,2026-06-16 15:52:32,星野茶·万达店,美式咖啡,咖啡,11,1,1.1,9.9,3.0,外卖饿了么,新客,0
O12302,2026-06-16 18:24:41,星野茶·大学城店,柠檬绿茶,果茶,12,1,0,12,3.5,小程序,普通会员,0
O12303,2026-06-16 21:57:59,星野茶·地铁口店,多肉葡萄,果茶,19,2,0,38,16.0,外卖美团,普通会员,0
O12304,2026-06-16 13:53:10,星野茶·大学城店,杨枝甘露,果茶,18,1,0,18,7.5,堂食,银卡,0
O12305,2026-06-16 16:36:15,星野茶·大学城店,美式咖啡,咖啡,11,1,0,11,3.0,小程序,非会员,0
O12306,2026-06-16 20:13:36,星野茶·万达店,生椰拿铁,咖啡,16,1,1.6,14.4,6.0,外卖美团,金卡,0
O12307,2026-06-16 20:51:07,星野茶·大学城店,芋泥波波,奶茶,17,1,1.7,15.3,6.5,外卖饿了么,非会员,0
O12308,2026-06-16 19:49:46,星野茶·万达店,伯牙绝弦,茶底,15,1,0,15,5.5,堂食,普通会员,0
O12309,2026-06-16 18:21:22,星野茶·大学城店,多肉葡萄,果茶,19,1,0,19,8.0,外卖饿了么,非会员,0
O12310,2026-06-16 18:09:33,星野茶·地铁口店,多肉葡萄,果茶,19,2,0,38,16.0,外卖美团,银卡,0
O12311,2026-06-16 19:55:17,星野茶·地铁口店,芋泥波波,奶茶,17,1,0,17,6.5,小程序,银卡,0
O12312,2026-06-16 18:59:54,星野茶·万达店,奥利奥奶昔,奶茶,18,1,0,18,7.0,外卖饿了么,普通会员,0
O12313,2026-06-16 16:56:46,星野茶·大学城店,美式咖啡,咖啡,11,2,0,22,6.0,小程序,普通会员,0
O12314,2026-06-17 14:54:08,星野茶·万达店,奥利奥奶昔,奶茶,18,1,0,18,7.0,堂食,金卡,0
O12315,2026-06-17 17:42:37,星野茶·大学城店,伯牙绝弦,茶底,15,1,0,15,5.5,外卖饿了么,银卡,0
O12316,2026-06-17 15:39:23,星野茶·万达店,柠檬绿茶,果茶,12,1,0,12,3.5,外卖饿了么,银卡,0
O12317,2026-06-17 12:34:23,星野茶·万达店,杨枝甘露,果茶,18,1,0,18,7.5,外卖美团,普通会员,0
O12318,2026-06-17 17:28:10,星野茶·地铁口店,杨枝甘露,果茶,18,1,1.8,16.2,7.5,外卖美团,银卡,0
O12319,2026-06-17 20:16:35,星野茶·地铁口店,生椰拿铁,咖啡,16,1,1.6,14.4,6.0,外卖饿了么,新客,0
O12320,2026-06-17 19:07:06,星野茶·大学城店,美式咖啡,咖啡,11,2,2.2,19.8,6.0,外卖饿了么,新客,0
O12321,2026-06-17 17:37:00,星野茶·地铁口店,多肉葡萄,果茶,19,1,0,19,8.0,外卖美团,银卡,0
O12322,2026-06-17 13:14:10,星野茶·万达店,杨枝甘露,果茶,18,1,0,18,7.5,外卖美团,新客,0
O12323,2026-06-17 16:28:50,星野茶·万达店,杨枝甘露,果茶,18,1,1.8,16.2,7.5,外卖饿了么,金卡,0
O12324,2026-06-17 19:30:29,星野茶·万达店,伯牙绝弦,茶底,15,1,0,15,5.5,小程序,银卡,0
O12325,2026-06-17 12:43:10,星野茶·大学城店,柠檬绿茶,果茶,12,1,0,12,3.5,小程序,普通会员,1
O12326,2026-06-17 14:17:33,星野茶·大学城店,生椰拿铁,咖啡,16,1,0,16,6.0,外卖美团,新客,0
O12327,2026-06-17 17:13:51,星野茶·大学城店,杨枝甘露,果茶,18,1,0,18,7.5,堂食,新客,0
O12328,2026-06-17 19:45:27,星野茶·大学城店,柠檬绿茶,果茶,12,1,0,12,3.5,堂食,非会员,0
O12329,2026-06-17 19:14:59,星野茶·地铁口店,柠檬绿茶,果茶,12,1,0,12,3.5,小程序,银卡,0
O12330,2026-06-17 17:17:06,星野茶·大学城店,伯牙绝弦,茶底,15,1,0,15,5.5,小程序,非会员,0
O12331,2026-06-17 12:59:48,星野茶·大学城店,生椰拿铁,咖啡,16,1,0,16,6.0,外卖饿了么,新客,0
O12332,2026-06-17 19:21:37,星野茶·地铁口店,多肉葡萄,果茶,19,1,0,19,8.0,外卖饿了么,银卡,0
O12333,2026-06-17 21:10:55,星野茶·大学城店,生椰拿铁,咖啡,16,1,1.6,14.4,6.0,外卖美团,新客,0
O12334,2026-06-17 12:45:49,星野茶·地铁口店,芋泥波波,奶茶,17,1,0,17,6.5,外卖美团,非会员,0
O12335,2026-06-17 18:52:13,星野茶·万达店,多肉葡萄,果茶,19,1,1.9,17.1,8.0,堂食,普通会员,0
O12336,2026-06-17 13:25:49,星野茶·大学城店,多肉葡萄,果茶,19,1,1.9,17.1,8.0,堂食,非会员,0
O12337,2026-06-17 17:23:29,星野茶·大学城店,伯牙绝弦,茶底,15,1,0,15,5.5,堂食,新客,0
O12338,2026-06-17 21:46:33,星野茶·地铁口店,伯牙绝弦,茶底,15,2,0,30,11.0,小程序,金卡,0
O12339,2026-06-17 20:21:52,星野茶·万达店,伯牙绝弦,茶底,15,1,0,15,5.5,小程序,新客,0
O12340,2026-06-17 13:08:41,星野茶·地铁口店,杨枝甘露,果茶,18,1,1.8,16.2,7.5,外卖饿了么,新客,0
O12341,2026-06-17 17:19:02,星野茶·大学城店,芋泥波波,奶茶,17,1,0,17,6.5,小程序,银卡,0
O12342,2026-06-17 14:03:03,星野茶·地铁口店,柠檬绿茶,果茶,12,1,0,12,3.5,小程序,普通会员,0
O12343,2026-06-17 15:39:29,星野茶·万达店,奥利奥奶昔,奶茶,18,1,0,18,7.0,外卖美团,普通会员,0
O12344,2026-06-17 15:32:06,星野茶·大学城店,柠檬绿茶,果茶,12,1,0,12,3.5,堂食,普通会员,0
O12345,2026-06-17 21:47:52,星野茶·地铁口店,伯牙绝弦,茶底,15,1,0,15,5.5,堂食,银卡,0
O12346,2026-06-17 17:17:47,星野茶·万达店,柠檬绿茶,果茶,12,1,0,12,3.5,外卖饿了么,非会员,0
O12347,2026-06-17 16:02:57,星野茶·万达店,奥利奥奶昔,奶茶,18,1,1.8,16.2,7.0,外卖饿了么,普通会员,0
O12348,2026-06-17 18:01:12,星野茶·大学城店,多肉葡萄,果茶,19,1,0,19,8.0,小程序,普通会员,0
O12349,2026-06-17 19:43:27,星野茶·万达店,多肉葡萄,果茶,19,1,1.9,17.1,8.0,外卖美团,新客,0
O12350,2026-06-17 14:07:40,星野茶·大学城店,奥利奥奶昔,奶茶,18,1,0,18,7.0,小程序,银卡,0
O12351,2026-06-17 16:20:13,星野茶·万达店,杨枝甘露,果茶,18,1,0,18,7.5,外卖饿了么,金卡,0
O12352,2026-06-17 12:29:46,星野茶·地铁口店,杨枝甘露,果茶,18,2,3.6,32.4,15.0,小程序,非会员,0
O12353,2026-06-17 18:54:08,星野茶·万达店,杨枝甘露,果茶,18,1,0,18,7.5,外卖饿了么,普通会员,0
O12354,2026-06-17 17:49:31,星野茶·大学城店,生椰拿铁,咖啡,16,1,0,16,6.0,外卖饿了么,金卡,0
O12355,2026-06-17 15:43:56,星野茶·地铁口店,伯牙绝弦,茶底,15,1,1.5,13.5,5.5,外卖美团,金卡,0
O12356,2026-06-17 18:50:44,星野茶·万达店,杨枝甘露,果茶,18,1,1.8,16.2,7.5,堂食,银卡,0
O12357,2026-06-17 12:50:54,星野茶·大学城店,奥利奥奶昔,奶茶,18,1,0,18,7.0,外卖美团,银卡,0
O12358,2026-06-17 19:22:24,星野茶·地铁口店,伯牙绝弦,茶底,15,1,0,15,5.5,外卖美团,非会员,0
O12359,2026-06-17 20:55:06,星野茶·地铁口店,伯牙绝弦,茶底,15,1,0,15,5.5,小程序,非会员,0
O12360,2026-06-17 13:51:05,星野茶·地铁口店,多肉葡萄,果茶,19,1,0,19,8.0,堂食,普通会员,0
O12361,2026-06-17 12:57:41,星野茶·地铁口店,杨枝甘露,果茶,18,1,0,18,7.5,小程序,非会员,0
O12362,2026-06-17 12:30:53,星野茶·万达店,伯牙绝弦,茶底,15,1,0,15,5.5,小程序,金卡,0
O12363,2026-06-18 20:17:18,星野茶·大学城店,伯牙绝弦,茶底,15,1,1.5,13.5,5.5,外卖饿了么,金卡,0
O12364,2026-06-18 21:25:34,星野茶·万达店,奥利奥奶昔,奶茶,18,1,0,18,7.0,外卖饿了么,新客,0
O12365,2026-06-18 21:05:27,星野茶·万达店,美式咖啡,咖啡,11,1,0,11,3.0,外卖美团,普通会员,0
O12366,2026-06-18 17:39:44,星野茶·地铁口店,奥利奥奶昔,奶茶,18,1,0,18,7.0,外卖美团,非会员,0
O12367,2026-06-18 15:26:08,星野茶·万达店,生椰拿铁,咖啡,16,1,0,16,6.0,堂食,银卡,0
O12368,2026-06-18 20:18:18,星野茶·万达店,杨枝甘露,果茶,18,1,0,18,7.5,外卖美团,非会员,0
O12369,2026-06-18 15:26:22,星野茶·大学城店,多肉葡萄,果茶,19,1,0,19,8.0,小程序,非会员,0
O12370,2026-06-18 19:58:41,星野茶·大学城店,柠檬绿茶,果茶,12,1,0,12,3.5,外卖美团,新客,0
O12371,2026-06-18 19:59:41,星野茶·万达店,伯牙绝弦,茶底,15,1,1.5,13.5,5.5,堂食,普通会员,0
O12372,2026-06-18 11:32:26,星野茶·万达店,杨枝甘露,果茶,18,1,0,18,7.5,堂食,银卡,0
O12373,2026-06-18 16:35:35,星野茶·大学城店,柠檬绿茶,果茶,12,1,0,12,3.5,外卖饿了么,非会员,0
O12374,2026-06-18 12:54:54,星野茶·大学城店,美式咖啡,咖啡,11,2,0,22,6.0,外卖饿了么,非会员,0
O12375,2026-06-18 11:12:43,星野茶·地铁口店,多肉葡萄,果茶,19,2,0,38,16.0,外卖美团,非会员,0
O12376,2026-06-18 18:38:55,星野茶·大学城店,美式咖啡,咖啡,11,1,0,11,3.0,堂食,普通会员,0
O12377,2026-06-18 11:13:21,星野茶·地铁口店,伯牙绝弦,茶底,15,2,0,30,11.0,堂食,非会员,0
O12378,2026-06-18 12:12:48,星野茶·大学城店,生椰拿铁,咖啡,16,2,0,32,12.0,小程序,银卡,0
O12379,2026-06-18 11:54:04,星野茶·地铁口店,生椰拿铁,咖啡,16,1,0,16,6.0,小程序,银卡,0
O12380,2026-06-18 15:06:26,星野茶·大学城店,柠檬绿茶,果茶,12,1,1.2,10.8,3.5,外卖饿了么,银卡,1
O12381,2026-06-18 12:31:45,星野茶·万达店,柠檬绿茶,果茶,12,1,0,12,3.5,小程序,非会员,0
O12382,2026-06-18 18:29:23,星野茶·地铁口店,芋泥波波,奶茶,17,1,0,17,6.5,外卖饿了么,非会员,0
O12383,2026-06-18 17:11:14,星野茶·万达店,杨枝甘露,果茶,18,2,0,36,15.0,堂食,非会员,0
O12384,2026-06-18 17:04:50,星野茶·万达店,杨枝甘露,果茶,18,2,0,36,15.0,外卖饿了么,非会员,0
O12385,2026-06-18 19:09:44,星野茶·万达店,杨枝甘露,果茶,18,1,0,18,7.5,小程序,普通会员,0
O12386,2026-06-18 19:52:48,星野茶·万达店,杨枝甘露,果茶,18,2,3.6,32.4,15.0,外卖饿了么,普通会员,0
O12387,2026-06-18 16:23:15,星野茶·万达店,芋泥波波,奶茶,17,1,0,17,6.5,外卖饿了么,新客,0
O12388,2026-06-18 21:03:40,星野茶·地铁口店,美式咖啡,咖啡,11,1,0,11,3.0,外卖饿了么,普通会员,0
O12389,2026-06-18 12:26:41,星野茶·地铁口店,伯牙绝弦,茶底,15,1,0,15,5.5,堂食,新客,0
O12390,2026-06-18 16:24:55,星野茶·万达店,芋泥波波,奶茶,17,1,0,17,6.5,外卖美团,新客,0
O12391,2026-06-18 15:22:49,星野茶·大学城店,柠檬绿茶,果茶,12,1,0,12,3.5,外卖美团,非会员,0
O12392,2026-06-18 11:48:48,星野茶·地铁口店,芋泥波波,奶茶,17,1,0,17,6.5,外卖美团,普通会员,0
O12393,2026-06-18 20:04:18,星野茶·大学城店,柠檬绿茶,果茶,12,2,0,24,7.0,堂食,普通会员,0
O12394,2026-06-18 12:07:36,星野茶·地铁口店,杨枝甘露,果茶,18,1,1.8,16.2,7.5,堂食,银卡,0
O12395,2026-06-19 11:32:50,星野茶·地铁口店,奥利奥奶昔,奶茶,18,1,0,18,7.0,外卖饿了么,银卡,0
O12396,2026-06-19 15:35:05,星野茶·大学城店,伯牙绝弦,茶底,15,1,0,15,5.5,小程序,金卡,0
O12397,2026-06-19 11:35:37,星野茶·万达店,杨枝甘露,果茶,18,1,1.8,16.2,7.5,外卖美团,普通会员,0
O12398,2026-06-19 15:25:07,星野茶·大学城店,多肉葡萄,果茶,19,1,1.9,17.1,8.0,小程序,金卡,0
O12399,2026-06-19 11:10:16,星野茶·万达店,多肉葡萄,果茶,19,1,0,19,8.0,堂食,非会员,0
O12400,2026-06-19 11:29:08,星野茶·地铁口店,伯牙绝弦,茶底,15,1,0,15,5.5,小程序,新客,0
O12401,2026-06-19 12:11:17,星野茶·万达店,生椰拿铁,咖啡,16,2,0,32,12.0,外卖饿了么,银卡,0
O12402,2026-06-19 15:42:46,星野茶·大学城店,美式咖啡,咖啡,11,2,0,22,6.0,外卖美团,非会员,0
O12403,2026-06-19 19:15:01,星野茶·万达店,杨枝甘露,果茶,18,1,0,18,7.5,小程序,非会员,0
O12404,2026-06-19 13:12:23,星野茶·万达店,生椰拿铁,咖啡,16,1,0,16,6.0,堂食,银卡,0
O12405,2026-06-19 20:47:00,星野茶·大学城店,芋泥波波,奶茶,17,2,0,34,13.0,外卖饿了么,银卡,0
O12406,2026-06-19 18:08:39,星野茶·万达店,杨枝甘露,果茶,18,1,0,18,7.5,外卖饿了么,普通会员,0
O12407,2026-06-19 21:20:57,星野茶·万达店,杨枝甘露,果茶,18,1,0,18,7.5,堂食,金卡,0
O12408,2026-06-19 18:26:44,星野茶·万达店,奥利奥奶昔,奶茶,18,1,1.8,16.2,7.0,外卖美团,金卡,0
O12409,2026-06-19 11:05:25,星野茶·万达店,多肉葡萄,果茶,19,1,1.9,17.1,8.0,外卖饿了么,新客,0
O12410,2026-06-19 17:43:09,星野茶·地铁口店,柠檬绿茶,果茶,12,1,0,12,3.5,外卖美团,银卡,0
O12411,2026-06-19 19:26:15,星野茶·大学城店,生椰拿铁,咖啡,16,2,0,32,12.0,外卖饿了么,普通会员,0
O12412,2026-06-19 16:08:38,星野茶·地铁口店,生椰拿铁,咖啡,16,1,0,16,6.0,外卖饿了么,新客,0
O12413,2026-06-19 16:27:18,星野茶·地铁口店,美式咖啡,咖啡,11,1,0,11,3.0,堂食,普通会员,0
O12414,2026-06-19 16:44:26,星野茶·大学城店,杨枝甘露,果茶,18,1,1.8,16.2,7.5,堂食,普通会员,0
O12415,2026-06-19 13:35:16,星野茶·大学城店,柠檬绿茶,果茶,12,2,0,24,7.0,小程序,非会员,0
O12416,2026-06-19 20:17:10,星野茶·大学城店,杨枝甘露,果茶,18,1,0,18,7.5,外卖饿了么,非会员,0
O12417,2026-06-19 11:51:30,星野茶·地铁口店,美式咖啡,咖啡,11,1,0,11,3.0,外卖美团,非会员,1
O12418,2026-06-19 21:38:25,星野茶·地铁口店,芋泥波波,奶茶,17,1,0,17,6.5,小程序,金卡,0
O12419,2026-06-19 11:46:48,星野茶·地铁口店,美式咖啡,咖啡,11,1,0,11,3.0,堂食,新客,0
O12420,2026-06-19 17:36:42,星野茶·大学城店,美式咖啡,咖啡,11,2,0,22,6.0,外卖美团,新客,0
O12421,2026-06-19 16:52:47,星野茶·地铁口店,柠檬绿茶,果茶,12,1,0,12,3.5,堂食,金卡,0
O12422,2026-06-19 18:16:20,星野茶·万达店,柠檬绿茶,果茶,12,1,0,12,3.5,小程序,非会员,0
O12423,2026-06-19 12:28:19,星野茶·地铁口店,杨枝甘露,果茶,18,1,0,18,7.5,堂食,普通会员,0
O12424,2026-06-19 14:04:19,星野茶·地铁口店,伯牙绝弦,茶底,15,1,0,15,5.5,外卖美团,新客,0
O12425,2026-06-19 14:46:20,星野茶·万达店,杨枝甘露,果茶,18,1,0,18,7.5,堂食,金卡,0
O12426,2026-06-19 18:35:36,星野茶·万达店,杨枝甘露,果茶,18,1,1.8,16.2,7.5,堂食,非会员,0
O12427,2026-06-19 19:11:27,星野茶·地铁口店,生椰拿铁,咖啡,16,1,0,16,6.0,堂食,银卡,0
O12428,2026-06-20 17:15:04,星野茶·大学城店,多肉葡萄,果茶,19,1,0,19,8.0,堂食,非会员,0
O12429,2026-06-20 21:14:08,星野茶·大学城店,柠檬绿茶,果茶,12,1,0,12,3.5,小程序,普通会员,0
O12430,2026-06-20 19:24:26,星野茶·地铁口店,柠檬绿茶,果茶,12,1,0,12,3.5,小程序,普通会员,0
O12431,2026-06-20 14:25:55,星野茶·大学城店,杨枝甘露,果茶,18,1,0,18,7.5,外卖饿了么,银卡,0
O12432,2026-06-20 13:29:58,星野茶·万达店,奥利奥奶昔,奶茶,18,1,1.8,16.2,7.0,外卖美团,普通会员,0
O12433,2026-06-20 18:35:49,星野茶·地铁口店,生椰拿铁,咖啡,16,1,0,16,6.0,外卖美团,新客,0
O12434,2026-06-20 14:01:35,星野茶·大学城店,奥利奥奶昔,奶茶,18,1,0,18,7.0,外卖美团,普通会员,0
O12435,2026-06-20 21:14:55,星野茶·地铁口店,芋泥波波,奶茶,17,1,0,17,6.5,外卖饿了么,非会员,0
O12436,2026-06-20 19:58:03,星野茶·万达店,柠檬绿茶,果茶,12,1,0,12,3.5,小程序,普通会员,0
O12437,2026-06-20 12:25:45,星野茶·地铁口店,生椰拿铁,咖啡,16,1,0,16,6.0,外卖美团,非会员,0
O12438,2026-06-20 11:51:42,星野茶·万达店,伯牙绝弦,茶底,15,1,1.5,13.5,5.5,外卖饿了么,银卡,0
O12439,2026-06-20 18:40:00,星野茶·万达店,奥利奥奶昔,奶茶,18,1,0,18,7.0,小程序,普通会员,0
O12440,2026-06-20 21:27:30,星野茶·大学城店,杨枝甘露,果茶,18,1,0,18,7.5,外卖美团,非会员,0
O12441,2026-06-20 13:36:18,星野茶·大学城店,芋泥波波,奶茶,17,1,1.7,15.3,6.5,外卖饿了么,非会员,0
O12442,2026-06-20 18:27:25,星野茶·大学城店,芋泥波波,奶茶,17,2,3.4,30.6,13.0,外卖饿了么,普通会员,0
O12443,2026-06-20 13:00:04,星野茶·万达店,杨枝甘露,果茶,18,1,0,18,7.5,外卖美团,非会员,0
O12444,2026-06-20 18:28:22,星野茶·大学城店,芋泥波波,奶茶,17,1,0,17,6.5,外卖饿了么,非会员,0
O12445,2026-06-20 12:41:10,星野茶·大学城店,多肉葡萄,果茶,19,1,1.9,17.1,8.0,外卖饿了么,非会员,0
O12446,2026-06-20 13:50:07,星野茶·地铁口店,多肉葡萄,果茶,19,1,0,19,8.0,外卖美团,新客,0
O12447,2026-06-20 16:22:24,星野茶·大学城店,柠檬绿茶,果茶,12,1,0,12,3.5,外卖饿了么,金卡,0
O12448,2026-06-20 21:14:04,星野茶·大学城店,奥利奥奶昔,奶茶,18,1,0,18,7.0,堂食,金卡,0
O12449,2026-06-20 15:27:12,星野茶·万达店,奥利奥奶昔,奶茶,18,1,0,18,7.0,外卖美团,普通会员,0
O12450,2026-06-20 16:38:26,星野茶·地铁口店,美式咖啡,咖啡,11,1,0,11,3.0,小程序,金卡,0
O12451,2026-06-20 15:54:04,星野茶·地铁口店,多肉葡萄,果茶,19,2,0,38,16.0,堂食,新客,0
O12452,2026-06-20 15:12:21,星野茶·大学城店,美式咖啡,咖啡,11,1,0,11,3.0,外卖美团,非会员,0
O12453,2026-06-20 14:34:16,星野茶·地铁口店,杨枝甘露,果茶,18,1,0,18,7.5,外卖饿了么,银卡,0
O12454,2026-06-20 11:48:37,星野茶·万达店,杨枝甘露,果茶,18,2,0,36,15.0,外卖美团,非会员,0
O12455,2026-06-20 21:06:08,星野茶·地铁口店,芋泥波波,奶茶,17,1,0,17,6.5,外卖饿了么,非会员,0
O12456,2026-06-20 20:41:30,星野茶·万达店,芋泥波波,奶茶,17,1,1.7,15.3,6.5,堂食,普通会员,0
O12457,2026-06-20 15:34:59,星野茶·大学城店,芋泥波波,奶茶,17,1,0,17,6.5,外卖饿了么,银卡,0
O12458,2026-06-20 12:40:23,星野茶·地铁口店,奥利奥奶昔,奶茶,18,1,1.8,16.2,7.0,小程序,非会员,0
O12459,2026-06-20 19:59:55,星野茶·万达店,杨枝甘露,果茶,18,1,0,18,7.5,外卖饿了么,非会员,0
O12460,2026-06-20 16:36:00,星野茶·大学城店,生椰拿铁,咖啡,16,1,0,16,6.0,小程序,普通会员,0
O12461,2026-06-20 17:23:23,星野茶·地铁口店,柠檬绿茶,果茶,12,1,1.2,10.8,3.5,小程序,普通会员,0
O12462,2026-06-20 15:32:41,星野茶·万达店,柠檬绿茶,果茶,12,1,0,12,3.5,堂食,银卡,0
O12463,2026-06-20 19:00:49,星野茶·大学城店,美式咖啡,咖啡,11,2,0,22,6.0,外卖美团,金卡,0
O12464,2026-06-20 18:06:06,星野茶·万达店,美式咖啡,咖啡,11,2,0,22,6.0,外卖饿了么,金卡,0
O12465,2026-06-20 21:31:56,星野茶·地铁口店,美式咖啡,咖啡,11,1,0,11,3.0,堂食,普通会员,0
O12466,2026-06-20 20:54:50,星野茶·大学城店,生椰拿铁,咖啡,16,1,0,16,6.0,小程序,非会员,0
O12467,2026-06-20 15:22:14,星野茶·地铁口店,多肉葡萄,果茶,19,1,0,19,8.0,外卖饿了么,普通会员,0
O12468,2026-06-20 20:56:09,星野茶·万达店,伯牙绝弦,茶底,15,1,1.5,13.5,5.5,小程序,金卡,0
O12469,2026-06-20 17:30:09,星野茶·大学城店,杨枝甘露,果茶,18,2,0,36,15.0,外卖美团,新客,0
O12470,2026-06-20 18:15:46,星野茶·地铁口店,生椰拿铁,咖啡,16,1,1.6,14.4,6.0,小程序,普通会员,0
O12471,2026-06-20 19:58:37,星野茶·大学城店,奥利奥奶昔,奶茶,18,1,1.8,16.2,7.0,堂食,银卡,0
O12472,2026-06-20 11:28:27,星野茶·地铁口店,柠檬绿茶,果茶,12,1,0,12,3.5,外卖美团,普通会员,0
O12473,2026-06-20 20:39:21,星野茶·地铁口店,芋泥波波,奶茶,17,1,1.7,15.3,6.5,外卖饿了么,金卡,0
O12474,2026-06-20 11:31:48,星野茶·大学城店,奥利奥奶昔,奶茶,18,1,0,18,7.0,小程序,金卡,0
O12475,2026-06-20 12:50:06,星野茶·万达店,杨枝甘露,果茶,18,1,0,18,7.5,小程序,普通会员,0
O12476,2026-06-20 21:26:42,星野茶·万达店,奥利奥奶昔,奶茶,18,1,1.8,16.2,7.0,外卖饿了么,新客,0
O12477,2026-06-20 21:04:46,星野茶·万达店,生椰拿铁,咖啡,16,1,1.6,14.4,6.0,小程序,非会员,0
O12478,2026-06-20 17:10:37,星野茶·地铁口店,奥利奥奶昔,奶茶,18,2,0,36,14.0,小程序,新客,0
O12479,2026-06-20 16:39:15,星野茶·地铁口店,杨枝甘露,果茶,18,1,0,18,7.5,外卖美团,非会员,1
O12480,2026-06-20 11:15:22,星野茶·地铁口店,美式咖啡,咖啡,11,2,0,22,6.0,小程序,非会员,0
O12481,2026-06-20 15:30:20,星野茶·地铁口店,美式咖啡,咖啡,11,1,0,11,3.0,堂食,普通会员,0
O12482,2026-06-21 15:42:58,星野茶·万达店,奥利奥奶昔,奶茶,18,1,0,18,7.0,小程序,非会员,0
O12483,2026-06-21 12:20:27,星野茶·大学城店,生椰拿铁,咖啡,16,1,1.6,14.4,6.0,小程序,普通会员,0
O12484,2026-06-21 16:52:20,星野茶·地铁口店,柠檬绿茶,果茶,12,1,0,12,3.5,外卖饿了么,金卡,0
O12485,2026-06-21 21:58:52,星野茶·大学城店,伯牙绝弦,茶底,15,1,0,15,5.5,堂食,普通会员,0
O12486,2026-06-21 18:47:05,星野茶·大学城店,柠檬绿茶,果茶,12,1,0,12,3.5,外卖美团,金卡,0
O12487,2026-06-21 17:43:44,星野茶·大学城店,柠檬绿茶,果茶,12,1,0,12,3.5,外卖美团,银卡,0
O12488,2026-06-21 12:56:50,星野茶·万达店,杨枝甘露,果茶,18,1,0,18,7.5,外卖饿了么,非会员,0
O12489,2026-06-21 18:50:16,星野茶·大学城店,伯牙绝弦,茶底,15,1,1.5,13.5,5.5,堂食,普通会员,0
O12490,2026-06-21 21:52:14,星野茶·地铁口店,多肉葡萄,果茶,19,1,1.9,17.1,8.0,外卖美团,新客,0
O12491,2026-06-21 14:10:06,星野茶·地铁口店,杨枝甘露,果茶,18,1,0,18,7.5,外卖美团,非会员,1
O12492,2026-06-21 12:56:35,星野茶·大学城店,美式咖啡,咖啡,11,1,0,11,3.0,外卖饿了么,普通会员,0
O12493,2026-06-21 15:48:03,星野茶·大学城店,杨枝甘露,果茶,18,1,0,18,7.5,外卖饿了么,金卡,0
O12494,2026-06-21 21:58:42,星野茶·大学城店,伯牙绝弦,茶底,15,1,0,15,5.5,外卖饿了么,非会员,0
O12495,2026-06-21 19:21:08,星野茶·地铁口店,杨枝甘露,果茶,18,1,0,18,7.5,外卖饿了么,普通会员,0
O12496,2026-06-21 16:22:05,星野茶·地铁口店,芋泥波波,奶茶,17,2,0,34,13.0,外卖饿了么,非会员,0
O12497,2026-06-21 15:17:58,星野茶·地铁口店,柠檬绿茶,果茶,12,1,1.2,10.8,3.5,外卖饿了么,普通会员,0
O12498,2026-06-21 11:18:12,星野茶·万达店,杨枝甘露,果茶,18,1,0,18,7.5,堂食,金卡,0
O12499,2026-06-21 18:43:10,星野茶·万达店,芋泥波波,奶茶,17,1,0,17,6.5,外卖饿了么,银卡,0
O12500,2026-06-21 17:40:23,星野茶·大学城店,多肉葡萄,果茶,19,1,0,19,8.0,小程序,金卡,0
O12501,2026-06-21 12:31:28,星野茶·万达店,杨枝甘露,果茶,18,1,0,18,7.5,外卖美团,银卡,0
O12502,2026-06-21 14:56:31,星野茶·万达店,杨枝甘露,果茶,18,1,0,18,7.5,小程序,非会员,0
O12503,2026-06-21 14:26:51,星野茶·大学城店,芋泥波波,奶茶,17,1,1.7,15.3,6.5,外卖饿了么,金卡,0
O12504,2026-06-21 20:17:45,星野茶·万达店,杨枝甘露,果茶,18,1,1.8,16.2,7.5,外卖美团,新客,0
O12505,2026-06-21 16:25:56,星野茶·大学城店,多肉葡萄,果茶,19,1,1.9,17.1,8.0,外卖美团,金卡,0
O12506,2026-06-21 20:13:10,星野茶·大学城店,美式咖啡,咖啡,11,2,0,22,6.0,外卖美团,新客,0
O12507,2026-06-21 15:45:22,星野茶·地铁口店,多肉葡萄,果茶,19,1,0,19,8.0,外卖美团,普通会员,0
O12508,2026-06-21 17:41:59,星野茶·大学城店,生椰拿铁,咖啡,16,1,0,16,6.0,堂食,普通会员,0
O12509,2026-06-21 18:37:41,星野茶·万达店,杨枝甘露,果茶,18,1,0,18,7.5,外卖饿了么,新客,0
O12510,2026-06-21 13:33:46,星野茶·地铁口店,美式咖啡,咖啡,11,2,0,22,6.0,小程序,银卡,0
O12511,2026-06-21 14:52:41,星野茶·大学城店,芋泥波波,奶茶,17,1,0,17,6.5,堂食,金卡,0
O12512,2026-06-21 17:02:18,星野茶·地铁口店,生椰拿铁,咖啡,16,1,0,16,6.0,小程序,非会员,0
O12513,2026-06-21 18:11:02,星野茶·地铁口店,芋泥波波,奶茶,17,1,1.7,15.3,6.5,小程序,非会员,0
O12514,2026-06-21 20:45:14,星野茶·地铁口店,芋泥波波,奶茶,17,1,1.7,15.3,6.5,外卖饿了么,非会员,0
O12515,2026-06-21 15:14:19,星野茶·大学城店,柠檬绿茶,果茶,12,1,0,12,3.5,外卖饿了么,非会员,0
O12516,2026-06-21 12:28:01,星野茶·万达店,生椰拿铁,咖啡,16,1,0,16,6.0,小程序,普通会员,0
O12517,2026-06-21 12:48:59,星野茶·万达店,生椰拿铁,咖啡,16,1,0,16,6.0,堂食,普通会员,0
O12518,2026-06-21 12:44:39,星野茶·地铁口店,美式咖啡,咖啡,11,1,1.1,9.9,3.0,堂食,新客,0
O12519,2026-06-21 11:43:22,星野茶·地铁口店,柠檬绿茶,果茶,12,1,0,12,3.5,外卖饿了么,银卡,0
O12520,2026-06-21 15:24:38,星野茶·大学城店,柠檬绿茶,果茶,12,1,0,12,3.5,外卖美团,非会员,0
O12521,2026-06-21 15:11:30,星野茶·地铁口店,芋泥波波,奶茶,17,1,1.7,15.3,6.5,小程序,普通会员,0
O12522,2026-06-21 11:46:51,星野茶·大学城店,芋泥波波,奶茶,17,1,1.7,15.3,6.5,外卖美团,新客,0
O12523,2026-06-21 14:02:39,星野茶·万达店,杨枝甘露,果茶,18,2,3.6,32.4,15.0,小程序,银卡,0
O12524,2026-06-21 17:10:14,星野茶·大学城店,美式咖啡,咖啡,11,1,0,11,3.0,外卖美团,金卡,0
O12525,2026-06-21 13:23:45,星野茶·万达店,杨枝甘露,果茶,18,1,0,18,7.5,外卖饿了么,非会员,0
O12526,2026-06-21 18:45:16,星野茶·万达店,多肉葡萄,果茶,19,1,0,19,8.0,外卖美团,银卡,0
O12527,2026-06-21 17:33:07,星野茶·万达店,多肉葡萄,果茶,19,1,0,19,8.0,小程序,新客,0
O12528,2026-06-21 17:20:38,星野茶·地铁口店,杨枝甘露,果茶,18,1,0,18,7.5,外卖美团,普通会员,1
O12529,2026-06-21 17:42:36,星野茶·万达店,柠檬绿茶,果茶,12,1,0,12,3.5,外卖美团,新客,0
O12530,2026-06-21 14:44:19,星野茶·地铁口店,芋泥波波,奶茶,17,1,0,17,6.5,外卖饿了么,银卡,0
O12531,2026-06-21 13:13:02,星野茶·万达店,杨枝甘露,果茶,18,1,0,18,7.5,外卖饿了么,非会员,0
O12532,2026-06-21 12:00:48,星野茶·地铁口店,多肉葡萄,果茶,19,1,0,19,8.0,外卖美团,新客,0
O12533,2026-06-21 12:17:56,星野茶·地铁口店,柠檬绿茶,果茶,12,2,0,24,7.0,外卖美团,金卡,0
O12534,2026-06-21 15:50:21,星野茶·地铁口店,生椰拿铁,咖啡,16,1,1.6,14.4,6.0,堂食,非会员,0
O12535,2026-06-21 21:37:02,星野茶·万达店,美式咖啡,咖啡,11,1,0,11,3.0,外卖美团,银卡,0
O12536,2026-06-21 12:00:11,星野茶·大学城店,美式咖啡,咖啡,11,2,0,22,6.0,小程序,银卡,0
O12537,2026-06-21 20:08:05,星野茶·万达店,生椰拿铁,咖啡,16,1,1.6,14.4,6.0,小程序,新客,0
O12538,2026-06-21 18:46:41,星野茶·大学城店,生椰拿铁,咖啡,16,2,3.2,28.8,12.0,外卖美团,普通会员,0
O12539,2026-06-21 15:40:12,星野茶·大学城店,多肉葡萄,果茶,19,1,0,19,8.0,小程序,普通会员,0
O12540,2026-06-21 13:53:24,星野茶·地铁口店,芋泥波波,奶茶,17,1,0,17,6.5,外卖美团,普通会员,0
O12541,2026-06-21 16:27:57,星野茶·大学城店,美式咖啡,咖啡,11,1,0,11,3.0,小程序,非会员,0
O12542,2026-06-22 20:35:13,星野茶·万达店,奥利奥奶昔,奶茶,18,1,1.8,16.2,7.0,外卖美团,新客,0
O12543,2026-06-22 21:21:23,星野茶·地铁口店,奥利奥奶昔,奶茶,18,1,1.8,16.2,7.0,外卖饿了么,新客,0
O12544,2026-06-22 11:07:24,星野茶·地铁口店,多肉葡萄,果茶,19,1,0,19,8.0,堂食,非会员,0
O12545,2026-06-22 14:25:06,星野茶·万达店,美式咖啡,咖啡,11,1,0,11,3.0,堂食,银卡,0
O12546,2026-06-22 16:10:38,星野茶·地铁口店,美式咖啡,咖啡,11,1,0,11,3.0,外卖美团,银卡,0
O12547,2026-06-22 16:27:04,星野茶·万达店,芋泥波波,奶茶,17,1,0,17,6.5,小程序,普通会员,0
O12548,2026-06-22 18:43:31,星野茶·大学城店,杨枝甘露,果茶,18,1,1.8,16.2,7.5,外卖饿了么,普通会员,0
O12549,2026-06-22 12:33:37,星野茶·万达店,美式咖啡,咖啡,11,1,0,11,3.0,外卖饿了么,金卡,0
O12550,2026-06-22 15:22:02,星野茶·大学城店,柠檬绿茶,果茶,12,1,0,12,3.5,小程序,新客,0
O12551,2026-06-22 14:14:51,星野茶·万达店,芋泥波波,奶茶,17,1,0,17,6.5,外卖美团,银卡,0
O12552,2026-06-22 18:39:33,星野茶·地铁口店,生椰拿铁,咖啡,16,2,0,32,12.0,小程序,普通会员,0
O12553,2026-06-22 19:52:02,星野茶·大学城店,美式咖啡,咖啡,11,1,1.1,9.9,3.0,堂食,非会员,0
O12554,2026-06-22 16:04:25,星野茶·大学城店,杨枝甘露,果茶,18,1,1.8,16.2,7.5,外卖美团,新客,0
O12555,2026-06-22 15:49:43,星野茶·大学城店,多肉葡萄,果茶,19,1,0,19,8.0,小程序,新客,0
O12556,2026-06-22 15:32:43,星野茶·万达店,杨枝甘露,果茶,18,1,0,18,7.5,外卖饿了么,非会员,0
O12557,2026-06-22 16:36:37,星野茶·地铁口店,奥利奥奶昔,奶茶,18,1,0,18,7.0,外卖美团,非会员,0
O12558,2026-06-22 11:11:38,星野茶·地铁口店,多肉葡萄,果茶,19,1,0,19,8.0,外卖饿了么,银卡,0
O12559,2026-06-22 11:37:27,星野茶·大学城店,杨枝甘露,果茶,18,1,0,18,7.5,外卖饿了么,金卡,0
O12560,2026-06-22 17:01:44,星野茶·大学城店,伯牙绝弦,茶底,15,1,0,15,5.5,小程序,金卡,0
O12561,2026-06-22 14:51:14,星野茶·万达店,伯牙绝弦,茶底,15,1,0,15,5.5,外卖美团,新客,0
O12562,2026-06-22 19:31:35,星野茶·大学城店,多肉葡萄,果茶,19,1,1.9,17.1,8.0,外卖美团,金卡,1
O12563,2026-06-22 14:19:01,星野茶·地铁口店,伯牙绝弦,茶底,15,1,0,15,5.5,外卖美团,金卡,0
O12564,2026-06-22 12:26:53,星野茶·万达店,美式咖啡,咖啡,11,1,0,11,3.0,外卖饿了么,银卡,0
O12565,2026-06-22 16:26:56,星野茶·地铁口店,杨枝甘露,果茶,18,1,0,18,7.5,小程序,新客,0
O12566,2026-06-22 15:48:57,星野茶·大学城店,杨枝甘露,果茶,18,1,0,18,7.5,外卖美团,非会员,0
O12567,2026-06-22 21:15:57,星野茶·万达店,杨枝甘露,果茶,18,1,0,18,7.5,堂食,普通会员,0
O12568,2026-06-22 15:46:49,星野茶·万达店,杨枝甘露,果茶,18,2,0,36,15.0,外卖饿了么,新客,0
O12569,2026-06-22 21:14:43,星野茶·大学城店,美式咖啡,咖啡,11,1,0,11,3.0,外卖饿了么,银卡,0
O12570,2026-06-22 21:48:28,星野茶·地铁口店,柠檬绿茶,果茶,12,1,0,12,3.5,外卖饿了么,非会员,0
O12571,2026-06-22 19:22:10,星野茶·地铁口店,美式咖啡,咖啡,11,1,1.1,9.9,3.0,小程序,银卡,0
O12572,2026-06-22 11:06:03,星野茶·地铁口店,美式咖啡,咖啡,11,1,1.1,9.9,3.0,小程序,金卡,0
O12573,2026-06-22 21:17:41,星野茶·大学城店,奥利奥奶昔,奶茶,18,1,0,18,7.0,外卖饿了么,非会员,0
O12574,2026-06-22 16:15:15,星野茶·地铁口店,生椰拿铁,咖啡,16,1,0,16,6.0,小程序,银卡,0
O12575,2026-06-22 20:41:51,星野茶·地铁口店,奥利奥奶昔,奶茶,18,2,0,36,14.0,堂食,非会员,0
O12576,2026-06-22 12:10:19,星野茶·地铁口店,杨枝甘露,果茶,18,2,0,36,15.0,小程序,非会员,0
O12577,2026-06-22 21:28:43,星野茶·万达店,美式咖啡,咖啡,11,1,0,11,3.0,外卖美团,银卡,0
O12578,2026-06-22 17:33:32,星野茶·大学城店,柠檬绿茶,果茶,12,1,0,12,3.5,堂食,银卡,0
O12579,2026-06-22 13:47:17,星野茶·大学城店,奥利奥奶昔,奶茶,18,1,0,18,7.0,小程序,银卡,0
O12580,2026-06-22 13:08:07,星野茶·万达店,伯牙绝弦,茶底,15,1,0,15,5.5,外卖饿了么,银卡,0
O12581,2026-06-22 21:24:29,星野茶·大学城店,多肉葡萄,果茶,19,1,0,19,8.0,小程序,非会员,0
O12582,2026-06-22 21:18:20,星野茶·地铁口店,柠檬绿茶,果茶,12,2,0,24,7.0,外卖饿了么,新客,0
O12583,2026-06-22 20:45:37,星野茶·大学城店,芋泥波波,奶茶,17,1,0,17,6.5,堂食,金卡,0
O12584,2026-06-22 18:17:43,星野茶·地铁口店,生椰拿铁,咖啡,16,2,0,32,12.0,小程序,非会员,0
O12585,2026-06-23 14:29:48,星野茶·大学城店,杨枝甘露,果茶,18,1,0,18,7.5,外卖美团,非会员,0
O12586,2026-06-23 16:15:53,星野茶·地铁口店,美式咖啡,咖啡,11,1,1.1,9.9,3.0,小程序,银卡,0
O12587,2026-06-23 17:41:45,星野茶·地铁口店,杨枝甘露,果茶,18,1,1.8,16.2,7.5,外卖饿了么,普通会员,0
O12588,2026-06-23 21:47:02,星野茶·万达店,多肉葡萄,果茶,19,2,0,38,16.0,堂食,银卡,0
O12589,2026-06-23 19:48:22,星野茶·地铁口店,柠檬绿茶,果茶,12,1,0,12,3.5,外卖美团,银卡,0
O12590,2026-06-23 19:05:02,星野茶·大学城店,生椰拿铁,咖啡,16,1,0,16,6.0,外卖饿了么,新客,0
O12591,2026-06-23 17:48:48,星野茶·万达店,美式咖啡,咖啡,11,1,0,11,3.0,堂食,金卡,0
O12592,2026-06-23 13:20:14,星野茶·大学城店,柠檬绿茶,果茶,12,1,0,12,3.5,外卖美团,非会员,0
O12593,2026-06-23 21:28:13,星野茶·大学城店,杨枝甘露,果茶,18,1,0,18,7.5,外卖美团,金卡,0
O12594,2026-06-23 15:31:27,星野茶·万达店,杨枝甘露,果茶,18,1,0,18,7.5,外卖美团,新客,0
O12595,2026-06-23 13:21:25,星野茶·地铁口店,生椰拿铁,咖啡,16,1,0,16,6.0,堂食,新客,0
O12596,2026-06-23 14:33:28,星野茶·万达店,杨枝甘露,果茶,18,1,1.8,16.2,7.5,堂食,非会员,0
O12597,2026-06-23 13:12:22,星野茶·大学城店,美式咖啡,咖啡,11,1,1.1,9.9,3.0,外卖饿了么,普通会员,0
O12598,2026-06-23 18:26:20,星野茶·大学城店,杨枝甘露,果茶,18,1,0,18,7.5,外卖饿了么,金卡,0
O12599,2026-06-23 15:05:37,星野茶·地铁口店,伯牙绝弦,茶底,15,1,0,15,5.5,外卖饿了么,新客,0
O12600,2026-06-23 21:42:19,星野茶·大学城店,多肉葡萄,果茶,19,2,3.8,34.2,16.0,外卖美团,金卡,0
O12601,2026-06-23 18:40:58,星野茶·地铁口店,多肉葡萄,果茶,19,1,1.9,17.1,8.0,外卖美团,非会员,0
O12602,2026-06-23 15:15:17,星野茶·地铁口店,芋泥波波,奶茶,17,1,0,17,6.5,外卖美团,金卡,0
O12603,2026-06-23 14:21:58,星野茶·万达店,杨枝甘露,果茶,18,2,0,36,15.0,外卖饿了么,金卡,0
O12604,2026-06-23 20:20:53,星野茶·大学城店,多肉葡萄,果茶,19,1,0,19,8.0,外卖美团,新客,1
O12605,2026-06-23 13:28:53,星野茶·地铁口店,杨枝甘露,果茶,18,1,0,18,7.5,小程序,普通会员,0
O12606,2026-06-23 13:45:23,星野茶·万达店,杨枝甘露,果茶,18,1,0,18,7.5,小程序,金卡,0
O12607,2026-06-23 21:38:23,星野茶·大学城店,生椰拿铁,咖啡,16,2,0,32,12.0,小程序,金卡,1
O12608,2026-06-23 11:52:41,星野茶·大学城店,伯牙绝弦,茶底,15,1,0,15,5.5,外卖饿了么,金卡,0
O12609,2026-06-23 18:26:47,星野茶·地铁口店,生椰拿铁,咖啡,16,1,1.6,14.4,6.0,小程序,金卡,0
O12610,2026-06-23 12:26:10,星野茶·地铁口店,伯牙绝弦,茶底,15,1,0,15,5.5,堂食,非会员,0
O12611,2026-06-23 16:45:17,星野茶·大学城店,生椰拿铁,咖啡,16,1,0,16,6.0,外卖饿了么,普通会员,0
O12612,2026-06-23 13:23:23,星野茶·大学城店,柠檬绿茶,果茶,12,1,0,12,3.5,小程序,普通会员,0
O12613,2026-06-23 19:44:12,星野茶·地铁口店,多肉葡萄,果茶,19,1,0,19,8.0,外卖饿了么,非会员,0
O12614,2026-06-23 14:58:44,星野茶·地铁口店,杨枝甘露,果茶,18,1,0,18,7.5,小程序,非会员,0
O12615,2026-06-23 17:46:22,星野茶·大学城店,柠檬绿茶,果茶,12,1,0,12,3.5,外卖美团,非会员,0
O12616,2026-06-23 21:09:15,星野茶·地铁口店,杨枝甘露,果茶,18,1,0,18,7.5,小程序,银卡,0
O12617,2026-06-23 18:06:05,星野茶·万达店,伯牙绝弦,茶底,15,1,0,15,5.5,外卖饿了么,银卡,0
O12618,2026-06-23 20:58:51,星野茶·地铁口店,奥利奥奶昔,奶茶,18,2,0,36,14.0,外卖饿了么,非会员,0
O12619,2026-06-23 18:08:33,星野茶·大学城店,伯牙绝弦,茶底,15,1,0,15,5.5,外卖美团,非会员,0
O12620,2026-06-23 13:44:51,星野茶·大学城店,多肉葡萄,果茶,19,1,0,19,8.0,堂食,银卡,0
O12621,2026-06-23 11:56:09,星野茶·大学城店,多肉葡萄,果茶,19,1,0,19,8.0,小程序,银卡,0
O12622,2026-06-23 11:22:41,星野茶·地铁口店,伯牙绝弦,茶底,15,1,0,15,5.5,外卖饿了么,金卡,0
O12623,2026-06-23 15:37:57,星野茶·大学城店,美式咖啡,咖啡,11,1,1.1,9.9,3.0,堂食,金卡,0
O12624,2026-06-23 11:50:31,星野茶·万达店,奥利奥奶昔,奶茶,18,1,0,18,7.0,小程序,普通会员,0
O12625,2026-06-23 17:56:20,星野茶·万达店,杨枝甘露,果茶,18,1,0,18,7.5,小程序,普通会员,0
O12626,2026-06-23 13:45:57,星野茶·万达店,奥利奥奶昔,奶茶,18,1,0,18,7.0,堂食,银卡,0
O12627,2026-06-23 17:40:10,星野茶·地铁口店,美式咖啡,咖啡,11,1,0,11,3.0,堂食,新客,0
O12628,2026-06-23 18:10:45,星野茶·万达店,美式咖啡,咖啡,11,2,0,22,6.0,小程序,非会员,0
O12629,2026-06-23 15:17:09,星野茶·万达店,芋泥波波,奶茶,17,1,0,17,6.5,外卖饿了么,新客,0
O12630,2026-06-23 13:58:57,星野茶·万达店,奥利奥奶昔,奶茶,18,1,0,18,7.0,外卖饿了么,金卡,1
O12631,2026-06-23 16:00:44,星野茶·地铁口店,多肉葡萄,果茶,19,1,0,19,8.0,外卖美团,新客,0
O12632,2026-06-23 16:31:01,星野茶·大学城店,生椰拿铁,咖啡,16,1,1.6,14.4,6.0,外卖饿了么,金卡,0
O12633,2026-06-23 19:40:48,星野茶·万达店,生椰拿铁,咖啡,16,1,0,16,6.0,堂食,银卡,0
O12634,2026-06-23 15:57:32,星野茶·万达店,柠檬绿茶,果茶,12,1,0,12,3.5,小程序,新客,0
O12635,2026-06-24 20:16:18,星野茶·万达店,多肉葡萄,果茶,19,1,0,19,8.0,外卖饿了么,非会员,0
O12636,2026-06-24 19:55:20,星野茶·万达店,生椰拿铁,咖啡,16,1,1.6,14.4,6.0,外卖美团,金卡,0
O12637,2026-06-24 12:58:14,星野茶·大学城店,多肉葡萄,果茶,19,2,3.8,34.2,16.0,堂食,金卡,0
O12638,2026-06-24 18:22:42,星野茶·大学城店,柠檬绿茶,果茶,12,1,0,12,3.5,小程序,银卡,0
O12639,2026-06-24 15:58:09,星野茶·地铁口店,伯牙绝弦,茶底,15,2,0,30,11.0,堂食,金卡,0
O12640,2026-06-24 21:00:25,星野茶·地铁口店,奥利奥奶昔,奶茶,18,1,1.8,16.2,7.0,堂食,非会员,1
O12641,2026-06-24 11:40:38,星野茶·大学城店,杨枝甘露,果茶,18,1,0,18,7.5,堂食,新客,0
O12642,2026-06-24 13:34:40,星野茶·万达店,杨枝甘露,果茶,18,1,0,18,7.5,外卖饿了么,新客,0
O12643,2026-06-24 16:57:24,星野茶·万达店,奥利奥奶昔,奶茶,18,1,0,18,7.0,外卖美团,非会员,0
O12644,2026-06-24 21:34:34,星野茶·地铁口店,伯牙绝弦,茶底,15,1,0,15,5.5,外卖美团,新客,0
O12645,2026-06-24 13:39:51,星野茶·万达店,柠檬绿茶,果茶,12,1,0,12,3.5,小程序,普通会员,0
O12646,2026-06-24 15:25:44,星野茶·地铁口店,生椰拿铁,咖啡,16,1,1.6,14.4,6.0,外卖美团,银卡,0
O12647,2026-06-24 19:45:33,星野茶·万达店,芋泥波波,奶茶,17,1,1.7,15.3,6.5,外卖美团,普通会员,0
O12648,2026-06-24 12:50:07,星野茶·地铁口店,多肉葡萄,果茶,19,2,0,38,16.0,小程序,普通会员,0
O12649,2026-06-24 13:18:48,星野茶·万达店,柠檬绿茶,果茶,12,1,0,12,3.5,堂食,金卡,0
O12650,2026-06-24 21:20:11,星野茶·大学城店,柠檬绿茶,果茶,12,1,0,12,3.5,外卖美团,非会员,0
O12651,2026-06-24 16:35:47,星野茶·万达店,美式咖啡,咖啡,11,1,0,11,3.0,堂食,新客,0
O12652,2026-06-24 13:47:24,星野茶·大学城店,芋泥波波,奶茶,17,1,0,17,6.5,外卖美团,非会员,0
O12653,2026-06-24 12:20:24,星野茶·万达店,奥利奥奶昔,奶茶,18,1,1.8,16.2,7.0,小程序,银卡,0
O12654,2026-06-24 17:40:41,星野茶·大学城店,伯牙绝弦,茶底,15,2,0,30,11.0,外卖美团,金卡,0
O12655,2026-06-24 14:12:28,星野茶·地铁口店,奥利奥奶昔,奶茶,18,1,0,18,7.0,外卖饿了么,新客,0
O12656,2026-06-24 18:32:23,星野茶·地铁口店,美式咖啡,咖啡,11,1,0,11,3.0,小程序,银卡,0
O12657,2026-06-24 19:30:50,星野茶·地铁口店,杨枝甘露,果茶,18,1,1.8,16.2,7.5,外卖美团,新客,0
O12658,2026-06-24 20:10:01,星野茶·万达店,伯牙绝弦,茶底,15,1,0,15,5.5,外卖美团,银卡,0
O12659,2026-06-24 20:15:52,星野茶·大学城店,杨枝甘露,果茶,18,1,0,18,7.5,小程序,普通会员,0
O12660,2026-06-24 18:57:12,星野茶·万达店,杨枝甘露,果茶,18,2,0,36,15.0,堂食,金卡,0
O12661,2026-06-24 15:48:06,星野茶·大学城店,美式咖啡,咖啡,11,1,0,11,3.0,小程序,银卡,0
O12662,2026-06-24 21:22:47,星野茶·地铁口店,美式咖啡,咖啡,11,2,0,22,6.0,小程序,新客,0
O12663,2026-06-24 20:40:30,星野茶·大学城店,芋泥波波,奶茶,17,1,0,17,6.5,堂食,普通会员,0
O12664,2026-06-24 14:18:11,星野茶·大学城店,柠檬绿茶,果茶,12,1,1.2,10.8,3.5,外卖饿了么,非会员,0
O12665,2026-06-24 12:41:19,星野茶·万达店,柠檬绿茶,果茶,12,1,0,12,3.5,外卖饿了么,银卡,0
O12666,2026-06-24 18:16:56,星野茶·地铁口店,生椰拿铁,咖啡,16,2,0,32,12.0,堂食,新客,0
O12667,2026-06-24 20:21:23,星野茶·地铁口店,柠檬绿茶,果茶,12,1,1.2,10.8,3.5,小程序,非会员,0
O12668,2026-06-24 21:42:02,星野茶·万达店,柠檬绿茶,果茶,12,1,0,12,3.5,堂食,新客,0
O12669,2026-06-24 17:34:28,星野茶·地铁口店,柠檬绿茶,果茶,12,1,0,12,3.5,外卖美团,金卡,0
O12670,2026-06-24 11:36:34,星野茶·万达店,杨枝甘露,果茶,18,1,1.8,16.2,7.5,外卖美团,银卡,0
O12671,2026-06-24 21:28:44,星野茶·大学城店,芋泥波波,奶茶,17,1,0,17,6.5,小程序,新客,0
O12672,2026-06-24 13:47:04,星野茶·万达店,生椰拿铁,咖啡,16,2,0,32,12.0,外卖美团,新客,0
O12673,2026-06-24 20:22:16,星野茶·大学城店,柠檬绿茶,果茶,12,1,0,12,3.5,外卖饿了么,普通会员,0
O12674,2026-06-24 16:01:24,星野茶·万达店,柠檬绿茶,果茶,12,1,0,12,3.5,堂食,金卡,0
O12675,2026-06-24 12:51:26,星野茶·地铁口店,多肉葡萄,果茶,19,2,0,38,16.0,外卖美团,新客,0
O12676,2026-06-24 17:42:52,星野茶·大学城店,奥利奥奶昔,奶茶,18,1,0,18,7.0,外卖饿了么,银卡,0
O12677,2026-06-24 12:51:14,星野茶·大学城店,生椰拿铁,咖啡,16,1,1.6,14.4,6.0,小程序,金卡,0
O12678,2026-06-24 13:52:36,星野茶·地铁口店,伯牙绝弦,茶底,15,2,0,30,11.0,外卖饿了么,普通会员,0
O12679,2026-06-24 14:42:37,星野茶·万达店,杨枝甘露,果茶,18,1,0,18,7.5,外卖美团,普通会员,1
O12680,2026-06-25 21:30:36,星野茶·大学城店,伯牙绝弦,茶底,15,2,0,30,11.0,外卖美团,新客,0
O12681,2026-06-25 18:03:26,星野茶·地铁口店,多肉葡萄,果茶,19,1,0,19,8.0,外卖美团,普通会员,0
O12682,2026-06-25 16:24:02,星野茶·大学城店,多肉葡萄,果茶,19,1,1.9,17.1,8.0,外卖美团,银卡,0
O12683,2026-06-25 17:24:18,星野茶·大学城店,杨枝甘露,果茶,18,1,0,18,7.5,外卖美团,新客,0
O12684,2026-06-25 15:28:50,星野茶·万达店,多肉葡萄,果茶,19,1,0,19,8.0,外卖饿了么,普通会员,1
O12685,2026-06-25 21:26:05,星野茶·大学城店,柠檬绿茶,果茶,12,1,0,12,3.5,堂食,新客,0
O12686,2026-06-25 16:17:20,星野茶·大学城店,芋泥波波,奶茶,17,2,0,34,13.0,小程序,银卡,0
O12687,2026-06-25 21:32:20,星野茶·地铁口店,多肉葡萄,果茶,19,1,0,19,8.0,外卖美团,非会员,0
O12688,2026-06-25 18:47:25,星野茶·万达店,生椰拿铁,咖啡,16,2,0,32,12.0,堂食,金卡,0
O12689,2026-06-25 19:08:17,星野茶·万达店,芋泥波波,奶茶,17,2,0,34,13.0,堂食,普通会员,0
O12690,2026-06-25 11:16:23,星野茶·地铁口店,奥利奥奶昔,奶茶,18,1,0,18,7.0,堂食,非会员,0
O12691,2026-06-25 11:47:45,星野茶·大学城店,伯牙绝弦,茶底,15,1,0,15,5.5,堂食,新客,0
O12692,2026-06-25 14:51:06,星野茶·万达店,奥利奥奶昔,奶茶,18,1,0,18,7.0,外卖美团,金卡,0
O12693,2026-06-25 21:00:48,星野茶·万达店,多肉葡萄,果茶,19,1,0,19,8.0,外卖饿了么,非会员,0
O12694,2026-06-25 19:05:21,星野茶·万达店,奥利奥奶昔,奶茶,18,1,0,18,7.0,小程序,银卡,0
O12695,2026-06-25 13:53:52,星野茶·万达店,杨枝甘露,果茶,18,1,0,18,7.5,小程序,普通会员,0
O12696,2026-06-25 19:23:36,星野茶·大学城店,生椰拿铁,咖啡,16,1,0,16,6.0,堂食,新客,0
O12697,2026-06-25 21:39:38,星野茶·万达店,奥利奥奶昔,奶茶,18,1,0,18,7.0,外卖美团,普通会员,0
O12698,2026-06-25 16:13:42,星野茶·地铁口店,柠檬绿茶,果茶,12,1,0,12,3.5,外卖饿了么,新客,0
O12699,2026-06-25 18:31:43,星野茶·地铁口店,美式咖啡,咖啡,11,1,0,11,3.0,小程序,普通会员,0
O12700,2026-06-25 14:39:01,星野茶·万达店,杨枝甘露,果茶,18,1,0,18,7.5,外卖美团,银卡,0
O12701,2026-06-25 19:44:44,星野茶·地铁口店,美式咖啡,咖啡,11,1,0,11,3.0,外卖美团,金卡,0
O12702,2026-06-25 13:09:15,星野茶·万达店,伯牙绝弦,茶底,15,1,0,15,5.5,堂食,新客,0
O12703,2026-06-25 17:28:43,星野茶·地铁口店,奥利奥奶昔,奶茶,18,1,0,18,7.0,堂食,普通会员,0
O12704,2026-06-25 13:24:19,星野茶·万达店,奥利奥奶昔,奶茶,18,1,0,18,7.0,外卖饿了么,非会员,0
O12705,2026-06-25 15:49:28,星野茶·大学城店,伯牙绝弦,茶底,15,1,0,15,5.5,小程序,非会员,0
O12706,2026-06-25 18:23:58,星野茶·万达店,柠檬绿茶,果茶,12,1,1.2,10.8,3.5,外卖饿了么,非会员,0
O12707,2026-06-25 17:06:52,星野茶·大学城店,柠檬绿茶,果茶,12,1,0,12,3.5,堂食,普通会员,0
O12708,2026-06-25 12:17:16,星野茶·地铁口店,伯牙绝弦,茶底,15,2,3.0,27.0,11.0,外卖饿了么,新客,0
O12709,2026-06-25 13:01:05,星野茶·万达店,杨枝甘露,果茶,18,1,0,18,7.5,外卖美团,非会员,0
O12710,2026-06-25 19:13:03,星野茶·万达店,奥利奥奶昔,奶茶,18,1,1.8,16.2,7.0,小程序,新客,0
O12711,2026-06-26 20:37:43,星野茶·万达店,杨枝甘露,果茶,18,1,0,18,7.5,外卖饿了么,金卡,0
O12712,2026-06-26 12:44:42,星野茶·万达店,杨枝甘露,果茶,18,1,0,18,7.5,外卖饿了么,新客,0
O12713,2026-06-26 11:55:20,星野茶·地铁口店,杨枝甘露,果茶,18,1,1.8,16.2,7.5,外卖美团,金卡,0
O12714,2026-06-26 16:44:14,星野茶·万达店,杨枝甘露,果茶,18,2,0,36,15.0,小程序,银卡,0
O12715,2026-06-26 21:55:54,星野茶·万达店,奥利奥奶昔,奶茶,18,1,0,18,7.0,堂食,非会员,0
O12716,2026-06-26 16:51:11,星野茶·地铁口店,柠檬绿茶,果茶,12,1,1.2,10.8,3.5,堂食,金卡,0
O12717,2026-06-26 20:43:00,星野茶·万达店,生椰拿铁,咖啡,16,1,0,16,6.0,外卖饿了么,普通会员,0
O12718,2026-06-26 20:53:30,星野茶·地铁口店,多肉葡萄,果茶,19,1,0,19,8.0,堂食,普通会员,0
O12719,2026-06-26 11:45:05,星野茶·万达店,伯牙绝弦,茶底,15,2,0,30,11.0,外卖饿了么,普通会员,0
O12720,2026-06-26 16:29:55,星野茶·地铁口店,芋泥波波,奶茶,17,1,1.7,15.3,6.5,小程序,银卡,0
O12721,2026-06-26 19:47:21,星野茶·大学城店,奥利奥奶昔,奶茶,18,1,1.8,16.2,7.0,堂食,新客,1
O12722,2026-06-26 12:58:47,星野茶·地铁口店,美式咖啡,咖啡,11,1,0,11,3.0,外卖饿了么,银卡,0
O12723,2026-06-26 19:00:27,星野茶·大学城店,生椰拿铁,咖啡,16,1,0,16,6.0,小程序,银卡,0
O12724,2026-06-26 18:50:31,星野茶·大学城店,生椰拿铁,咖啡,16,2,0,32,12.0,小程序,非会员,0
O12725,2026-06-26 18:30:53,星野茶·万达店,杨枝甘露,果茶,18,1,0,18,7.5,堂食,新客,0
O12726,2026-06-26 11:45:15,星野茶·地铁口店,杨枝甘露,果茶,18,1,0,18,7.5,堂食,非会员,0
O12727,2026-06-26 12:55:12,星野茶·大学城店,美式咖啡,咖啡,11,1,0,11,3.0,外卖美团,非会员,0
O12728,2026-06-26 16:29:36,星野茶·万达店,生椰拿铁,咖啡,16,1,0,16,6.0,堂食,金卡,0
O12729,2026-06-26 20:07:59,星野茶·地铁口店,美式咖啡,咖啡,11,2,0,22,6.0,小程序,金卡,0
O12730,2026-06-26 15:15:48,星野茶·地铁口店,多肉葡萄,果茶,19,1,0,19,8.0,外卖美团,银卡,0
O12731,2026-06-26 20:28:13,星野茶·万达店,杨枝甘露,果茶,18,1,0,18,7.5,外卖饿了么,新客,0
O12732,2026-06-26 15:23:38,星野茶·地铁口店,芋泥波波,奶茶,17,1,1.7,15.3,6.5,外卖美团,银卡,0
O12733,2026-06-26 20:12:47,星野茶·万达店,柠檬绿茶,果茶,12,1,0,12,3.5,堂食,银卡,0
O12734,2026-06-26 17:19:38,星野茶·万达店,杨枝甘露,果茶,18,1,0,18,7.5,外卖美团,银卡,0
O12735,2026-06-26 14:04:21,星野茶·大学城店,奥利奥奶昔,奶茶,18,1,0,18,7.0,外卖饿了么,金卡,0
O12736,2026-06-26 19:21:22,星野茶·地铁口店,生椰拿铁,咖啡,16,1,1.6,14.4,6.0,外卖美团,金卡,0
O12737,2026-06-26 13:19:17,星野茶·万达店,多肉葡萄,果茶,19,2,3.8,34.2,16.0,外卖美团,银卡,0
O12738,2026-06-26 16:17:09,星野茶·地铁口店,生椰拿铁,咖啡,16,1,0,16,6.0,外卖饿了么,新客,0
O12739,2026-06-26 16:10:40,星野茶·万达店,生椰拿铁,咖啡,16,1,0,16,6.0,外卖饿了么,银卡,0
O12740,2026-06-26 17:28:09,星野茶·大学城店,芋泥波波,奶茶,17,2,0,34,13.0,堂食,新客,0
O12741,2026-06-26 18:39:05,星野茶·大学城店,多肉葡萄,果茶,19,1,0,19,8.0,堂食,普通会员,0
O12742,2026-06-26 14:46:23,星野茶·万达店,杨枝甘露,果茶,18,2,0,36,15.0,外卖美团,金卡,0
O12743,2026-06-26 19:36:16,星野茶·万达店,多肉葡萄,果茶,19,2,3.8,34.2,16.0,外卖美团,普通会员,0
O12744,2026-06-26 16:01:03,星野茶·大学城店,柠檬绿茶,果茶,12,1,1.2,10.8,3.5,堂食,非会员,0
O12745,2026-06-26 14:19:30,星野茶·万达店,生椰拿铁,咖啡,16,1,0,16,6.0,外卖饿了么,普通会员,0
O12746,2026-06-26 15:15:13,星野茶·地铁口店,多肉葡萄,果茶,19,1,0,19,8.0,外卖饿了么,银卡,0
O12747,2026-06-27 18:05:17,星野茶·大学城店,伯牙绝弦,茶底,15,1,1.5,13.5,5.5,堂食,银卡,0
O12748,2026-06-27 15:39:28,星野茶·万达店,杨枝甘露,果茶,18,1,0,18,7.5,外卖美团,普通会员,0
O12749,2026-06-27 16:37:31,星野茶·万达店,杨枝甘露,果茶,18,1,0,18,7.5,外卖饿了么,金卡,0
O12750,2026-06-27 15:45:41,星野茶·大学城店,多肉葡萄,果茶,19,1,0,19,8.0,小程序,非会员,0
O12751,2026-06-27 20:41:15,星野茶·大学城店,美式咖啡,咖啡,11,1,0,11,3.0,小程序,非会员,0
O12752,2026-06-27 13:14:52,星野茶·大学城店,美式咖啡,咖啡,11,1,1.1,9.9,3.0,外卖美团,新客,0
O12753,2026-06-27 14:02:26,星野茶·地铁口店,伯牙绝弦,茶底,15,2,3.0,27.0,11.0,外卖美团,银卡,0
O12754,2026-06-27 17:19:37,星野茶·地铁口店,柠檬绿茶,果茶,12,1,0,12,3.5,外卖饿了么,金卡,0
O12755,2026-06-27 12:57:01,星野茶·万达店,杨枝甘露,果茶,18,1,1.8,16.2,7.5,外卖美团,金卡,0
O12756,2026-06-27 20:47:00,星野茶·大学城店,柠檬绿茶,果茶,12,1,1.2,10.8,3.5,外卖美团,新客,0
O12757,2026-06-27 18:54:10,星野茶·万达店,伯牙绝弦,茶底,15,1,0,15,5.5,堂食,普通会员,0
O12758,2026-06-27 15:15:47,星野茶·大学城店,伯牙绝弦,茶底,15,1,0,15,5.5,堂食,非会员,0
O12759,2026-06-27 13:30:35,星野茶·万达店,杨枝甘露,果茶,18,1,0,18,7.5,外卖美团,银卡,0
O12760,2026-06-27 14:02:13,星野茶·大学城店,伯牙绝弦,茶底,15,1,1.5,13.5,5.5,外卖美团,普通会员,0
O12761,2026-06-27 19:51:45,星野茶·地铁口店,美式咖啡,咖啡,11,1,0,11,3.0,外卖美团,普通会员,0
O12762,2026-06-27 16:47:50,星野茶·地铁口店,芋泥波波,奶茶,17,1,0,17,6.5,堂食,普通会员,0
O12763,2026-06-27 11:50:04,星野茶·地铁口店,奥利奥奶昔,奶茶,18,1,1.8,16.2,7.0,外卖美团,新客,0
O12764,2026-06-27 21:47:47,星野茶·地铁口店,生椰拿铁,咖啡,16,1,1.6,14.4,6.0,堂食,银卡,0
O12765,2026-06-27 16:29:33,星野茶·地铁口店,芋泥波波,奶茶,17,1,0,17,6.5,小程序,银卡,0
O12766,2026-06-27 20:54:11,星野茶·地铁口店,杨枝甘露,果茶,18,2,0,36,15.0,外卖美团,新客,0
O12767,2026-06-27 12:33:37,星野茶·地铁口店,生椰拿铁,咖啡,16,2,3.2,28.8,12.0,堂食,银卡,0
O12768,2026-06-27 11:01:56,星野茶·大学城店,生椰拿铁,咖啡,16,1,0,16,6.0,外卖饿了么,非会员,0
O12769,2026-06-27 20:57:43,星野茶·万达店,柠檬绿茶,果茶,12,1,0,12,3.5,小程序,非会员,0
O12770,2026-06-27 12:42:47,星野茶·地铁口店,奥利奥奶昔,奶茶,18,2,3.6,32.4,14.0,堂食,金卡,0
O12771,2026-06-27 18:49:41,星野茶·地铁口店,奥利奥奶昔,奶茶,18,1,1.8,16.2,7.0,小程序,新客,0
O12772,2026-06-27 19:26:56,星野茶·地铁口店,生椰拿铁,咖啡,16,1,0,16,6.0,堂食,银卡,0
O12773,2026-06-27 21:28:29,星野茶·万达店,芋泥波波,奶茶,17,1,0,17,6.5,小程序,普通会员,0
O12774,2026-06-27 11:57:02,星野茶·地铁口店,生椰拿铁,咖啡,16,2,0,32,12.0,外卖饿了么,非会员,0
O12775,2026-06-27 11:21:49,星野茶·万达店,伯牙绝弦,茶底,15,1,0,15,5.5,堂食,新客,0
O12776,2026-06-27 18:31:35,星野茶·地铁口店,伯牙绝弦,茶底,15,1,0,15,5.5,堂食,金卡,0
O12777,2026-06-27 20:30:23,星野茶·万达店,柠檬绿茶,果茶,12,1,0,12,3.5,外卖美团,银卡,0
O12778,2026-06-27 21:59:45,星野茶·地铁口店,奥利奥奶昔,奶茶,18,2,0,36,14.0,堂食,银卡,0
O12779,2026-06-27 19:10:29,星野茶·大学城店,杨枝甘露,果茶,18,1,0,18,7.5,外卖饿了么,新客,0
O12780,2026-06-27 14:23:13,星野茶·万达店,杨枝甘露,果茶,18,1,1.8,16.2,7.5,外卖饿了么,银卡,0
O12781,2026-06-27 18:41:52,星野茶·大学城店,芋泥波波,奶茶,17,1,1.7,15.3,6.5,小程序,新客,0
O12782,2026-06-27 19:41:26,星野茶·万达店,芋泥波波,奶茶,17,1,0,17,6.5,外卖饿了么,银卡,0
O12783,2026-06-27 11:15:40,星野茶·万达店,杨枝甘露,果茶,18,1,0,18,7.5,外卖饿了么,新客,0
O12784,2026-06-27 16:57:02,星野茶·地铁口店,柠檬绿茶,果茶,12,1,1.2,10.8,3.5,外卖美团,非会员,0
O12785,2026-06-27 21:04:18,星野茶·万达店,杨枝甘露,果茶,18,1,1.8,16.2,7.5,堂食,新客,0
O12786,2026-06-27 14:05:03,星野茶·大学城店,芋泥波波,奶茶,17,1,0,17,6.5,外卖美团,银卡,0
O12787,2026-06-27 19:30:04,星野茶·万达店,芋泥波波,奶茶,17,1,1.7,15.3,6.5,外卖美团,普通会员,0
O12788,2026-06-27 21:25:46,星野茶·地铁口店,杨枝甘露,果茶,18,1,0,18,7.5,堂食,非会员,1
O12789,2026-06-27 14:35:50,星野茶·万达店,多肉葡萄,果茶,19,1,0,19,8.0,堂食,新客,0
O12790,2026-06-27 21:17:27,星野茶·地铁口店,伯牙绝弦,茶底,15,1,0,15,5.5,外卖美团,非会员,0
O12791,2026-06-27 13:19:49,星野茶·万达店,杨枝甘露,果茶,18,1,0,18,7.5,外卖饿了么,金卡,0
O12792,2026-06-27 14:08:02,星野茶·地铁口店,芋泥波波,奶茶,17,1,0,17,6.5,外卖美团,普通会员,0
O12793,2026-06-27 11:59:11,星野茶·地铁口店,杨枝甘露,果茶,18,1,0,18,7.5,外卖饿了么,非会员,0
O12794,2026-06-27 13:24:55,星野茶·万达店,杨枝甘露,果茶,18,1,1.8,16.2,7.5,外卖美团,普通会员,0
O12795,2026-06-27 12:45:09,星野茶·万达店,美式咖啡,咖啡,11,1,1.1,9.9,3.0,小程序,银卡,0
O12796,2026-06-27 13:28:55,星野茶·万达店,美式咖啡,咖啡,11,1,0,11,3.0,外卖饿了么,新客,0
O12797,2026-06-27 11:45:06,星野茶·大学城店,多肉葡萄,果茶,19,1,0,19,8.0,外卖美团,新客,0
O12798,2026-06-27 20:00:27,星野茶·地铁口店,芋泥波波,奶茶,17,2,0,34,13.0,外卖美团,金卡,0
O12799,2026-06-27 17:26:29,星野茶·大学城店,柠檬绿茶,果茶,12,1,0,12,3.5,外卖饿了么,银卡,0
O12800,2026-06-27 11:55:31,星野茶·万达店,多肉葡萄,果茶,19,1,1.9,17.1,8.0,堂食,金卡,0
O12801,2026-06-27 11:11:56,星野茶·万达店,杨枝甘露,果茶,18,1,0,18,7.5,外卖美团,银卡,0
O12802,2026-06-27 12:22:10,星野茶·大学城店,美式咖啡,咖啡,11,1,0,11,3.0,堂食,非会员,0
O12803,2026-06-27 19:09:24,星野茶·大学城店,伯牙绝弦,茶底,15,2,0,30,11.0,外卖美团,非会员,1
O12804,2026-06-27 13:35:22,星野茶·大学城店,奥利奥奶昔,奶茶,18,2,0,36,14.0,外卖饿了么,金卡,0
O12805,2026-06-27 14:05:19,星野茶·大学城店,生椰拿铁,咖啡,16,1,0,16,6.0,堂食,普通会员,0
O12806,2026-06-27 18:32:32,星野茶·地铁口店,生椰拿铁,咖啡,16,2,0,32,12.0,小程序,金卡,0
O12807,2026-06-27 17:29:06,星野茶·大学城店,美式咖啡,咖啡,11,1,1.1,9.9,3.0,外卖饿了么,银卡,0
O12808,2026-06-27 18:51:56,星野茶·大学城店,柠檬绿茶,果茶,12,1,1.2,10.8,3.5,堂食,非会员,0
O12809,2026-06-27 15:39:18,星野茶·大学城店,多肉葡萄,果茶,19,1,1.9,17.1,8.0,堂食,金卡,0
O12810,2026-06-27 17:12:19,星野茶·大学城店,柠檬绿茶,果茶,12,1,0,12,3.5,小程序,普通会员,0
O12811,2026-06-27 11:07:37,星野茶·地铁口店,柠檬绿茶,果茶,12,1,0,12,3.5,外卖饿了么,普通会员,0
O12812,2026-06-27 19:31:46,星野茶·万达店,芋泥波波,奶茶,17,1,0,17,6.5,外卖饿了么,金卡,0
O12813,2026-06-27 12:33:41,星野茶·地铁口店,美式咖啡,咖啡,11,1,0,11,3.0,堂食,银卡,1
O12814,2026-06-28 14:29:41,星野茶·万达店,多肉葡萄,果茶,19,1,0,19,8.0,堂食,新客,0
O12815,2026-06-28 15:18:02,星野茶·地铁口店,奥利奥奶昔,奶茶,18,2,3.6,32.4,14.0,外卖美团,非会员,0
O12816,2026-06-28 16:52:04,星野茶·万达店,生椰拿铁,咖啡,16,1,0,16,6.0,外卖美团,银卡,0
O12817,2026-06-28 19:58:31,星野茶·万达店,杨枝甘露,果茶,18,1,0,18,7.5,外卖美团,普通会员,0
O12818,2026-06-28 21:17:20,星野茶·万达店,杨枝甘露,果茶,18,1,0,18,7.5,外卖美团,普通会员,0
O12819,2026-06-28 19:56:25,星野茶·地铁口店,多肉葡萄,果茶,19,1,1.9,17.1,8.0,外卖饿了么,新客,0
O12820,2026-06-28 14:01:24,星野茶·大学城店,生椰拿铁,咖啡,16,2,3.2,28.8,12.0,外卖饿了么,银卡,0
O12821,2026-06-28 11:22:52,星野茶·大学城店,奥利奥奶昔,奶茶,18,1,0,18,7.0,外卖美团,银卡,0
O12822,2026-06-28 15:04:52,星野茶·地铁口店,奥利奥奶昔,奶茶,18,1,0,18,7.0,外卖美团,新客,0
O12823,2026-06-28 17:03:21,星野茶·万达店,杨枝甘露,果茶,18,1,1.8,16.2,7.5,外卖饿了么,普通会员,0
O12824,2026-06-28 11:11:30,星野茶·万达店,杨枝甘露,果茶,18,1,0,18,7.5,外卖饿了么,新客,0
O12825,2026-06-28 14:58:19,星野茶·地铁口店,生椰拿铁,咖啡,16,1,1.6,14.4,6.0,小程序,银卡,0
O12826,2026-06-28 11:34:55,星野茶·大学城店,美式咖啡,咖啡,11,1,1.1,9.9,3.0,外卖饿了么,非会员,0
O12827,2026-06-28 19:13:14,星野茶·地铁口店,美式咖啡,咖啡,11,1,0,11,3.0,外卖饿了么,银卡,0
O12828,2026-06-28 19:50:06,星野茶·大学城店,生椰拿铁,咖啡,16,1,0,16,6.0,外卖美团,新客,0
O12829,2026-06-28 18:57:27,星野茶·地铁口店,生椰拿铁,咖啡,16,1,1.6,14.4,6.0,外卖饿了么,银卡,0
O12830,2026-06-28 20:10:28,星野茶·大学城店,杨枝甘露,果茶,18,1,0,18,7.5,外卖美团,普通会员,0
O12831,2026-06-28 12:05:14,星野茶·大学城店,伯牙绝弦,茶底,15,1,0,15,5.5,堂食,非会员,0
O12832,2026-06-28 15:32:20,星野茶·万达店,生椰拿铁,咖啡,16,1,1.6,14.4,6.0,小程序,普通会员,0
O12833,2026-06-28 21:10:05,星野茶·万达店,芋泥波波,奶茶,17,1,0,17,6.5,小程序,新客,0
O12834,2026-06-28 11:06:41,星野茶·万达店,伯牙绝弦,茶底,15,1,1.5,13.5,5.5,堂食,银卡,0
O12835,2026-06-28 18:18:46,星野茶·万达店,芋泥波波,奶茶,17,1,0,17,6.5,外卖美团,银卡,0
O12836,2026-06-28 18:58:22,星野茶·大学城店,芋泥波波,奶茶,17,2,0,34,13.0,堂食,普通会员,0
O12837,2026-06-28 16:28:53,星野茶·大学城店,杨枝甘露,果茶,18,1,0,18,7.5,外卖饿了么,新客,0
O12838,2026-06-28 17:38:54,星野茶·万达店,芋泥波波,奶茶,17,2,3.4,30.6,13.0,堂食,银卡,0
O12839,2026-06-28 14:50:39,星野茶·万达店,杨枝甘露,果茶,18,1,0,18,7.5,外卖美团,普通会员,0
O12840,2026-06-28 14:49:34,星野茶·地铁口店,杨枝甘露,果茶,18,1,1.8,16.2,7.5,堂食,非会员,0
O12841,2026-06-28 18:11:11,星野茶·万达店,杨枝甘露,果茶,18,1,0,18,7.5,外卖美团,非会员,0
O12842,2026-06-28 17:28:03,星野茶·大学城店,生椰拿铁,咖啡,16,1,0,16,6.0,外卖饿了么,普通会员,0
O12843,2026-06-28 15:49:18,星野茶·大学城店,伯牙绝弦,茶底,15,2,3.0,27.0,11.0,小程序,金卡,0
O12844,2026-06-28 12:02:54,星野茶·万达店,杨枝甘露,果茶,18,2,0,36,15.0,外卖美团,新客,0
O12845,2026-06-28 19:47:48,星野茶·地铁口店,芋泥波波,奶茶,17,1,1.7,15.3,6.5,外卖美团,新客,0
O12846,2026-06-28 20:04:04,星野茶·地铁口店,生椰拿铁,咖啡,16,2,0,32,12.0,外卖美团,新客,0
O12847,2026-06-28 17:04:12,星野茶·大学城店,伯牙绝弦,茶底,15,1,1.5,13.5,5.5,外卖饿了么,金卡,0
O12848,2026-06-28 16:14:21,星野茶·地铁口店,伯牙绝弦,茶底,15,1,0,15,5.5,堂食,银卡,0
O12849,2026-06-28 20:45:00,星野茶·大学城店,杨枝甘露,果茶,18,1,0,18,7.5,外卖饿了么,银卡,0
O12850,2026-06-28 18:30:05,星野茶·万达店,杨枝甘露,果茶,18,1,0,18,7.5,堂食,金卡,0
O12851,2026-06-28 19:21:25,星野茶·万达店,生椰拿铁,咖啡,16,1,1.6,14.4,6.0,堂食,普通会员,0
O12852,2026-06-28 15:02:36,星野茶·万达店,杨枝甘露,果茶,18,2,0,36,15.0,外卖饿了么,金卡,0
O12853,2026-06-28 21:07:01,星野茶·大学城店,杨枝甘露,果茶,18,1,1.8,16.2,7.5,外卖美团,非会员,0
O12854,2026-06-28 15:48:33,星野茶·万达店,杨枝甘露,果茶,18,1,0,18,7.5,堂食,金卡,0
O12855,2026-06-28 13:26:59,星野茶·地铁口店,芋泥波波,奶茶,17,1,0,17,6.5,外卖美团,非会员,1
O12856,2026-06-28 19:32:47,星野茶·地铁口店,杨枝甘露,果茶,18,1,0,18,7.5,外卖美团,金卡,0
O12857,2026-06-28 20:28:39,星野茶·万达店,杨枝甘露,果茶,18,1,0,18,7.5,外卖美团,金卡,1
O12858,2026-06-28 15:10:03,星野茶·大学城店,芋泥波波,奶茶,17,1,0,17,6.5,堂食,银卡,0
O12859,2026-06-28 15:54:17,星野茶·大学城店,芋泥波波,奶茶,17,1,0,17,6.5,外卖饿了么,银卡,1
O12860,2026-06-28 12:17:22,星野茶·大学城店,多肉葡萄,果茶,19,2,0,38,16.0,外卖饿了么,新客,0
O12861,2026-06-28 21:05:24,星野茶·大学城店,伯牙绝弦,茶底,15,1,0,15,5.5,小程序,新客,0
O12862,2026-06-28 16:23:44,星野茶·大学城店,美式咖啡,咖啡,11,2,0,22,6.0,外卖饿了么,非会员,0
O12863,2026-06-29 17:33:42,星野茶·万达店,美式咖啡,咖啡,11,1,0,11,3.0,外卖美团,普通会员,0
O12864,2026-06-29 17:47:03,星野茶·万达店,伯牙绝弦,茶底,15,1,1.5,13.5,5.5,堂食,银卡,0
O12865,2026-06-29 21:33:28,星野茶·地铁口店,美式咖啡,咖啡,11,1,0,11,3.0,外卖饿了么,银卡,0
O12866,2026-06-29 13:08:41,星野茶·大学城店,生椰拿铁,咖啡,16,1,0,16,6.0,外卖美团,新客,0
O12867,2026-06-29 14:44:29,星野茶·万达店,生椰拿铁,咖啡,16,1,1.6,14.4,6.0,外卖美团,金卡,0
O12868,2026-06-29 21:35:29,星野茶·地铁口店,生椰拿铁,咖啡,16,1,0,16,6.0,外卖美团,普通会员,0
O12869,2026-06-29 15:31:47,星野茶·地铁口店,奥利奥奶昔,奶茶,18,1,0,18,7.0,外卖饿了么,金卡,0
O12870,2026-06-29 19:34:32,星野茶·万达店,杨枝甘露,果茶,18,1,0,18,7.5,小程序,非会员,0
O12871,2026-06-29 17:54:03,星野茶·万达店,奥利奥奶昔,奶茶,18,1,0,18,7.0,小程序,非会员,0
O12872,2026-06-29 19:03:44,星野茶·大学城店,伯牙绝弦,茶底,15,1,1.5,13.5,5.5,外卖美团,普通会员,0
O12873,2026-06-29 17:46:31,星野茶·地铁口店,生椰拿铁,咖啡,16,1,1.6,14.4,6.0,外卖饿了么,金卡,0
O12874,2026-06-29 13:59:54,星野茶·地铁口店,美式咖啡,咖啡,11,1,0,11,3.0,堂食,新客,0
O12875,2026-06-29 16:42:50,星野茶·大学城店,柠檬绿茶,果茶,12,1,0,12,3.5,外卖饿了么,非会员,0
O12876,2026-06-29 14:01:53,星野茶·大学城店,芋泥波波,奶茶,17,2,0,34,13.0,外卖美团,普通会员,0
O12877,2026-06-29 21:38:06,星野茶·万达店,杨枝甘露,果茶,18,1,0,18,7.5,外卖美团,金卡,0
O12878,2026-06-29 11:11:40,星野茶·地铁口店,生椰拿铁,咖啡,16,1,0,16,6.0,外卖饿了么,新客,0
O12879,2026-06-29 19:22:54,星野茶·地铁口店,生椰拿铁,咖啡,16,2,0,32,12.0,小程序,金卡,0
O12880,2026-06-29 12:48:03,星野茶·地铁口店,多肉葡萄,果茶,19,2,0,38,16.0,外卖饿了么,非会员,0
O12881,2026-06-29 20:44:39,星野茶·地铁口店,杨枝甘露,果茶,18,2,0,36,15.0,小程序,新客,0
O12882,2026-06-29 15:17:12,星野茶·地铁口店,芋泥波波,奶茶,17,1,1.7,15.3,6.5,小程序,新客,0
O12883,2026-06-29 16:02:25,星野茶·地铁口店,柠檬绿茶,果茶,12,2,0,24,7.0,外卖美团,金卡,0
O12884,2026-06-29 17:08:02,星野茶·万达店,芋泥波波,奶茶,17,1,1.7,15.3,6.5,堂食,金卡,0
O12885,2026-06-29 17:52:50,星野茶·万达店,柠檬绿茶,果茶,12,1,0,12,3.5,堂食,银卡,0
O12886,2026-06-29 15:31:23,星野茶·地铁口店,多肉葡萄,果茶,19,1,0,19,8.0,小程序,非会员,0
O12887,2026-06-29 13:04:15,星野茶·万达店,生椰拿铁,咖啡,16,1,0,16,6.0,小程序,普通会员,0
O12888,2026-06-29 18:29:11,星野茶·大学城店,芋泥波波,奶茶,17,1,0,17,6.5,外卖饿了么,普通会员,0
O12889,2026-06-29 15:31:43,星野茶·地铁口店,美式咖啡,咖啡,11,1,1.1,9.9,3.0,外卖饿了么,银卡,0
O12890,2026-06-29 20:32:54,星野茶·万达店,杨枝甘露,果茶,18,1,1.8,16.2,7.5,外卖饿了么,普通会员,0
O12891,2026-06-29 11:22:51,星野茶·地铁口店,柠檬绿茶,果茶,12,1,0,12,3.5,小程序,新客,0
O12892,2026-06-29 15:31:58,星野茶·大学城店,柠檬绿茶,果茶,12,1,0,12,3.5,外卖美团,普通会员,0
O12893,2026-06-29 17:40:41,星野茶·万达店,杨枝甘露,果茶,18,1,1.8,16.2,7.5,外卖饿了么,普通会员,0
O12894,2026-06-30 13:04:52,星野茶·地铁口店,美式咖啡,咖啡,11,1,0,11,3.0,堂食,银卡,0
O12895,2026-06-30 14:13:02,星野茶·地铁口店,芋泥波波,奶茶,17,1,1.7,15.3,6.5,外卖美团,银卡,0
O12896,2026-06-30 20:55:14,星野茶·万达店,多肉葡萄,果茶,19,1,1.9,17.1,8.0,堂食,普通会员,0
O12897,2026-06-30 21:09:06,星野茶·万达店,奥利奥奶昔,奶茶,18,2,0,36,14.0,外卖饿了么,金卡,0
O12898,2026-06-30 13:17:17,星野茶·万达店,生椰拿铁,咖啡,16,1,1.6,14.4,6.0,外卖美团,普通会员,0
O12899,2026-06-30 14:17:17,星野茶·地铁口店,芋泥波波,奶茶,17,1,0,17,6.5,外卖美团,普通会员,0
O12900,2026-06-30 11:19:36,星野茶·大学城店,伯牙绝弦,茶底,15,1,0,15,5.5,堂食,普通会员,0
O12901,2026-06-30 21:50:03,星野茶·万达店,杨枝甘露,果茶,18,2,0,36,15.0,堂食,非会员,0
O12902,2026-06-30 12:32:56,星野茶·地铁口店,多肉葡萄,果茶,19,1,0,19,8.0,小程序,银卡,0
O12903,2026-06-30 19:03:45,星野茶·地铁口店,伯牙绝弦,茶底,15,1,0,15,5.5,外卖饿了么,银卡,0
O12904,2026-06-30 21:26:41,星野茶·地铁口店,杨枝甘露,果茶,18,1,0,18,7.5,外卖美团,非会员,0
O12905,2026-06-30 16:54:55,星野茶·万达店,杨枝甘露,果茶,18,1,1.8,16.2,7.5,小程序,银卡,0
O12906,2026-06-30 16:23:30,星野茶·地铁口店,美式咖啡,咖啡,11,1,0,11,3.0,外卖饿了么,普通会员,0
O12907,2026-06-30 11:03:29,星野茶·地铁口店,柠檬绿茶,果茶,12,1,1.2,10.8,3.5,外卖饿了么,新客,0
O12908,2026-06-30 17:28:42,星野茶·万达店,杨枝甘露,果茶,18,1,0,18,7.5,小程序,非会员,0
O12909,2026-06-30 14:06:55,星野茶·大学城店,奥利奥奶昔,奶茶,18,1,1.8,16.2,7.0,堂食,普通会员,0
O12910,2026-06-30 12:33:22,星野茶·大学城店,生椰拿铁,咖啡,16,2,0,32,12.0,外卖美团,新客,0
O12911,2026-06-30 21:16:50,星野茶·地铁口店,多肉葡萄,果茶,19,1,0,19,8.0,外卖饿了么,普通会员,0
O12912,2026-06-30 15:58:34,星野茶·万达店,杨枝甘露,果茶,18,1,0,18,7.5,小程序,银卡,0
O12913,2026-06-30 12:18:27,星野茶·地铁口店,多肉葡萄,果茶,19,1,0,19,8.0,小程序,银卡,0
O12914,2026-06-30 17:29:07,星野茶·地铁口店,美式咖啡,咖啡,11,1,0,11,3.0,外卖饿了么,银卡,0
O12915,2026-06-30 16:09:07,星野茶·大学城店,柠檬绿茶,果茶,12,1,0,12,3.5,外卖美团,金卡,0
O12916,2026-06-30 16:14:36,星野茶·万达店,奥利奥奶昔,奶茶,18,1,0,18,7.0,堂食,银卡,0
O12917,2026-06-30 11:45:19,星野茶·地铁口店,杨枝甘露,果茶,18,1,0,18,7.5,堂食,银卡,0
O12918,2026-06-30 12:17:02,星野茶·万达店,芋泥波波,奶茶,17,1,0,17,6.5,外卖饿了么,普通会员,0
O12919,2026-06-30 12:14:30,星野茶·地铁口店,多肉葡萄,果茶,19,1,0,19,8.0,外卖美团,银卡,0
O12920,2026-06-30 17:02:12,星野茶·万达店,杨枝甘露,果茶,18,1,1.8,16.2,7.5,小程序,非会员,0
O12921,2026-06-30 18:46:21,星野茶·万达店,多肉葡萄,果茶,19,1,0,19,8.0,堂食,新客,0
O12922,2026-06-30 21:40:39,星野茶·万达店,生椰拿铁,咖啡,16,1,1.6,14.4,6.0,堂食,银卡,0
O12923,2026-06-30 14:02:35,星野茶·地铁口店,美式咖啡,咖啡,11,1,0,11,3.0,小程序,非会员,0
O12924,2026-06-30 13:57:41,星野茶·大学城店,杨枝甘露,果茶,18,1,0,18,7.5,堂食,新客,0
O12925,2026-06-30 17:46:44,星野茶·万达店,伯牙绝弦,茶底,15,1,1.5,13.5,5.5,堂食,新客,0
O12926,2026-06-30 20:20:16,星野茶·地铁口店,奥利奥奶昔,奶茶,18,1,1.8,16.2,7.0,堂食,非会员,0
O12927,2026-06-30 19:58:24,星野茶·地铁口店,生椰拿铁,咖啡,16,2,0,32,12.0,外卖美团,金卡,0
O12928,2026-06-30 15:39:11,星野茶·地铁口店,杨枝甘露,果茶,18,1,0,18,7.5,小程序,非会员,0
O12929,2026-06-30 20:21:51,星野茶·万达店,杨枝甘露,果茶,18,1,0,18,7.5,外卖美团,金卡,0
O12930,2026-06-30 17:08:33,星野茶·大学城店,伯牙绝弦,茶底,15,1,0,15,5.5,堂食,新客,0
O12931,2026-06-30 12:38:50,星野茶·大学城店,柠檬绿茶,果茶,12,2,0,24,7.0,小程序,金卡,0
O12932,2026-06-30 14:31:26,星野茶·地铁口店,杨枝甘露,果茶,18,1,0,18,7.5,小程序,银卡,1
O12933,2026-06-30 12:27:21,星野茶·地铁口店,伯牙绝弦,茶底,15,1,0,15,5.5,小程序,普通会员,0
O12934,2026-06-30 16:50:20,星野茶·万达店,杨枝甘露,果茶,18,2,0,36,15.0,小程序,新客,0
O12935,2026-06-30 15:04:07,星野茶·地铁口店,杨枝甘露,果茶,18,1,0,18,7.5,外卖美团,金卡,0
O12936,2026-06-30 16:44:48,星野茶·万达店,美式咖啡,咖啡,11,1,1.1,9.9,3.0,外卖饿了么,金卡,0
O12937,2026-06-30 19:13:29,星野茶·地铁口店,多肉葡萄,果茶,19,1,0,19,8.0,小程序,普通会员,0
O12938,2026-07-01 21:09:42,星野茶·万达店,伯牙绝弦,茶底,15,1,1.5,13.5,5.5,外卖美团,金卡,0
O12939,2026-07-01 12:25:00,星野茶·大学城店,生椰拿铁,咖啡,16,1,0,16,6.0,小程序,非会员,0
O12940,2026-07-01 17:56:14,星野茶·地铁口店,杨枝甘露,果茶,18,1,0,18,7.5,外卖美团,新客,0
O12941,2026-07-01 21:22:51,星野茶·万达店,美式咖啡,咖啡,11,1,0,11,3.0,堂食,新客,0
O12942,2026-07-01 20:36:12,星野茶·万达店,杨枝甘露,果茶,18,1,1.8,16.2,7.5,堂食,银卡,0
O12943,2026-07-01 20:16:45,星野茶·地铁口店,奥利奥奶昔,奶茶,18,2,0,36,14.0,外卖饿了么,新客,0
O12944,2026-07-01 11:45:18,星野茶·地铁口店,多肉葡萄,果茶,19,1,0,19,8.0,小程序,金卡,0
O12945,2026-07-01 21:40:35,星野茶·万达店,芋泥波波,奶茶,17,1,0,17,6.5,小程序,银卡,0
O12946,2026-07-01 12:28:58,星野茶·大学城店,柠檬绿茶,果茶,12,1,0,12,3.5,小程序,新客,0
O12947,2026-07-01 11:30:26,星野茶·地铁口店,伯牙绝弦,茶底,15,1,1.5,13.5,5.5,小程序,普通会员,0
O12948,2026-07-01 12:49:02,星野茶·地铁口店,多肉葡萄,果茶,19,1,1.9,17.1,8.0,外卖美团,普通会员,0
O12949,2026-07-01 14:20:32,星野茶·地铁口店,多肉葡萄,果茶,19,1,0,19,8.0,外卖饿了么,非会员,0
O12950,2026-07-01 18:24:56,星野茶·地铁口店,美式咖啡,咖啡,11,1,0,11,3.0,外卖美团,普通会员,0
O12951,2026-07-01 13:02:22,星野茶·地铁口店,生椰拿铁,咖啡,16,1,0,16,6.0,堂食,新客,0
O12952,2026-07-01 13:45:54,星野茶·地铁口店,柠檬绿茶,果茶,12,1,0,12,3.5,外卖饿了么,金卡,0
O12953,2026-07-01 16:48:03,星野茶·地铁口店,多肉葡萄,果茶,19,1,0,19,8.0,堂食,普通会员,0
O12954,2026-07-01 14:59:08,星野茶·万达店,柠檬绿茶,果茶,12,1,1.2,10.8,3.5,堂食,非会员,1
O12955,2026-07-01 20:18:30,星野茶·大学城店,美式咖啡,咖啡,11,2,0,22,6.0,堂食,金卡,0
O12956,2026-07-01 13:35:42,星野茶·大学城店,伯牙绝弦,茶底,15,1,1.5,13.5,5.5,堂食,金卡,0
O12957,2026-07-01 14:38:24,星野茶·大学城店,生椰拿铁,咖啡,16,1,1.6,14.4,6.0,堂食,普通会员,0
O12958,2026-07-01 13:01:22,星野茶·地铁口店,芋泥波波,奶茶,17,1,0,17,6.5,外卖饿了么,银卡,0
O12959,2026-07-01 19:02:02,星野茶·万达店,杨枝甘露,果茶,18,1,1.8,16.2,7.5,外卖饿了么,普通会员,0
O12960,2026-07-01 15:12:03,星野茶·万达店,杨枝甘露,果茶,18,1,1.8,16.2,7.5,外卖美团,新客,0
O12961,2026-07-01 20:11:13,星野茶·万达店,美式咖啡,咖啡,11,1,0,11,3.0,外卖美团,金卡,0
O12962,2026-07-01 13:59:03,星野茶·大学城店,奥利奥奶昔,奶茶,18,1,0,18,7.0,堂食,金卡,0
O12963,2026-07-01 13:40:44,星野茶·大学城店,奥利奥奶昔,奶茶,18,2,0,36,14.0,外卖美团,金卡,0
O12964,2026-07-01 15:24:06,星野茶·地铁口店,多肉葡萄,果茶,19,1,0,19,8.0,小程序,非会员,0
O12965,2026-07-01 17:06:52,星野茶·万达店,杨枝甘露,果茶,18,2,3.6,32.4,15.0,小程序,非会员,0
O12966,2026-07-01 15:28:56,星野茶·大学城店,多肉葡萄,果茶,19,1,0,19,8.0,堂食,金卡,0
O12967,2026-07-01 12:35:26,星野茶·大学城店,生椰拿铁,咖啡,16,1,0,16,6.0,小程序,新客,0
O12968,2026-07-01 20:13:37,星野茶·大学城店,多肉葡萄,果茶,19,1,0,19,8.0,外卖饿了么,非会员,0
O12969,2026-07-01 11:31:45,星野茶·万达店,芋泥波波,奶茶,17,2,0,34,13.0,小程序,银卡,0
O12970,2026-07-01 20:00:53,星野茶·大学城店,柠檬绿茶,果茶,12,1,0,12,3.5,外卖美团,银卡,0
O12971,2026-07-01 18:34:40,星野茶·大学城店,柠檬绿茶,果茶,12,1,0,12,3.5,小程序,金卡,0
O12972,2026-07-01 19:54:04,星野茶·万达店,生椰拿铁,咖啡,16,1,1.6,14.4,6.0,小程序,新客,0
O12973,2026-07-01 13:43:55,星野茶·万达店,生椰拿铁,咖啡,16,1,0,16,6.0,小程序,非会员,0
O12974,2026-07-01 19:19:58,星野茶·大学城店,柠檬绿茶,果茶,12,1,1.2,10.8,3.5,外卖美团,银卡,0
O12975,2026-07-01 17:15:00,星野茶·大学城店,美式咖啡,咖啡,11,1,0,11,3.0,堂食,非会员,0
O12976,2026-07-01 18:01:36,星野茶·地铁口店,美式咖啡,咖啡,11,1,0,11,3.0,小程序,新客,0
O12977,2026-07-01 15:23:15,星野茶·万达店,芋泥波波,奶茶,17,1,0,17,6.5,堂食,普通会员,0
O12978,2026-07-01 11:09:50,星野茶·万达店,伯牙绝弦,茶底,15,1,0,15,5.5,小程序,金卡,0
O12979,2026-07-01 18:55:53,星野茶·地铁口店,杨枝甘露,果茶,18,1,0,18,7.5,外卖美团,非会员,0
O12980,2026-07-01 19:05:22,星野茶·大学城店,柠檬绿茶,果茶,12,1,0,12,3.5,外卖美团,非会员,0
O12981,2026-07-01 17:08:48,星野茶·万达店,杨枝甘露,果茶,18,1,0,18,7.5,小程序,银卡,0
O12982,2026-07-01 21:17:58,星野茶·万达店,多肉葡萄,果茶,19,2,0,38,16.0,堂食,金卡,0
O12983,2026-07-01 19:32:23,星野茶·大学城店,多肉葡萄,果茶,19,1,0,19,8.0,外卖美团,新客,0
O12984,2026-07-01 15:27:42,星野茶·万达店,奥利奥奶昔,奶茶,18,1,1.8,16.2,7.0,外卖饿了么,金卡,0
O12985,2026-07-02 13:23:39,星野茶·地铁口店,芋泥波波,奶茶,17,1,1.7,15.3,6.5,堂食,普通会员,0
O12986,2026-07-02 17:50:10,星野茶·地铁口店,芋泥波波,奶茶,17,1,0,17,6.5,外卖美团,非会员,0
O12987,2026-07-02 11:18:04,星野茶·地铁口店,伯牙绝弦,茶底,15,1,0,15,5.5,外卖饿了么,普通会员,0
O12988,2026-07-02 13:58:01,星野茶·万达店,生椰拿铁,咖啡,16,1,0,16,6.0,外卖饿了么,非会员,0
O12989,2026-07-02 17:07:32,星野茶·大学城店,生椰拿铁,咖啡,16,2,3.2,28.8,12.0,外卖美团,金卡,0
O12990,2026-07-02 16:44:59,星野茶·万达店,杨枝甘露,果茶,18,2,3.6,32.4,15.0,堂食,金卡,0
O12991,2026-07-02 18:58:21,星野茶·大学城店,柠檬绿茶,果茶,12,2,0,24,7.0,小程序,金卡,0
O12992,2026-07-02 15:38:46,星野茶·地铁口店,杨枝甘露,果茶,18,1,0,18,7.5,小程序,新客,0
O12993,2026-07-02 20:56:49,星野茶·万达店,杨枝甘露,果茶,18,1,1.8,16.2,7.5,外卖饿了么,金卡,0
O12994,2026-07-02 21:26:02,星野茶·地铁口店,伯牙绝弦,茶底,15,1,0,15,5.5,外卖美团,新客,0
O12995,2026-07-02 18:46:04,星野茶·大学城店,美式咖啡,咖啡,11,1,0,11,3.0,堂食,普通会员,0
O12996,2026-07-02 11:19:56,星野茶·大学城店,芋泥波波,奶茶,17,1,0,17,6.5,外卖饿了么,金卡,1
O12997,2026-07-02 15:34:01,星野茶·万达店,杨枝甘露,果茶,18,1,0,18,7.5,堂食,新客,0
O12998,2026-07-02 16:57:12,星野茶·地铁口店,生椰拿铁,咖啡,16,1,1.6,14.4,6.0,堂食,银卡,0
O12999,2026-07-02 16:02:08,星野茶·地铁口店,杨枝甘露,果茶,18,1,0,18,7.5,小程序,普通会员,0
O13000,2026-07-02 12:17:55,星野茶·地铁口店,芋泥波波,奶茶,17,2,0,34,13.0,外卖饿了么,银卡,0
O13001,2026-07-02 14:05:35,星野茶·大学城店,奥利奥奶昔,奶茶,18,1,1.8,16.2,7.0,外卖饿了么,普通会员,0
O13002,2026-07-02 20:37:26,星野茶·大学城店,奥利奥奶昔,奶茶,18,2,0,36,14.0,堂食,金卡,0
O13003,2026-07-02 21:35:10,星野茶·大学城店,美式咖啡,咖啡,11,1,0,11,3.0,外卖饿了么,非会员,0
O13004,2026-07-02 19:54:01,星野茶·地铁口店,生椰拿铁,咖啡,16,2,3.2,28.8,12.0,外卖美团,银卡,0
O13005,2026-07-02 13:07:53,星野茶·地铁口店,生椰拿铁,咖啡,16,2,0,32,12.0,小程序,普通会员,0
O13006,2026-07-02 14:15:04,星野茶·地铁口店,美式咖啡,咖啡,11,2,0,22,6.0,小程序,新客,0
O13007,2026-07-02 13:13:19,星野茶·大学城店,奥利奥奶昔,奶茶,18,1,0,18,7.0,小程序,新客,0
O13008,2026-07-02 14:55:19,星野茶·万达店,芋泥波波,奶茶,17,2,0,34,13.0,外卖美团,金卡,0
O13009,2026-07-02 19:14:32,星野茶·万达店,杨枝甘露,果茶,18,1,0,18,7.5,外卖饿了么,银卡,0
O13010,2026-07-02 13:55:02,星野茶·大学城店,生椰拿铁,咖啡,16,1,1.6,14.4,6.0,外卖美团,金卡,0
O13011,2026-07-02 19:22:25,星野茶·地铁口店,生椰拿铁,咖啡,16,1,0,16,6.0,外卖饿了么,非会员,0
O13012,2026-07-02 14:08:47,星野茶·万达店,多肉葡萄,果茶,19,1,0,19,8.0,外卖美团,金卡,0
O13013,2026-07-02 12:42:15,星野茶·地铁口店,美式咖啡,咖啡,11,1,0,11,3.0,堂食,非会员,0
O13014,2026-07-02 11:23:58,星野茶·万达店,美式咖啡,咖啡,11,1,0,11,3.0,外卖美团,新客,0
O13015,2026-07-02 19:33:33,星野茶·地铁口店,生椰拿铁,咖啡,16,1,0,16,6.0,小程序,普通会员,0
O13016,2026-07-02 18:07:04,星野茶·万达店,生椰拿铁,咖啡,16,1,0,16,6.0,外卖美团,新客,0
O13017,2026-07-02 20:22:20,星野茶·万达店,柠檬绿茶,果茶,12,1,0,12,3.5,堂食,新客,0
O13018,2026-07-02 16:26:54,星野茶·万达店,伯牙绝弦,茶底,15,1,1.5,13.5,5.5,外卖饿了么,非会员,0
O13019,2026-07-02 14:15:02,星野茶·地铁口店,杨枝甘露,果茶,18,1,1.8,16.2,7.5,外卖饿了么,金卡,0
O13020,2026-07-02 20:31:12,星野茶·万达店,生椰拿铁,咖啡,16,1,0,16,6.0,堂食,新客,0
O13021,2026-07-02 12:33:00,星野茶·万达店,生椰拿铁,咖啡,16,2,3.2,28.8,12.0,外卖美团,非会员,0
O13022,2026-07-02 11:43:31,星野茶·万达店,奥利奥奶昔,奶茶,18,1,1.8,16.2,7.0,小程序,新客,0
O13023,2026-07-02 13:07:55,星野茶·万达店,芋泥波波,奶茶,17,1,1.7,15.3,6.5,堂食,普通会员,0
O13024,2026-07-02 19:13:03,星野茶·万达店,杨枝甘露,果茶,18,1,0,18,7.5,外卖美团,新客,0
O13025,2026-07-02 20:44:52,星野茶·大学城店,杨枝甘露,果茶,18,2,0,36,15.0,外卖美团,非会员,0
O13026,2026-07-02 19:23:06,星野茶·地铁口店,多肉葡萄,果茶,19,1,0,19,8.0,外卖美团,银卡,0
O13027,2026-07-02 14:31:46,星野茶·地铁口店,杨枝甘露,果茶,18,1,0,18,7.5,外卖美团,金卡,0
O13028,2026-07-02 15:45:32,星野茶·大学城店,美式咖啡,咖啡,11,1,0,11,3.0,小程序,新客,0
O13029,2026-07-02 14:56:05,星野茶·大学城店,多肉葡萄,果茶,19,2,3.8,34.2,16.0,外卖美团,银卡,0
O13030,2026-07-02 11:23:40,星野茶·大学城店,美式咖啡,咖啡,11,1,0,11,3.0,堂食,普通会员,0
O13031,2026-07-02 11:23:13,星野茶·万达店,伯牙绝弦,茶底,15,1,0,15,5.5,外卖饿了么,非会员,0
O13032,2026-07-02 21:18:42,星野茶·万达店,生椰拿铁,咖啡,16,1,1.6,14.4,6.0,外卖饿了么,普通会员,0
O13033,2026-07-02 19:21:25,星野茶·万达店,柠檬绿茶,果茶,12,1,0,12,3.5,堂食,银卡,0
O13034,2026-07-03 21:56:31,星野茶·万达店,杨枝甘露,果茶,18,1,0,18,7.5,堂食,非会员,0
O13035,2026-07-03 19:25:07,星野茶·大学城店,伯牙绝弦,茶底,15,1,0,15,5.5,外卖美团,新客,1
O13036,2026-07-03 16:13:28,星野茶·大学城店,美式咖啡,咖啡,11,1,0,11,3.0,外卖美团,银卡,0
O13037,2026-07-03 16:56:44,星野茶·地铁口店,杨枝甘露,果茶,18,1,1.8,16.2,7.5,外卖美团,普通会员,0
O13038,2026-07-03 16:09:22,星野茶·万达店,杨枝甘露,果茶,18,1,1.8,16.2,7.5,外卖饿了么,金卡,0
O13039,2026-07-03 13:08:24,星野茶·地铁口店,多肉葡萄,果茶,19,1,0,19,8.0,外卖美团,非会员,0
O13040,2026-07-03 12:14:18,星野茶·地铁口店,美式咖啡,咖啡,11,1,0,11,3.0,堂食,金卡,0
O13041,2026-07-03 20:12:23,星野茶·大学城店,生椰拿铁,咖啡,16,1,0,16,6.0,外卖饿了么,金卡,0
O13042,2026-07-03 16:52:54,星野茶·万达店,杨枝甘露,果茶,18,1,0,18,7.5,小程序,普通会员,0
O13043,2026-07-03 15:42:15,星野茶·大学城店,伯牙绝弦,茶底,15,2,0,30,11.0,外卖美团,非会员,0
O13044,2026-07-03 21:45:04,星野茶·地铁口店,杨枝甘露,果茶,18,1,1.8,16.2,7.5,外卖饿了么,新客,0
O13045,2026-07-03 14:29:10,星野茶·万达店,奥利奥奶昔,奶茶,18,1,0,18,7.0,堂食,金卡,0
O13046,2026-07-03 11:03:43,星野茶·地铁口店,多肉葡萄,果茶,19,1,1.9,17.1,8.0,小程序,金卡,0
O13047,2026-07-03 17:45:54,星野茶·万达店,杨枝甘露,果茶,18,1,0,18,7.5,堂食,新客,0
O13048,2026-07-03 20:14:21,星野茶·地铁口店,伯牙绝弦,茶底,15,1,0,15,5.5,外卖美团,新客,0
O13049,2026-07-03 16:34:08,星野茶·万达店,生椰拿铁,咖啡,16,2,0,32,12.0,堂食,非会员,0
O13050,2026-07-03 16:12:55,星野茶·地铁口店,奥利奥奶昔,奶茶,18,1,1.8,16.2,7.0,堂食,非会员,0
O13051,2026-07-03 17:27:46,星野茶·地铁口店,奥利奥奶昔,奶茶,18,2,3.6,32.4,14.0,外卖美团,普通会员,0
O13052,2026-07-03 21:57:28,星野茶·万达店,杨枝甘露,果茶,18,1,0,18,7.5,小程序,非会员,0
O13053,2026-07-03 17:59:14,星野茶·地铁口店,生椰拿铁,咖啡,16,1,0,16,6.0,小程序,非会员,0
O13054,2026-07-03 14:54:15,星野茶·地铁口店,柠檬绿茶,果茶,12,2,0,24,7.0,外卖饿了么,普通会员,0
O13055,2026-07-03 16:34:08,星野茶·大学城店,多肉葡萄,果茶,19,1,0,19,8.0,外卖美团,银卡,0
O13056,2026-07-03 17:22:27,星野茶·地铁口店,伯牙绝弦,茶底,15,1,0,15,5.5,外卖饿了么,银卡,0
O13057,2026-07-03 17:13:42,星野茶·地铁口店,伯牙绝弦,茶底,15,1,0,15,5.5,小程序,新客,0
O13058,2026-07-03 16:24:46,星野茶·地铁口店,芋泥波波,奶茶,17,1,0,17,6.5,堂食,普通会员,0
O13059,2026-07-03 18:48:38,星野茶·地铁口店,柠檬绿茶,果茶,12,1,0,12,3.5,外卖饿了么,银卡,0
O13060,2026-07-03 14:59:21,星野茶·大学城店,柠檬绿茶,果茶,12,1,0,12,3.5,小程序,新客,0
O13061,2026-07-03 19:10:52,星野茶·地铁口店,柠檬绿茶,果茶,12,1,0,12,3.5,外卖饿了么,新客,0
O13062,2026-07-03 12:25:22,星野茶·万达店,伯牙绝弦,茶底,15,1,0,15,5.5,外卖美团,非会员,0
O13063,2026-07-03 18:51:59,星野茶·万达店,奥利奥奶昔,奶茶,18,1,1.8,16.2,7.0,外卖饿了么,新客,0
O13064,2026-07-03 15:48:41,星野茶·大学城店,杨枝甘露,果茶,18,1,0,18,7.5,小程序,非会员,0
O13065,2026-07-03 18:23:10,星野茶·大学城店,柠檬绿茶,果茶,12,1,0,12,3.5,外卖饿了么,新客,0
O13066,2026-07-03 21:13:45,星野茶·万达店,杨枝甘露,果茶,18,1,0,18,7.5,小程序,新客,0
O13067,2026-07-03 20:59:05,星野茶·万达店,柠檬绿茶,果茶,12,1,1.2,10.8,3.5,堂食,新客,0
O13068,2026-07-03 16:44:37,星野茶·地铁口店,芋泥波波,奶茶,17,1,1.7,15.3,6.5,外卖饿了么,普通会员,0
O13069,2026-07-03 17:54:24,星野茶·大学城店,杨枝甘露,果茶,18,1,1.8,16.2,7.5,堂食,银卡,0
O13070,2026-07-03 18:12:20,星野茶·万达店,柠檬绿茶,果茶,12,1,0,12,3.5,外卖美团,银卡,0
O13071,2026-07-03 15:31:39,星野茶·大学城店,芋泥波波,奶茶,17,1,0,17,6.5,堂食,新客,0
O13072,2026-07-03 15:46:26,星野茶·大学城店,伯牙绝弦,茶底,15,1,0,15,5.5,堂食,金卡,0
O13073,2026-07-03 12:53:30,星野茶·万达店,芋泥波波,奶茶,17,1,0,17,6.5,堂食,金卡,0
O13074,2026-07-03 12:24:24,星野茶·大学城店,伯牙绝弦,茶底,15,1,0,15,5.5,小程序,银卡,0
O13075,2026-07-03 15:29:47,星野茶·大学城店,芋泥波波,奶茶,17,1,0,17,6.5,小程序,普通会员,0
O13076,2026-07-03 14:45:06,星野茶·大学城店,美式咖啡,咖啡,11,1,0,11,3.0,堂食,新客,0
O13077,2026-07-03 12:36:08,星野茶·万达店,美式咖啡,咖啡,11,1,0,11,3.0,外卖饿了么,金卡,0
O13078,2026-07-03 13:33:16,星野茶·万达店,芋泥波波,奶茶,17,2,3.4,30.6,13.0,外卖美团,金卡,0
O13079,2026-07-03 17:31:49,星野茶·万达店,杨枝甘露,果茶,18,1,1.8,16.2,7.5,外卖饿了么,普通会员,0
O13080,2026-07-04 20:50:35,星野茶·万达店,多肉葡萄,果茶,19,1,0,19,8.0,外卖美团,金卡,0
O13081,2026-07-04 14:53:19,星野茶·地铁口店,多肉葡萄,果茶,19,1,1.9,17.1,8.0,外卖美团,非会员,0
O13082,2026-07-04 21:36:24,星野茶·地铁口店,杨枝甘露,果茶,18,1,1.8,16.2,7.5,小程序,非会员,0
O13083,2026-07-04 18:31:06,星野茶·地铁口店,伯牙绝弦,茶底,15,1,0,15,5.5,堂食,金卡,0
O13084,2026-07-04 12:35:52,星野茶·万达店,美式咖啡,咖啡,11,2,0,22,6.0,小程序,银卡,0
O13085,2026-07-04 17:24:43,星野茶·万达店,美式咖啡,咖啡,11,1,1.1,9.9,3.0,外卖饿了么,银卡,0
O13086,2026-07-04 13:06:34,星野茶·地铁口店,美式咖啡,咖啡,11,1,0,11,3.0,小程序,非会员,0
O13087,2026-07-04 16:14:33,星野茶·大学城店,伯牙绝弦,茶底,15,1,0,15,5.5,外卖美团,银卡,0
O13088,2026-07-04 16:15:42,星野茶·万达店,美式咖啡,咖啡,11,2,0,22,6.0,堂食,普通会员,0
O13089,2026-07-04 21:24:47,星野茶·大学城店,芋泥波波,奶茶,17,1,1.7,15.3,6.5,外卖美团,新客,0
O13090,2026-07-04 17:34:20,星野茶·大学城店,生椰拿铁,咖啡,16,1,0,16,6.0,外卖美团,金卡,0
O13091,2026-07-04 18:07:52,星野茶·地铁口店,芋泥波波,奶茶,17,1,0,17,6.5,堂食,新客,0
O13092,2026-07-04 14:07:30,星野茶·万达店,杨枝甘露,果茶,18,1,1.8,16.2,7.5,外卖美团,普通会员,0
O13093,2026-07-04 11:44:45,星野茶·地铁口店,生椰拿铁,咖啡,16,1,0,16,6.0,堂食,非会员,0
O13094,2026-07-04 15:46:12,星野茶·地铁口店,柠檬绿茶,果茶,12,1,0,12,3.5,小程序,新客,0
O13095,2026-07-04 18:56:15,星野茶·大学城店,伯牙绝弦,茶底,15,1,1.5,13.5,5.5,外卖美团,非会员,0
O13096,2026-07-04 20:04:54,星野茶·地铁口店,伯牙绝弦,茶底,15,2,0,30,11.0,堂食,金卡,0
O13097,2026-07-04 17:15:09,星野茶·万达店,柠檬绿茶,果茶,12,1,0,12,3.5,外卖美团,普通会员,0
O13098,2026-07-04 17:13:26,星野茶·万达店,奥利奥奶昔,奶茶,18,1,0,18,7.0,外卖饿了么,金卡,0
O13099,2026-07-04 17:23:57,星野茶·大学城店,美式咖啡,咖啡,11,1,0,11,3.0,外卖饿了么,新客,0
O13100,2026-07-04 21:08:18,星野茶·万达店,奥利奥奶昔,奶茶,18,1,0,18,7.0,小程序,金卡,0
O13101,2026-07-04 15:47:42,星野茶·大学城店,奥利奥奶昔,奶茶,18,2,3.6,32.4,14.0,堂食,新客,0
O13102,2026-07-04 17:42:57,星野茶·地铁口店,生椰拿铁,咖啡,16,1,0,16,6.0,小程序,新客,0
O13103,2026-07-04 18:26:25,星野茶·大学城店,多肉葡萄,果茶,19,1,0,19,8.0,堂食,普通会员,0
O13104,2026-07-04 21:16:22,星野茶·地铁口店,杨枝甘露,果茶,18,1,0,18,7.5,外卖美团,银卡,0
O13105,2026-07-04 15:23:33,星野茶·万达店,柠檬绿茶,果茶,12,1,0,12,3.5,堂食,非会员,0
O13106,2026-07-04 16:24:11,星野茶·大学城店,奥利奥奶昔,奶茶,18,2,0,36,14.0,小程序,新客,0
O13107,2026-07-04 13:53:34,星野茶·地铁口店,伯牙绝弦,茶底,15,1,0,15,5.5,外卖饿了么,银卡,0
O13108,2026-07-04 19:58:27,星野茶·万达店,杨枝甘露,果茶,18,2,3.6,32.4,15.0,小程序,普通会员,0
O13109,2026-07-04 18:12:52,星野茶·万达店,芋泥波波,奶茶,17,2,0,34,13.0,堂食,非会员,0
O13110,2026-07-04 19:00:57,星野茶·地铁口店,芋泥波波,奶茶,17,1,0,17,6.5,外卖美团,新客,0
O13111,2026-07-04 18:38:19,星野茶·地铁口店,杨枝甘露,果茶,18,1,1.8,16.2,7.5,堂食,普通会员,0
O13112,2026-07-04 21:10:53,星野茶·万达店,多肉葡萄,果茶,19,1,0,19,8.0,堂食,普通会员,0
O13113,2026-07-04 16:17:07,星野茶·地铁口店,美式咖啡,咖啡,11,2,0,22,6.0,小程序,普通会员,0
O13114,2026-07-04 20:27:50,星野茶·地铁口店,美式咖啡,咖啡,11,1,1.1,9.9,3.0,外卖美团,新客,0
O13115,2026-07-04 20:17:09,星野茶·万达店,杨枝甘露,果茶,18,1,1.8,16.2,7.5,小程序,银卡,0
O13116,2026-07-04 16:17:50,星野茶·地铁口店,柠檬绿茶,果茶,12,1,0,12,3.5,外卖饿了么,普通会员,0
O13117,2026-07-04 17:29:26,星野茶·万达店,奥利奥奶昔,奶茶,18,1,0,18,7.0,堂食,非会员,0
O13118,2026-07-04 18:17:56,星野茶·地铁口店,柠檬绿茶,果茶,12,1,1.2,10.8,3.5,外卖饿了么,金卡,0
O13119,2026-07-04 18:02:10,星野茶·地铁口店,奥利奥奶昔,奶茶,18,1,0,18,7.0,堂食,非会员,0
O13120,2026-07-04 11:21:05,星野茶·万达店,多肉葡萄,果茶,19,1,1.9,17.1,8.0,小程序,金卡,0
O13121,2026-07-04 19:49:44,星野茶·万达店,美式咖啡,咖啡,11,1,0,11,3.0,外卖美团,新客,0
O13122,2026-07-04 12:58:33,星野茶·万达店,奥利奥奶昔,奶茶,18,1,0,18,7.0,小程序,普通会员,0
O13123,2026-07-04 12:31:02,星野茶·大学城店,美式咖啡,咖啡,11,1,0,11,3.0,堂食,金卡,0
O13124,2026-07-04 14:12:54,星野茶·大学城店,多肉葡萄,果茶,19,1,0,19,8.0,外卖美团,金卡,0
O13125,2026-07-04 14:40:25,星野茶·万达店,杨枝甘露,果茶,18,2,0,36,15.0,小程序,普通会员,1
O13126,2026-07-04 21:13:58,星野茶·地铁口店,芋泥波波,奶茶,17,1,0,17,6.5,小程序,非会员,0
O13127,2026-07-05 15:51:06,星野茶·地铁口店,杨枝甘露,果茶,18,1,0,18,7.5,外卖美团,普通会员,0
O13128,2026-07-05 19:05:01,星野茶·大学城店,奥利奥奶昔,奶茶,18,2,0,36,14.0,外卖美团,非会员,0
O13129,2026-07-05 11:30:58,星野茶·地铁口店,柠檬绿茶,果茶,12,1,0,12,3.5,外卖美团,普通会员,0
O13130,2026-07-05 17:11:02,星野茶·大学城店,杨枝甘露,果茶,18,1,0,18,7.5,小程序,非会员,0
O13131,2026-07-05 12:40:44,星野茶·大学城店,生椰拿铁,咖啡,16,1,0,16,6.0,堂食,非会员,0
O13132,2026-07-05 12:23:19,星野茶·大学城店,伯牙绝弦,茶底,15,1,0,15,5.5,堂食,新客,0
O13133,2026-07-05 16:04:29,星野茶·地铁口店,芋泥波波,奶茶,17,2,3.4,30.6,13.0,外卖美团,金卡,0
O13134,2026-07-05 15:27:33,星野茶·大学城店,奥利奥奶昔,奶茶,18,1,0,18,7.0,堂食,新客,0
O13135,2026-07-05 15:33:33,星野茶·大学城店,杨枝甘露,果茶,18,1,1.8,16.2,7.5,外卖饿了么,金卡,0
O13136,2026-07-05 13:04:50,星野茶·万达店,芋泥波波,奶茶,17,2,3.4,30.6,13.0,堂食,银卡,0
O13137,2026-07-05 14:11:23,星野茶·大学城店,多肉葡萄,果茶,19,1,0,19,8.0,小程序,普通会员,0
O13138,2026-07-05 14:31:55,星野茶·地铁口店,芋泥波波,奶茶,17,1,0,17,6.5,小程序,金卡,0
O13139,2026-07-05 17:56:09,星野茶·大学城店,柠檬绿茶,果茶,12,1,0,12,3.5,小程序,普通会员,0
O13140,2026-07-05 12:07:36,星野茶·地铁口店,多肉葡萄,果茶,19,1,0,19,8.0,外卖美团,非会员,0
O13141,2026-07-05 12:00:52,星野茶·万达店,柠檬绿茶,果茶,12,1,0,12,3.5,小程序,银卡,0
O13142,2026-07-05 15:31:16,星野茶·万达店,奥利奥奶昔,奶茶,18,1,0,18,7.0,外卖饿了么,普通会员,0
O13143,2026-07-05 19:34:49,星野茶·万达店,杨枝甘露,果茶,18,1,1.8,16.2,7.5,堂食,新客,0
O13144,2026-07-05 13:23:26,星野茶·地铁口店,杨枝甘露,果茶,18,1,0,18,7.5,外卖美团,新客,0
O13145,2026-07-05 19:41:23,星野茶·大学城店,美式咖啡,咖啡,11,1,0,11,3.0,外卖饿了么,金卡,0
O13146,2026-07-05 20:54:32,星野茶·地铁口店,杨枝甘露,果茶,18,1,1.8,16.2,7.5,小程序,银卡,0
O13147,2026-07-05 20:18:54,星野茶·地铁口店,多肉葡萄,果茶,19,1,0,19,8.0,小程序,银卡,0
O13148,2026-07-05 11:58:13,星野茶·万达店,杨枝甘露,果茶,18,1,0,18,7.5,外卖饿了么,金卡,0
O13149,2026-07-05 18:49:43,星野茶·大学城店,杨枝甘露,果茶,18,1,0,18,7.5,外卖美团,新客,0
O13150,2026-07-05 14:06:09,星野茶·地铁口店,柠檬绿茶,果茶,12,1,0,12,3.5,外卖美团,新客,0
O13151,2026-07-05 16:59:29,星野茶·万达店,奥利奥奶昔,奶茶,18,2,0,36,14.0,外卖饿了么,非会员,0
O13152,2026-07-05 17:02:22,星野茶·大学城店,美式咖啡,咖啡,11,1,1.1,9.9,3.0,小程序,金卡,0
O13153,2026-07-05 17:07:06,星野茶·地铁口店,生椰拿铁,咖啡,16,1,1.6,14.4,6.0,外卖美团,金卡,0
O13154,2026-07-05 16:22:04,星野茶·地铁口店,美式咖啡,咖啡,11,2,0,22,6.0,外卖饿了么,新客,0
O13155,2026-07-05 16:33:48,星野茶·地铁口店,杨枝甘露,果茶,18,1,0,18,7.5,外卖美团,银卡,0
O13156,2026-07-05 14:19:39,星野茶·地铁口店,生椰拿铁,咖啡,16,1,0,16,6.0,外卖饿了么,普通会员,0
O13157,2026-07-05 16:46:50,星野茶·地铁口店,美式咖啡,咖啡,11,1,0,11,3.0,堂食,非会员,0
O13158,2026-07-05 12:30:31,星野茶·地铁口店,生椰拿铁,咖啡,16,1,0,16,6.0,外卖美团,金卡,0
O13159,2026-07-05 21:33:36,星野茶·万达店,美式咖啡,咖啡,11,2,0,22,6.0,外卖美团,新客,0
O13160,2026-07-05 16:56:30,星野茶·大学城店,芋泥波波,奶茶,17,1,0,17,6.5,外卖饿了么,银卡,0
O13161,2026-07-05 19:22:44,星野茶·大学城店,芋泥波波,奶茶,17,2,0,34,13.0,外卖美团,普通会员,0
O13162,2026-07-05 18:36:51,星野茶·万达店,杨枝甘露,果茶,18,1,1.8,16.2,7.5,小程序,新客,0
O13163,2026-07-05 20:30:02,星野茶·大学城店,伯牙绝弦,茶底,15,1,0,15,5.5,小程序,新客,0
O13164,2026-07-05 19:51:45,星野茶·万达店,伯牙绝弦,茶底,15,1,0,15,5.5,外卖美团,普通会员,0
O13165,2026-07-05 11:29:28,星野茶·大学城店,多肉葡萄,果茶,19,1,0,19,8.0,小程序,普通会员,0
O13166,2026-07-05 19:26:08,星野茶·大学城店,美式咖啡,咖啡,11,1,0,11,3.0,堂食,非会员,0
O13167,2026-07-05 11:40:56,星野茶·万达店,杨枝甘露,果茶,18,2,3.6,32.4,15.0,堂食,非会员,0
O13168,2026-07-05 16:31:17,星野茶·大学城店,奥利奥奶昔,奶茶,18,1,1.8,16.2,7.0,小程序,普通会员,0
O13169,2026-07-05 15:41:22,星野茶·大学城店,柠檬绿茶,果茶,12,1,0,12,3.5,外卖饿了么,新客,0
O13170,2026-07-05 14:10:38,星野茶·大学城店,多肉葡萄,果茶,19,2,0,38,16.0,小程序,新客,0
O13171,2026-07-05 12:20:22,星野茶·大学城店,柠檬绿茶,果茶,12,1,0,12,3.5,外卖美团,银卡,0
O13172,2026-07-05 16:30:23,星野茶·大学城店,杨枝甘露,果茶,18,2,0,36,15.0,外卖饿了么,银卡,0
O13173,2026-07-05 11:01:24,星野茶·大学城店,柠檬绿茶,果茶,12,1,0,12,3.5,外卖饿了么,金卡,0
O13174,2026-07-05 11:09:37,星野茶·万达店,美式咖啡,咖啡,11,2,0,22,6.0,小程序,新客,0
O13175,2026-07-05 14:16:23,星野茶·地铁口店,多肉葡萄,果茶,19,1,0,19,8.0,小程序,银卡,0
O13176,2026-07-05 18:58:14,星野茶·万达店,杨枝甘露,果茶,18,1,1.8,16.2,7.5,小程序,新客,0
O13177,2026-07-05 19:46:44,星野茶·大学城店,杨枝甘露,果茶,18,1,0,18,7.5,堂食,新客,0
O13178,2026-07-05 11:24:37,星野茶·大学城店,奥利奥奶昔,奶茶,18,1,0,18,7.0,外卖美团,金卡,0
O13179,2026-07-05 16:45:26,星野茶·大学城店,芋泥波波,奶茶,17,2,0,34,13.0,堂食,金卡,0
O13180,2026-07-05 12:34:14,星野茶·大学城店,奥利奥奶昔,奶茶,18,2,0,36,14.0,外卖美团,银卡,0
O13181,2026-07-06 18:41:04,星野茶·地铁口店,柠檬绿茶,果茶,12,1,0,12,3.5,堂食,银卡,0
O13182,2026-07-06 19:09:42,星野茶·地铁口店,杨枝甘露,果茶,18,1,0,18,7.5,外卖饿了么,非会员,0
O13183,2026-07-06 21:56:24,星野茶·大学城店,奥利奥奶昔,奶茶,18,1,0,18,7.0,外卖美团,银卡,0
O13184,2026-07-06 14:50:07,星野茶·万达店,柠檬绿茶,果茶,12,1,0,12,3.5,堂食,新客,0
O13185,2026-07-06 13:06:38,星野茶·万达店,奥利奥奶昔,奶茶,18,1,1.8,16.2,7.0,外卖饿了么,银卡,0
O13186,2026-07-06 13:25:11,星野茶·万达店,杨枝甘露,果茶,18,1,1.8,16.2,7.5,外卖饿了么,银卡,0
O13187,2026-07-06 12:22:16,星野茶·地铁口店,伯牙绝弦,茶底,15,1,0,15,5.5,外卖饿了么,非会员,0
O13188,2026-07-06 20:06:15,星野茶·地铁口店,柠檬绿茶,果茶,12,1,0,12,3.5,堂食,普通会员,0
O13189,2026-07-06 13:52:07,星野茶·大学城店,美式咖啡,咖啡,11,1,0,11,3.0,外卖美团,金卡,0
O13190,2026-07-06 11:27:56,星野茶·地铁口店,伯牙绝弦,茶底,15,1,1.5,13.5,5.5,外卖美团,银卡,0
O13191,2026-07-06 19:32:24,星野茶·大学城店,伯牙绝弦,茶底,15,1,0,15,5.5,外卖美团,非会员,0
O13192,2026-07-06 16:59:53,星野茶·地铁口店,美式咖啡,咖啡,11,1,0,11,3.0,外卖美团,普通会员,0
O13193,2026-07-06 16:16:18,星野茶·万达店,奥利奥奶昔,奶茶,18,1,1.8,16.2,7.0,小程序,金卡,0
O13194,2026-07-06 19:51:02,星野茶·地铁口店,芋泥波波,奶茶,17,1,0,17,6.5,外卖美团,新客,0
O13195,2026-07-06 15:36:45,星野茶·万达店,多肉葡萄,果茶,19,1,1.9,17.1,8.0,外卖饿了么,普通会员,0
O13196,2026-07-06 18:55:25,星野茶·大学城店,多肉葡萄,果茶,19,1,0,19,8.0,外卖美团,金卡,0
O13197,2026-07-06 21:31:56,星野茶·万达店,杨枝甘露,果茶,18,1,0,18,7.5,外卖饿了么,普通会员,0
O13198,2026-07-06 16:54:30,星野茶·大学城店,伯牙绝弦,茶底,15,2,0,30,11.0,外卖饿了么,银卡,0
O13199,2026-07-06 21:05:29,星野茶·万达店,杨枝甘露,果茶,18,2,0,36,15.0,外卖饿了么,非会员,0
O13200,2026-07-06 19:03:24,星野茶·万达店,芋泥波波,奶茶,17,1,0,17,6.5,外卖美团,非会员,0
O13201,2026-07-06 20:30:49,星野茶·万达店,杨枝甘露,果茶,18,1,0,18,7.5,小程序,新客,0
O13202,2026-07-06 15:08:35,星野茶·地铁口店,柠檬绿茶,果茶,12,2,0,24,7.0,外卖美团,普通会员,0
O13203,2026-07-06 16:06:54,星野茶·万达店,伯牙绝弦,茶底,15,1,0,15,5.5,小程序,银卡,0
O13204,2026-07-06 18:21:35,星野茶·万达店,奥利奥奶昔,奶茶,18,1,0,18,7.0,外卖美团,银卡,0
O13205,2026-07-06 14:18:11,星野茶·大学城店,生椰拿铁,咖啡,16,1,1.6,14.4,6.0,外卖饿了么,非会员,1
O13206,2026-07-06 19:13:41,星野茶·大学城店,美式咖啡,咖啡,11,1,0,11,3.0,外卖饿了么,金卡,0
O13207,2026-07-06 15:00:14,星野茶·地铁口店,柠檬绿茶,果茶,12,1,1.2,10.8,3.5,外卖饿了么,普通会员,0
O13208,2026-07-06 21:42:03,星野茶·万达店,伯牙绝弦,茶底,15,1,0,15,5.5,外卖美团,金卡,0
O13209,2026-07-06 20:38:00,星野茶·万达店,柠檬绿茶,果茶,12,1,0,12,3.5,外卖饿了么,银卡,0
O13210,2026-07-06 11:31:02,星野茶·大学城店,柠檬绿茶,果茶,12,2,0,24,7.0,外卖饿了么,新客,0
O13211,2026-07-06 14:02:50,星野茶·大学城店,芋泥波波,奶茶,17,1,1.7,15.3,6.5,外卖饿了么,银卡,0
O13212,2026-07-06 19:25:43,星野茶·地铁口店,奥利奥奶昔,奶茶,18,1,0,18,7.0,外卖饿了么,普通会员,0
O13213,2026-07-06 20:31:30,星野茶·万达店,多肉葡萄,果茶,19,1,0,19,8.0,外卖美团,金卡,0
O13214,2026-07-06 21:35:45,星野茶·万达店,杨枝甘露,果茶,18,1,0,18,7.5,外卖饿了么,非会员,0
O13215,2026-07-06 17:26:47,星野茶·万达店,杨枝甘露,果茶,18,1,0,18,7.5,外卖美团,非会员,0
O13216,2026-07-06 14:28:32,星野茶·万达店,生椰拿铁,咖啡,16,1,0,16,6.0,外卖美团,非会员,0
O13217,2026-07-06 12:07:59,星野茶·地铁口店,奥利奥奶昔,奶茶,18,2,0,36,14.0,外卖美团,新客,0
O13218,2026-07-06 11:16:44,星野茶·大学城店,伯牙绝弦,茶底,15,1,0,15,5.5,堂食,新客,1
O13219,2026-07-06 19:40:22,星野茶·地铁口店,杨枝甘露,果茶,18,1,1.8,16.2,7.5,外卖美团,普通会员,0
O13220,2026-07-06 17:47:45,星野茶·大学城店,多肉葡萄,果茶,19,1,1.9,17.1,8.0,外卖饿了么,普通会员,0
O13221,2026-07-06 20:55:46,星野茶·大学城店,芋泥波波,奶茶,17,1,0,17,6.5,小程序,金卡,0
O13222,2026-07-06 17:14:24,星野茶·万达店,杨枝甘露,果茶,18,1,1.8,16.2,7.5,外卖饿了么,银卡,0
O13223,2026-07-07 13:06:35,星野茶·地铁口店,生椰拿铁,咖啡,16,1,1.6,14.4,6.0,小程序,非会员,0
O13224,2026-07-07 16:02:08,星野茶·地铁口店,芋泥波波,奶茶,17,1,1.7,15.3,6.5,外卖饿了么,金卡,0
O13225,2026-07-07 13:56:07,星野茶·万达店,奥利奥奶昔,奶茶,18,2,0,36,14.0,外卖美团,银卡,0
O13226,2026-07-07 14:33:16,星野茶·万达店,奥利奥奶昔,奶茶,18,1,1.8,16.2,7.0,外卖饿了么,金卡,0
O13227,2026-07-07 16:59:03,星野茶·地铁口店,奥利奥奶昔,奶茶,18,1,0,18,7.0,小程序,普通会员,0
O13228,2026-07-07 12:15:47,星野茶·万达店,柠檬绿茶,果茶,12,1,0,12,3.5,外卖美团,金卡,0
O13229,2026-07-07 18:30:29,星野茶·大学城店,伯牙绝弦,茶底,15,1,0,15,5.5,外卖饿了么,非会员,0
O13230,2026-07-07 11:38:59,星野茶·地铁口店,伯牙绝弦,茶底,15,1,0,15,5.5,外卖美团,新客,0
O13231,2026-07-07 15:45:22,星野茶·大学城店,杨枝甘露,果茶,18,1,0,18,7.5,外卖饿了么,非会员,0
O13232,2026-07-07 12:09:02,星野茶·大学城店,美式咖啡,咖啡,11,1,0,11,3.0,堂食,普通会员,0
O13233,2026-07-07 21:56:51,星野茶·地铁口店,芋泥波波,奶茶,17,2,0,34,13.0,外卖美团,金卡,0
O13234,2026-07-07 19:05:09,星野茶·大学城店,生椰拿铁,咖啡,16,1,0,16,6.0,小程序,非会员,0
O13235,2026-07-07 11:24:52,星野茶·万达店,生椰拿铁,咖啡,16,2,0,32,12.0,小程序,银卡,0
O13236,2026-07-07 13:04:42,星野茶·万达店,奥利奥奶昔,奶茶,18,1,0,18,7.0,外卖饿了么,银卡,0
O13237,2026-07-07 15:42:44,星野茶·大学城店,芋泥波波,奶茶,17,2,0,34,13.0,堂食,金卡,0
O13238,2026-07-07 18:58:44,星野茶·大学城店,多肉葡萄,果茶,19,1,0,19,8.0,外卖美团,新客,0
O13239,2026-07-07 16:01:50,星野茶·地铁口店,奥利奥奶昔,奶茶,18,1,1.8,16.2,7.0,小程序,银卡,0
O13240,2026-07-07 16:20:27,星野茶·大学城店,柠檬绿茶,果茶,12,1,0,12,3.5,小程序,银卡,0
O13241,2026-07-07 20:04:36,星野茶·万达店,芋泥波波,奶茶,17,1,0,17,6.5,小程序,银卡,0
O13242,2026-07-07 14:55:50,星野茶·万达店,杨枝甘露,果茶,18,2,0,36,15.0,外卖饿了么,金卡,0
O13243,2026-07-07 19:34:28,星野茶·大学城店,多肉葡萄,果茶,19,1,1.9,17.1,8.0,堂食,金卡,0
O13244,2026-07-07 20:16:51,星野茶·地铁口店,杨枝甘露,果茶,18,2,3.6,32.4,15.0,外卖饿了么,银卡,0
O13245,2026-07-07 17:52:24,星野茶·大学城店,芋泥波波,奶茶,17,1,0,17,6.5,外卖美团,非会员,0
O13246,2026-07-07 15:49:39,星野茶·地铁口店,伯牙绝弦,茶底,15,2,0,30,11.0,小程序,非会员,0
O13247,2026-07-07 14:07:22,星野茶·大学城店,杨枝甘露,果茶,18,2,0,36,15.0,外卖美团,非会员,0
O13248,2026-07-07 15:18:04,星野茶·大学城店,伯牙绝弦,茶底,15,1,1.5,13.5,5.5,外卖美团,银卡,0
O13249,2026-07-07 19:29:00,星野茶·地铁口店,芋泥波波,奶茶,17,1,0,17,6.5,外卖饿了么,新客,0
O13250,2026-07-07 20:19:46,星野茶·大学城店,伯牙绝弦,茶底,15,1,1.5,13.5,5.5,外卖饿了么,普通会员,0
O13251,2026-07-07 18:57:32,星野茶·地铁口店,奥利奥奶昔,奶茶,18,1,0,18,7.0,堂食,银卡,0
O13252,2026-07-07 15:10:52,星野茶·万达店,杨枝甘露,果茶,18,1,0,18,7.5,外卖饿了么,新客,1
O13253,2026-07-07 20:02:02,星野茶·万达店,伯牙绝弦,茶底,15,1,0,15,5.5,外卖饿了么,非会员,0
O13254,2026-07-07 14:24:16,星野茶·地铁口店,芋泥波波,奶茶,17,1,0,17,6.5,外卖美团,银卡,0
O13255,2026-07-07 14:05:31,星野茶·地铁口店,伯牙绝弦,茶底,15,1,0,15,5.5,堂食,银卡,0
O13256,2026-07-07 14:40:16,星野茶·大学城店,美式咖啡,咖啡,11,2,0,22,6.0,外卖美团,普通会员,0
O13257,2026-07-07 17:19:45,星野茶·大学城店,杨枝甘露,果茶,18,1,0,18,7.5,堂食,新客,0
O13258,2026-07-07 14:36:17,星野茶·万达店,生椰拿铁,咖啡,16,1,0,16,6.0,外卖美团,普通会员,0
O13259,2026-07-07 16:56:28,星野茶·万达店,杨枝甘露,果茶,18,2,0,36,15.0,外卖饿了么,金卡,0
O13260,2026-07-07 17:36:23,星野茶·万达店,杨枝甘露,果茶,18,1,1.8,16.2,7.5,外卖美团,银卡,0
O13261,2026-07-07 19:52:06,星野茶·地铁口店,杨枝甘露,果茶,18,1,0,18,7.5,外卖饿了么,银卡,0
O13262,2026-07-07 19:20:38,星野茶·万达店,生椰拿铁,咖啡,16,1,1.6,14.4,6.0,外卖美团,普通会员,0
O13263,2026-07-07 17:39:13,星野茶·地铁口店,多肉葡萄,果茶,19,1,0,19,8.0,外卖饿了么,金卡,0
O13264,2026-07-07 11:52:16,星野茶·大学城店,奥利奥奶昔,奶茶,18,1,0,18,7.0,外卖美团,非会员,0
O13265,2026-07-07 18:27:46,星野茶·万达店,杨枝甘露,果茶,18,1,1.8,16.2,7.5,小程序,非会员,1
O13266,2026-07-07 14:40:56,星野茶·万达店,芋泥波波,奶茶,17,1,1.7,15.3,6.5,外卖饿了么,新客,0
O13267,2026-07-07 20:55:06,星野茶·万达店,芋泥波波,奶茶,17,1,0,17,6.5,外卖饿了么,新客,0
O13268,2026-07-07 15:12:23,星野茶·大学城店,伯牙绝弦,茶底,15,1,0,15,5.5,小程序,新客,0
O13269,2026-07-07 16:00:15,星野茶·大学城店,伯牙绝弦,茶底,15,1,1.5,13.5,5.5,外卖美团,非会员,0
O13270,2026-07-07 18:59:47,星野茶·地铁口店,生椰拿铁,咖啡,16,1,0,16,6.0,外卖饿了么,非会员,0
O13271,2026-07-07 17:49:28,星野茶·万达店,芋泥波波,奶茶,17,1,0,17,6.5,外卖美团,非会员,0
O13272,2026-07-07 21:22:09,星野茶·地铁口店,芋泥波波,奶茶,17,1,0,17,6.5,外卖美团,金卡,0
O13273,2026-07-08 21:04:45,星野茶·大学城店,生椰拿铁,咖啡,16,1,1.6,14.4,6.0,小程序,银卡,0
O13274,2026-07-08 20:08:05,星野茶·大学城店,芋泥波波,奶茶,17,1,0,17,6.5,小程序,非会员,0
O13275,2026-07-08 11:00:19,星野茶·大学城店,美式咖啡,咖啡,11,1,0,11,3.0,小程序,新客,1
O13276,2026-07-08 16:17:21,星野茶·大学城店,美式咖啡,咖啡,11,1,1.1,9.9,3.0,外卖美团,普通会员,0
O13277,2026-07-08 18:33:13,星野茶·大学城店,柠檬绿茶,果茶,12,1,0,12,3.5,外卖美团,非会员,0
O13278,2026-07-08 13:45:22,星野茶·大学城店,奥利奥奶昔,奶茶,18,1,0,18,7.0,堂食,非会员,0
O13279,2026-07-08 16:39:10,星野茶·地铁口店,杨枝甘露,果茶,18,1,0,18,7.5,外卖饿了么,非会员,0
O13280,2026-07-08 12:19:11,星野茶·地铁口店,芋泥波波,奶茶,17,1,0,17,6.5,外卖美团,普通会员,0
O13281,2026-07-08 15:56:56,星野茶·地铁口店,芋泥波波,奶茶,17,1,1.7,15.3,6.5,外卖饿了么,普通会员,0
O13282,2026-07-08 11:00:33,星野茶·地铁口店,伯牙绝弦,茶底,15,1,0,15,5.5,小程序,非会员,0
O13283,2026-07-08 20:58:37,星野茶·地铁口店,伯牙绝弦,茶底,15,2,0,30,11.0,外卖饿了么,新客,0
O13284,2026-07-08 18:49:40,星野茶·地铁口店,伯牙绝弦,茶底,15,2,0,30,11.0,外卖美团,金卡,0
O13285,2026-07-08 18:59:59,星野茶·地铁口店,多肉葡萄,果茶,19,1,0,19,8.0,外卖饿了么,新客,0
O13286,2026-07-08 16:32:49,星野茶·地铁口店,芋泥波波,奶茶,17,1,0,17,6.5,堂食,新客,0
O13287,2026-07-08 19:20:26,星野茶·大学城店,生椰拿铁,咖啡,16,1,1.6,14.4,6.0,外卖美团,非会员,0
O13288,2026-07-08 13:25:38,星野茶·万达店,杨枝甘露,果茶,18,1,0,18,7.5,外卖美团,新客,0
O13289,2026-07-08 19:39:50,星野茶·地铁口店,生椰拿铁,咖啡,16,2,0,32,12.0,外卖美团,银卡,0
O13290,2026-07-08 15:42:12,星野茶·地铁口店,奥利奥奶昔,奶茶,18,1,0,18,7.0,外卖美团,非会员,0
O13291,2026-07-08 15:34:30,星野茶·万达店,伯牙绝弦,茶底,15,1,0,15,5.5,外卖美团,银卡,1
O13292,2026-07-08 14:32:59,星野茶·万达店,杨枝甘露,果茶,18,1,0,18,7.5,外卖饿了么,普通会员,0
O13293,2026-07-08 19:25:58,星野茶·大学城店,柠檬绿茶,果茶,12,1,0,12,3.5,堂食,非会员,0
O13294,2026-07-08 14:11:24,星野茶·地铁口店,柠檬绿茶,果茶,12,1,0,12,3.5,外卖美团,非会员,0
O13295,2026-07-08 15:35:39,星野茶·地铁口店,芋泥波波,奶茶,17,1,0,17,6.5,小程序,新客,0
O13296,2026-07-08 12:27:03,星野茶·万达店,多肉葡萄,果茶,19,1,0,19,8.0,堂食,金卡,0
O13297,2026-07-08 18:14:12,星野茶·大学城店,柠檬绿茶,果茶,12,1,0,12,3.5,外卖美团,非会员,0
O13298,2026-07-08 13:43:35,星野茶·地铁口店,伯牙绝弦,茶底,15,1,0,15,5.5,堂食,银卡,0
O13299,2026-07-08 13:35:25,星野茶·地铁口店,多肉葡萄,果茶,19,1,0,19,8.0,外卖饿了么,金卡,0
O13300,2026-07-08 16:22:43,星野茶·大学城店,芋泥波波,奶茶,17,1,0,17,6.5,外卖饿了么,银卡,0
O13301,2026-07-08 13:37:27,星野茶·大学城店,芋泥波波,奶茶,17,1,1.7,15.3,6.5,外卖美团,银卡,0
O13302,2026-07-08 19:03:59,星野茶·大学城店,生椰拿铁,咖啡,16,1,0,16,6.0,外卖饿了么,银卡,0
O13303,2026-07-08 21:43:00,星野茶·大学城店,奥利奥奶昔,奶茶,18,2,0,36,14.0,小程序,金卡,0
O13304,2026-07-08 18:12:57,星野茶·万达店,柠檬绿茶,果茶,12,1,1.2,10.8,3.5,外卖美团,非会员,0
O13305,2026-07-08 14:03:23,星野茶·大学城店,美式咖啡,咖啡,11,1,0,11,3.0,外卖饿了么,银卡,1
O13306,2026-07-08 19:16:48,星野茶·地铁口店,生椰拿铁,咖啡,16,1,0,16,6.0,外卖饿了么,金卡,0
O13307,2026-07-08 21:09:23,星野茶·万达店,多肉葡萄,果茶,19,1,0,19,8.0,外卖饿了么,普通会员,0
O13308,2026-07-08 17:25:35,星野茶·万达店,柠檬绿茶,果茶,12,1,0,12,3.5,外卖美团,非会员,0
O13309,2026-07-08 11:45:26,星野茶·大学城店,美式咖啡,咖啡,11,1,1.1,9.9,3.0,外卖美团,金卡,0
O13310,2026-07-08 18:23:58,星野茶·万达店,杨枝甘露,果茶,18,1,1.8,16.2,7.5,小程序,金卡,0
O13311,2026-07-09 12:12:38,星野茶·大学城店,杨枝甘露,果茶,18,1,0,18,7.5,外卖美团,非会员,0
O13312,2026-07-09 21:42:34,星野茶·万达店,杨枝甘露,果茶,18,1,0,18,7.5,外卖美团,非会员,0
O13313,2026-07-09 14:52:18,星野茶·万达店,杨枝甘露,果茶,18,2,0,36,15.0,外卖美团,银卡,0
O13314,2026-07-09 12:36:35,星野茶·大学城店,柠檬绿茶,果茶,12,2,0,24,7.0,外卖美团,新客,0
O13315,2026-07-09 13:15:02,星野茶·大学城店,奥利奥奶昔,奶茶,18,1,0,18,7.0,外卖饿了么,银卡,0
O13316,2026-07-09 16:30:02,星野茶·地铁口店,柠檬绿茶,果茶,12,1,1.2,10.8,3.5,外卖饿了么,金卡,0
O13317,2026-07-09 16:51:06,星野茶·万达店,生椰拿铁,咖啡,16,1,1.6,14.4,6.0,外卖饿了么,银卡,0
O13318,2026-07-09 11:01:53,星野茶·地铁口店,柠檬绿茶,果茶,12,2,0,24,7.0,外卖美团,金卡,0
O13319,2026-07-09 19:19:13,星野茶·大学城店,多肉葡萄,果茶,19,1,0,19,8.0,堂食,金卡,0
O13320,2026-07-09 16:11:04,星野茶·万达店,奥利奥奶昔,奶茶,18,1,0,18,7.0,堂食,非会员,0
O13321,2026-07-09 14:45:00,星野茶·万达店,生椰拿铁,咖啡,16,1,1.6,14.4,6.0,外卖饿了么,银卡,0
O13322,2026-07-09 15:13:57,星野茶·万达店,杨枝甘露,果茶,18,1,0,18,7.5,小程序,新客,0
O13323,2026-07-09 21:24:56,星野茶·万达店,杨枝甘露,果茶,18,1,0,18,7.5,堂食,银卡,0
O13324,2026-07-09 18:46:33,星野茶·万达店,芋泥波波,奶茶,17,1,0,17,6.5,外卖饿了么,非会员,0
O13325,2026-07-09 13:55:53,星野茶·地铁口店,生椰拿铁,咖啡,16,1,0,16,6.0,堂食,普通会员,0
O13326,2026-07-09 19:44:28,星野茶·万达店,生椰拿铁,咖啡,16,2,0,32,12.0,外卖美团,普通会员,0
O13327,2026-07-09 16:26:53,星野茶·地铁口店,奥利奥奶昔,奶茶,18,1,1.8,16.2,7.0,堂食,普通会员,0
O13328,2026-07-09 12:20:08,星野茶·地铁口店,奥利奥奶昔,奶茶,18,1,0,18,7.0,外卖饿了么,普通会员,0
O13329,2026-07-09 19:36:08,星野茶·大学城店,芋泥波波,奶茶,17,1,0,17,6.5,外卖饿了么,普通会员,0
O13330,2026-07-09 11:06:33,星野茶·大学城店,柠檬绿茶,果茶,12,1,0,12,3.5,外卖美团,金卡,0
O13331,2026-07-09 12:38:37,星野茶·万达店,多肉葡萄,果茶,19,1,0,19,8.0,外卖美团,普通会员,0
O13332,2026-07-09 13:27:58,星野茶·大学城店,伯牙绝弦,茶底,15,1,0,15,5.5,外卖饿了么,银卡,0
O13333,2026-07-09 15:48:54,星野茶·地铁口店,伯牙绝弦,茶底,15,1,0,15,5.5,外卖饿了么,普通会员,0
O13334,2026-07-09 14:49:36,星野茶·万达店,奥利奥奶昔,奶茶,18,1,0,18,7.0,外卖饿了么,金卡,0
O13335,2026-07-09 16:54:37,星野茶·大学城店,多肉葡萄,果茶,19,2,0,38,16.0,堂食,非会员,0
O13336,2026-07-09 15:17:02,星野茶·万达店,杨枝甘露,果茶,18,2,3.6,32.4,15.0,小程序,银卡,0
O13337,2026-07-09 14:11:49,星野茶·地铁口店,多肉葡萄,果茶,19,1,0,19,8.0,小程序,金卡,0
O13338,2026-07-09 13:55:26,星野茶·地铁口店,生椰拿铁,咖啡,16,2,3.2,28.8,12.0,外卖美团,普通会员,0
O13339,2026-07-09 11:05:38,星野茶·地铁口店,多肉葡萄,果茶,19,1,0,19,8.0,堂食,新客,0
O13340,2026-07-09 20:36:06,星野茶·地铁口店,美式咖啡,咖啡,11,1,0,11,3.0,外卖饿了么,银卡,0
O13341,2026-07-09 19:01:14,星野茶·大学城店,芋泥波波,奶茶,17,2,3.4,30.6,13.0,外卖美团,新客,0
O13342,2026-07-09 18:13:35,星野茶·地铁口店,杨枝甘露,果茶,18,2,0,36,15.0,外卖饿了么,普通会员,0
O13343,2026-07-09 18:03:07,星野茶·大学城店,芋泥波波,奶茶,17,1,0,17,6.5,外卖美团,普通会员,0
O13344,2026-07-09 13:41:51,星野茶·大学城店,柠檬绿茶,果茶,12,1,0,12,3.5,外卖饿了么,非会员,0
O13345,2026-07-09 13:04:49,星野茶·万达店,杨枝甘露,果茶,18,2,0,36,15.0,小程序,普通会员,0
O13346,2026-07-09 19:43:30,星野茶·大学城店,生椰拿铁,咖啡,16,2,0,32,12.0,外卖美团,金卡,0
O13347,2026-07-09 15:17:45,星野茶·地铁口店,美式咖啡,咖啡,11,1,0,11,3.0,外卖饿了么,银卡,0
O13348,2026-07-09 18:08:43,星野茶·万达店,伯牙绝弦,茶底,15,1,0,15,5.5,堂食,新客,0
O13349,2026-07-09 21:46:46,星野茶·万达店,杨枝甘露,果茶,18,1,0,18,7.5,外卖饿了么,非会员,0
O13350,2026-07-09 16:37:13,星野茶·万达店,杨枝甘露,果茶,18,1,1.8,16.2,7.5,小程序,非会员,0
O13351,2026-07-09 21:16:21,星野茶·万达店,多肉葡萄,果茶,19,1,0,19,8.0,堂食,普通会员,0
O13352,2026-07-09 13:40:39,星野茶·大学城店,多肉葡萄,果茶,19,1,0,19,8.0,小程序,普通会员,0
O13353,2026-07-09 13:14:35,星野茶·地铁口店,柠檬绿茶,果茶,12,2,0,24,7.0,外卖饿了么,金卡,0
O13354,2026-07-09 18:18:55,星野茶·万达店,杨枝甘露,果茶,18,1,0,18,7.5,外卖饿了么,普通会员,0
O13355,2026-07-09 19:22:06,星野茶·万达店,生椰拿铁,咖啡,16,1,0,16,6.0,外卖美团,新客,0
O13356,2026-07-10 15:09:32,星野茶·地铁口店,芋泥波波,奶茶,17,1,0,17,6.5,外卖美团,非会员,0
O13357,2026-07-10 16:07:17,星野茶·万达店,伯牙绝弦,茶底,15,1,0,15,5.5,外卖饿了么,金卡,0
O13358,2026-07-10 20:49:29,星野茶·大学城店,杨枝甘露,果茶,18,1,0,18,7.5,堂食,银卡,0
O13359,2026-07-10 19:45:26,星野茶·地铁口店,多肉葡萄,果茶,19,1,0,19,8.0,小程序,银卡,0
O13360,2026-07-10 17:52:12,星野茶·大学城店,生椰拿铁,咖啡,16,1,1.6,14.4,6.0,小程序,新客,0
O13361,2026-07-10 12:01:24,星野茶·地铁口店,柠檬绿茶,果茶,12,1,0,12,3.5,堂食,普通会员,0
O13362,2026-07-10 16:06:04,星野茶·大学城店,杨枝甘露,果茶,18,1,0,18,7.5,外卖美团,银卡,0
O13363,2026-07-10 16:04:24,星野茶·万达店,杨枝甘露,果茶,18,2,0,36,15.0,外卖美团,非会员,0
O13364,2026-07-10 17:36:27,星野茶·万达店,杨枝甘露,果茶,18,1,1.8,16.2,7.5,小程序,普通会员,0
O13365,2026-07-10 16:57:48,星野茶·地铁口店,奥利奥奶昔,奶茶,18,1,0,18,7.0,小程序,金卡,0
O13366,2026-07-10 11:55:34,星野茶·大学城店,杨枝甘露,果茶,18,1,1.8,16.2,7.5,外卖美团,新客,0
O13367,2026-07-10 13:26:15,星野茶·大学城店,柠檬绿茶,果茶,12,1,1.2,10.8,3.5,外卖美团,新客,0
O13368,2026-07-10 17:03:10,星野茶·地铁口店,伯牙绝弦,茶底,15,1,0,15,5.5,堂食,新客,0
O13369,2026-07-10 20:33:39,星野茶·地铁口店,杨枝甘露,果茶,18,1,1.8,16.2,7.5,外卖美团,新客,0
O13370,2026-07-10 15:13:52,星野茶·地铁口店,芋泥波波,奶茶,17,2,0,34,13.0,小程序,普通会员,0
O13371,2026-07-10 14:49:22,星野茶·大学城店,芋泥波波,奶茶,17,1,0,17,6.5,堂食,银卡,0
O13372,2026-07-10 18:30:19,星野茶·大学城店,伯牙绝弦,茶底,15,1,1.5,13.5,5.5,外卖饿了么,新客,0
O13373,2026-07-10 16:30:00,星野茶·地铁口店,生椰拿铁,咖啡,16,1,0,16,6.0,外卖美团,银卡,0
O13374,2026-07-10 21:23:08,星野茶·万达店,杨枝甘露,果茶,18,1,0,18,7.5,外卖美团,非会员,0
O13375,2026-07-10 16:39:33,星野茶·地铁口店,美式咖啡,咖啡,11,1,0,11,3.0,外卖美团,金卡,0
O13376,2026-07-10 13:26:25,星野茶·大学城店,多肉葡萄,果茶,19,1,0,19,8.0,外卖美团,银卡,0
O13377,2026-07-10 13:21:24,星野茶·地铁口店,奥利奥奶昔,奶茶,18,1,0,18,7.0,外卖饿了么,银卡,0
O13378,2026-07-10 16:35:02,星野茶·地铁口店,多肉葡萄,果茶,19,1,1.9,17.1,8.0,外卖美团,金卡,0
O13379,2026-07-10 20:18:55,星野茶·万达店,生椰拿铁,咖啡,16,1,0,16,6.0,外卖美团,普通会员,0
O13380,2026-07-10 19:41:28,星野茶·大学城店,美式咖啡,咖啡,11,2,0,22,6.0,外卖饿了么,银卡,0
O13381,2026-07-10 21:11:44,星野茶·地铁口店,柠檬绿茶,果茶,12,1,1.2,10.8,3.5,堂食,非会员,0
O13382,2026-07-10 16:12:57,星野茶·地铁口店,柠檬绿茶,果茶,12,1,1.2,10.8,3.5,外卖饿了么,新客,0
O13383,2026-07-10 18:52:17,星野茶·地铁口店,杨枝甘露,果茶,18,1,0,18,7.5,外卖美团,非会员,0
O13384,2026-07-10 21:39:18,星野茶·万达店,杨枝甘露,果茶,18,1,1.8,16.2,7.5,外卖美团,金卡,0
O13385,2026-07-10 18:21:28,星野茶·大学城店,杨枝甘露,果茶,18,1,0,18,7.5,外卖美团,普通会员,0
O13386,2026-07-10 16:36:45,星野茶·大学城店,美式咖啡,咖啡,11,2,0,22,6.0,小程序,非会员,0
O13387,2026-07-10 12:05:55,星野茶·地铁口店,伯牙绝弦,茶底,15,1,1.5,13.5,5.5,外卖美团,非会员,0
O13388,2026-07-10 17:18:52,星野茶·地铁口店,生椰拿铁,咖啡,16,2,0,32,12.0,外卖美团,新客,0
O13389,2026-07-10 12:32:21,星野茶·大学城店,芋泥波波,奶茶,17,1,0,17,6.5,外卖饿了么,非会员,0
O13390,2026-07-11 19:54:36,星野茶·万达店,生椰拿铁,咖啡,16,1,0,16,6.0,堂食,非会员,0
O13391,2026-07-11 15:57:45,星野茶·大学城店,生椰拿铁,咖啡,16,1,0,16,6.0,外卖美团,新客,0
O13392,2026-07-11 13:17:38,星野茶·地铁口店,美式咖啡,咖啡,11,1,0,11,3.0,外卖美团,普通会员,0
O13393,2026-07-11 16:05:11,星野茶·万达店,柠檬绿茶,果茶,12,1,0,12,3.5,小程序,金卡,0
O13394,2026-07-11 13:17:29,星野茶·万达店,柠檬绿茶,果茶,12,1,0,12,3.5,小程序,金卡,0
O13395,2026-07-11 19:45:18,星野茶·大学城店,美式咖啡,咖啡,11,1,0,11,3.0,小程序,普通会员,0
O13396,2026-07-11 11:16:05,星野茶·万达店,多肉葡萄,果茶,19,1,0,19,8.0,外卖饿了么,普通会员,0
O13397,2026-07-11 19:29:20,星野茶·万达店,美式咖啡,咖啡,11,1,1.1,9.9,3.0,外卖美团,新客,0
O13398,2026-07-11 16:06:53,星野茶·地铁口店,美式咖啡,咖啡,11,1,0,11,3.0,外卖美团,银卡,0
O13399,2026-07-11 13:04:06,星野茶·地铁口店,美式咖啡,咖啡,11,1,1.1,9.9,3.0,外卖美团,非会员,0
O13400,2026-07-11 12:07:42,星野茶·万达店,杨枝甘露,果茶,18,1,0,18,7.5,外卖饿了么,非会员,0
O13401,2026-07-11 20:42:50,星野茶·大学城店,多肉葡萄,果茶,19,1,0,19,8.0,小程序,金卡,1
O13402,2026-07-11 12:32:59,星野茶·大学城店,生椰拿铁,咖啡,16,1,0,16,6.0,外卖美团,金卡,0
O13403,2026-07-11 12:52:46,星野茶·大学城店,芋泥波波,奶茶,17,1,0,17,6.5,外卖饿了么,普通会员,0
O13404,2026-07-11 16:01:09,星野茶·地铁口店,美式咖啡,咖啡,11,2,0,22,6.0,外卖美团,新客,0
O13405,2026-07-11 15:17:12,星野茶·大学城店,伯牙绝弦,茶底,15,2,0,30,11.0,堂食,金卡,0
O13406,2026-07-11 21:03:43,星野茶·万达店,伯牙绝弦,茶底,15,1,0,15,5.5,外卖美团,普通会员,0
O13407,2026-07-11 15:20:50,星野茶·地铁口店,多肉葡萄,果茶,19,2,0,38,16.0,堂食,银卡,0
O13408,2026-07-11 14:57:50,星野茶·大学城店,美式咖啡,咖啡,11,2,0,22,6.0,外卖饿了么,银卡,0
O13409,2026-07-11 18:10:53,星野茶·大学城店,生椰拿铁,咖啡,16,1,1.6,14.4,6.0,外卖美团,银卡,0
O13410,2026-07-11 13:28:02,星野茶·万达店,芋泥波波,奶茶,17,2,0,34,13.0,堂食,新客,0
O13411,2026-07-11 11:18:58,星野茶·地铁口店,伯牙绝弦,茶底,15,1,1.5,13.5,5.5,堂食,非会员,0
O13412,2026-07-11 16:54:04,星野茶·地铁口店,美式咖啡,咖啡,11,1,0,11,3.0,外卖美团,普通会员,0
O13413,2026-07-11 11:08:44,星野茶·万达店,美式咖啡,咖啡,11,1,1.1,9.9,3.0,外卖美团,非会员,0
O13414,2026-07-11 15:14:42,星野茶·万达店,柠檬绿茶,果茶,12,1,0,12,3.5,外卖饿了么,银卡,1
O13415,2026-07-11 17:58:49,星野茶·大学城店,伯牙绝弦,茶底,15,1,1.5,13.5,5.5,外卖美团,普通会员,0
O13416,2026-07-11 20:24:55,星野茶·万达店,杨枝甘露,果茶,18,1,0,18,7.5,小程序,普通会员,1
O13417,2026-07-11 19:07:49,星野茶·地铁口店,生椰拿铁,咖啡,16,1,1.6,14.4,6.0,外卖饿了么,非会员,0
O13418,2026-07-11 16:08:14,星野茶·万达店,奥利奥奶昔,奶茶,18,1,0,18,7.0,外卖美团,新客,0
O13419,2026-07-11 17:04:36,星野茶·大学城店,美式咖啡,咖啡,11,2,0,22,6.0,外卖饿了么,普通会员,0
O13420,2026-07-11 12:17:33,星野茶·大学城店,芋泥波波,奶茶,17,1,0,17,6.5,外卖饿了么,金卡,0
O13421,2026-07-11 17:54:27,星野茶·地铁口店,芋泥波波,奶茶,17,2,0,34,13.0,外卖美团,新客,0
O13422,2026-07-11 11:09:24,星野茶·地铁口店,柠檬绿茶,果茶,12,1,1.2,10.8,3.5,堂食,普通会员,0
O13423,2026-07-11 13:55:01,星野茶·大学城店,杨枝甘露,果茶,18,1,1.8,16.2,7.5,外卖饿了么,银卡,0
O13424,2026-07-11 19:30:51,星野茶·万达店,杨枝甘露,果茶,18,1,0,18,7.5,外卖饿了么,非会员,0
O13425,2026-07-11 21:35:52,星野茶·大学城店,柠檬绿茶,果茶,12,1,0,12,3.5,外卖饿了么,普通会员,0
O13426,2026-07-11 13:19:42,星野茶·地铁口店,杨枝甘露,果茶,18,1,1.8,16.2,7.5,外卖饿了么,新客,0
O13427,2026-07-11 12:24:25,星野茶·万达店,杨枝甘露,果茶,18,1,0,18,7.5,堂食,新客,0
O13428,2026-07-11 18:29:39,星野茶·大学城店,美式咖啡,咖啡,11,1,0,11,3.0,外卖美团,金卡,0
O13429,2026-07-11 21:52:10,星野茶·大学城店,杨枝甘露,果茶,18,1,0,18,7.5,外卖美团,普通会员,0
O13430,2026-07-11 14:13:39,星野茶·地铁口店,杨枝甘露,果茶,18,1,0,18,7.5,外卖饿了么,非会员,0
O13431,2026-07-11 13:45:02,星野茶·万达店,杨枝甘露,果茶,18,1,0,18,7.5,小程序,新客,0
O13432,2026-07-11 18:35:03,星野茶·地铁口店,伯牙绝弦,茶底,15,1,0,15,5.5,堂食,非会员,0
O13433,2026-07-11 13:35:50,星野茶·地铁口店,美式咖啡,咖啡,11,1,0,11,3.0,外卖饿了么,新客,0
O13434,2026-07-11 11:29:53,星野茶·大学城店,柠檬绿茶,果茶,12,1,0,12,3.5,外卖饿了么,非会员,0
O13435,2026-07-11 19:40:55,星野茶·大学城店,美式咖啡,咖啡,11,1,0,11,3.0,外卖美团,非会员,0
O13436,2026-07-11 13:21:29,星野茶·地铁口店,生椰拿铁,咖啡,16,1,0,16,6.0,外卖美团,银卡,0
O13437,2026-07-12 19:11:40,星野茶·万达店,生椰拿铁,咖啡,16,1,0,16,6.0,小程序,金卡,0
O13438,2026-07-12 14:26:57,星野茶·万达店,生椰拿铁,咖啡,16,1,0,16,6.0,外卖美团,普通会员,0
O13439,2026-07-12 13:35:46,星野茶·万达店,柠檬绿茶,果茶,12,2,0,24,7.0,堂食,普通会员,0
O13440,2026-07-12 14:38:51,星野茶·大学城店,杨枝甘露,果茶,18,2,0,36,15.0,外卖饿了么,普通会员,0
O13441,2026-07-12 11:48:15,星野茶·万达店,美式咖啡,咖啡,11,1,0,11,3.0,堂食,金卡,0
O13442,2026-07-12 14:19:48,星野茶·地铁口店,生椰拿铁,咖啡,16,1,0,16,6.0,外卖美团,普通会员,0
O13443,2026-07-12 20:46:04,星野茶·地铁口店,多肉葡萄,果茶,19,1,0,19,8.0,外卖美团,金卡,0
O13444,2026-07-12 13:07:48,星野茶·地铁口店,生椰拿铁,咖啡,16,1,0,16,6.0,外卖美团,新客,0
O13445,2026-07-12 20:18:10,星野茶·万达店,生椰拿铁,咖啡,16,1,0,16,6.0,堂食,普通会员,0
O13446,2026-07-12 14:45:49,星野茶·万达店,奥利奥奶昔,奶茶,18,1,0,18,7.0,外卖美团,银卡,0
O13447,2026-07-12 21:04:45,星野茶·万达店,多肉葡萄,果茶,19,1,0,19,8.0,外卖饿了么,非会员,0
O13448,2026-07-12 12:12:29,星野茶·万达店,奥利奥奶昔,奶茶,18,1,0,18,7.0,外卖美团,非会员,0
O13449,2026-07-12 20:49:44,星野茶·大学城店,伯牙绝弦,茶底,15,2,0,30,11.0,小程序,金卡,0
O13450,2026-07-12 20:49:44,星野茶·大学城店,多肉葡萄,果茶,19,1,0,19,8.0,外卖美团,普通会员,0
O13451,2026-07-12 13:01:51,星野茶·万达店,奥利奥奶昔,奶茶,18,1,0,18,7.0,外卖饿了么,普通会员,0
O13452,2026-07-12 12:45:40,星野茶·大学城店,杨枝甘露,果茶,18,1,0,18,7.5,堂食,金卡,0
O13453,2026-07-12 21:32:38,星野茶·大学城店,美式咖啡,咖啡,11,1,1.1,9.9,3.0,外卖饿了么,银卡,0
O13454,2026-07-12 13:45:28,星野茶·大学城店,生椰拿铁,咖啡,16,2,0,32,12.0,外卖美团,普通会员,0
O13455,2026-07-12 19:20:14,星野茶·万达店,柠檬绿茶,果茶,12,1,1.2,10.8,3.5,小程序,非会员,0
O13456,2026-07-12 15:29:15,星野茶·万达店,柠檬绿茶,果茶,12,2,0,24,7.0,外卖饿了么,金卡,0
O13457,2026-07-12 13:24:07,星野茶·万达店,柠檬绿茶,果茶,12,1,0,12,3.5,外卖美团,普通会员,0
O13458,2026-07-12 13:26:39,星野茶·万达店,生椰拿铁,咖啡,16,1,0,16,6.0,外卖饿了么,银卡,0
O13459,2026-07-12 21:07:31,星野茶·万达店,生椰拿铁,咖啡,16,1,0,16,6.0,外卖饿了么,普通会员,1
O13460,2026-07-12 20:25:39,星野茶·万达店,生椰拿铁,咖啡,16,1,1.6,14.4,6.0,外卖饿了么,新客,0
O13461,2026-07-12 16:42:55,星野茶·地铁口店,生椰拿铁,咖啡,16,2,0,32,12.0,外卖饿了么,银卡,0
O13462,2026-07-12 19:04:18,星野茶·万达店,柠檬绿茶,果茶,12,1,0,12,3.5,小程序,金卡,0
O13463,2026-07-12 13:18:46,星野茶·地铁口店,柠檬绿茶,果茶,12,1,1.2,10.8,3.5,外卖美团,金卡,0
O13464,2026-07-12 18:17:57,星野茶·万达店,生椰拿铁,咖啡,16,1,1.6,14.4,6.0,外卖美团,普通会员,0
O13465,2026-07-12 19:04:57,星野茶·大学城店,美式咖啡,咖啡,11,1,0,11,3.0,堂食,新客,0
O13466,2026-07-12 14:13:15,星野茶·万达店,生椰拿铁,咖啡,16,2,3.2,28.8,12.0,外卖饿了么,非会员,0
O13467,2026-07-12 21:32:55,星野茶·万达店,柠檬绿茶,果茶,12,1,0,12,3.5,外卖美团,新客,0
O13468,2026-07-12 12:45:44,星野茶·大学城店,多肉葡萄,果茶,19,2,3.8,34.2,16.0,外卖美团,非会员,0
O13469,2026-07-12 17:15:27,星野茶·地铁口店,美式咖啡,咖啡,11,1,0,11,3.0,外卖美团,非会员,0
O13470,2026-07-12 11:30:03,星野茶·万达店,柠檬绿茶,果茶,12,1,0,12,3.5,外卖美团,金卡,0
O13471,2026-07-12 16:06:03,星野茶·万达店,奥利奥奶昔,奶茶,18,1,0,18,7.0,外卖饿了么,金卡,0
O13472,2026-07-12 20:40:56,星野茶·地铁口店,生椰拿铁,咖啡,16,1,0,16,6.0,外卖美团,普通会员,0
O13473,2026-07-12 14:30:05,星野茶·万达店,杨枝甘露,果茶,18,1,0,18,7.5,外卖饿了么,非会员,0
O13474,2026-07-12 12:54:40,星野茶·大学城店,多肉葡萄,果茶,19,2,0,38,16.0,外卖美团,金卡,1
O13475,2026-07-12 16:32:21,星野茶·大学城店,伯牙绝弦,茶底,15,1,1.5,13.5,5.5,外卖美团,新客,0
O13476,2026-07-12 12:06:20,星野茶·地铁口店,生椰拿铁,咖啡,16,1,0,16,6.0,外卖美团,金卡,0
O13477,2026-07-12 17:55:36,星野茶·大学城店,柠檬绿茶,果茶,12,1,1.2,10.8,3.5,外卖美团,新客,0
O13478,2026-07-12 17:12:41,星野茶·万达店,柠檬绿茶,果茶,12,1,1.2,10.8,3.5,外卖饿了么,非会员,0
O13479,2026-07-12 14:05:20,星野茶·大学城店,奥利奥奶昔,奶茶,18,1,0,18,7.0,外卖饿了么,银卡,0
O13480,2026-07-12 12:22:18,星野茶·万达店,生椰拿铁,咖啡,16,1,0,16,6.0,外卖饿了么,金卡,0
O13481,2026-07-12 17:30:04,星野茶·万达店,柠檬绿茶,果茶,12,1,0,12,3.5,小程序,非会员,0
O13482,2026-07-12 13:44:51,星野茶·万达店,伯牙绝弦,茶底,15,1,0,15,5.5,外卖饿了么,金卡,0
O13483,2026-07-12 14:07:51,星野茶·地铁口店,多肉葡萄,果茶,19,1,0,19,8.0,外卖饿了么,新客,0
O13484,2026-07-12 16:49:53,星野茶·万达店,生椰拿铁,咖啡,16,1,0,16,6.0,外卖饿了么,金卡,0
O13485,2026-07-12 20:38:58,星野茶·万达店,奥利奥奶昔,奶茶,18,1,1.8,16.2,7.0,外卖美团,普通会员,0
O13486,2026-07-12 15:34:42,星野茶·大学城店,伯牙绝弦,茶底,15,1,0,15,5.5,外卖美团,普通会员,0
O13487,2026-07-12 14:45:37,星野茶·大学城店,美式咖啡,咖啡,11,1,0,11,3.0,堂食,普通会员,0
O13488,2026-07-12 18:42:29,星野茶·万达店,生椰拿铁,咖啡,16,1,0,16,6.0,外卖美团,非会员,0
O13489,2026-07-12 16:07:50,星野茶·万达店,奥利奥奶昔,奶茶,18,1,0,18,7.0,小程序,普通会员,0
O13490,2026-07-12 12:18:22,星野茶·大学城店,柠檬绿茶,果茶,12,1,1.2,10.8,3.5,外卖饿了么,普通会员,0
O13491,2026-07-12 15:50:37,星野茶·万达店,柠檬绿茶,果茶,12,1,0,12,3.5,外卖饿了么,非会员,0
O13492,2026-07-12 17:59:52,星野茶·大学城店,生椰拿铁,咖啡,16,2,0,32,12.0,小程序,新客,0
O13493,2026-07-12 11:51:46,星野茶·万达店,柠檬绿茶,果茶,12,1,1.2,10.8,3.5,小程序,新客,0
O13494,2026-07-12 14:48:55,星野茶·地铁口店,杨枝甘露,果茶,18,1,0,18,7.5,堂食,新客,0
O13495,2026-07-12 17:05:51,星野茶·大学城店,柠檬绿茶,果茶,12,2,2.4,21.6,7.0,外卖美团,新客,0
O13496,2026-07-12 11:36:52,星野茶·地铁口店,奥利奥奶昔,奶茶,18,1,1.8,16.2,7.0,堂食,普通会员,0
O13497,2026-07-12 21:18:24,星野茶·万达店,杨枝甘露,果茶,18,2,0,36,15.0,小程序,普通会员,0
O13498,2026-07-13 12:56:35,星野茶·万达店,生椰拿铁,咖啡,16,1,1.6,14.4,6.0,外卖美团,金卡,0
O13499,2026-07-13 13:07:40,星野茶·万达店,伯牙绝弦,茶底,15,1,1.5,13.5,5.5,外卖饿了么,金卡,0
O13500,2026-07-13 20:56:42,星野茶·地铁口店,伯牙绝弦,茶底,15,1,0,15,5.5,小程序,新客,0
O13501,2026-07-13 17:51:18,星野茶·地铁口店,杨枝甘露,果茶,18,1,0,18,7.5,外卖美团,新客,0
O13502,2026-07-13 16:11:17,星野茶·万达店,生椰拿铁,咖啡,16,1,1.6,14.4,6.0,外卖美团,金卡,0
O13503,2026-07-13 11:44:17,星野茶·地铁口店,杨枝甘露,果茶,18,1,0,18,7.5,小程序,新客,0
O13504,2026-07-13 17:36:02,星野茶·万达店,美式咖啡,咖啡,11,1,0,11,3.0,外卖饿了么,普通会员,0
O13505,2026-07-13 19:33:00,星野茶·万达店,生椰拿铁,咖啡,16,2,0,32,12.0,外卖美团,普通会员,0
O13506,2026-07-13 11:46:11,星野茶·万达店,生椰拿铁,咖啡,16,1,1.6,14.4,6.0,外卖美团,新客,0
O13507,2026-07-13 11:00:36,星野茶·地铁口店,美式咖啡,咖啡,11,1,0,11,3.0,外卖美团,非会员,0
O13508,2026-07-13 13:44:54,星野茶·万达店,伯牙绝弦,茶底,15,1,0,15,5.5,外卖饿了么,新客,0
O13509,2026-07-13 15:48:28,星野茶·万达店,生椰拿铁,咖啡,16,1,0,16,6.0,外卖饿了么,银卡,0
O13510,2026-07-13 20:22:00,星野茶·大学城店,伯牙绝弦,茶底,15,1,0,15,5.5,外卖美团,普通会员,0
O13511,2026-07-13 12:35:42,星野茶·地铁口店,杨枝甘露,果茶,18,1,0,18,7.5,外卖美团,银卡,0
O13512,2026-07-13 13:18:26,星野茶·万达店,生椰拿铁,咖啡,16,1,1.6,14.4,6.0,外卖美团,新客,0
O13513,2026-07-13 13:13:18,星野茶·万达店,生椰拿铁,咖啡,16,1,0,16,6.0,小程序,非会员,0
O13514,2026-07-13 11:00:33,星野茶·万达店,多肉葡萄,果茶,19,2,0,38,16.0,外卖饿了么,银卡,0
O13515,2026-07-13 16:56:15,星野茶·万达店,生椰拿铁,咖啡,16,1,0,16,6.0,外卖美团,普通会员,0
O13516,2026-07-13 14:54:04,星野茶·万达店,生椰拿铁,咖啡,16,1,0,16,6.0,外卖饿了么,银卡,0
O13517,2026-07-13 19:53:24,星野茶·地铁口店,柠檬绿茶,果茶,12,1,0,12,3.5,外卖美团,普通会员,0
O13518,2026-07-13 20:23:43,星野茶·万达店,生椰拿铁,咖啡,16,1,1.6,14.4,6.0,外卖美团,普通会员,0
O13519,2026-07-13 14:22:24,星野茶·万达店,芋泥波波,奶茶,17,2,3.4,30.6,13.0,外卖饿了么,银卡,0
O13520,2026-07-13 20:48:25,星野茶·地铁口店,柠檬绿茶,果茶,12,2,2.4,21.6,7.0,外卖饿了么,非会员,0
O13521,2026-07-13 13:50:05,星野茶·万达店,生椰拿铁,咖啡,16,1,0,16,6.0,外卖饿了么,非会员,0
O13522,2026-07-13 14:24:37,星野茶·万达店,杨枝甘露,果茶,18,1,0,18,7.5,小程序,金卡,0
O13523,2026-07-13 12:22:27,星野茶·大学城店,多肉葡萄,果茶,19,1,0,19,8.0,外卖美团,非会员,0
O13524,2026-07-13 18:24:32,星野茶·万达店,多肉葡萄,果茶,19,2,0,38,16.0,外卖饿了么,金卡,0
O13525,2026-07-13 13:57:35,星野茶·万达店,柠檬绿茶,果茶,12,1,1.2,10.8,3.5,外卖美团,普通会员,0
O13526,2026-07-13 17:45:39,星野茶·大学城店,生椰拿铁,咖啡,16,2,3.2,28.8,12.0,小程序,银卡,0
O13527,2026-07-13 12:21:57,星野茶·地铁口店,奥利奥奶昔,奶茶,18,1,0,18,7.0,外卖饿了么,非会员,0
O13528,2026-07-13 19:33:34,星野茶·万达店,杨枝甘露,果茶,18,1,0,18,7.5,小程序,新客,0
O13529,2026-07-13 12:48:24,星野茶·大学城店,生椰拿铁,咖啡,16,1,0,16,6.0,堂食,新客,0
O13530,2026-07-13 13:20:19,星野茶·万达店,生椰拿铁,咖啡,16,1,0,16,6.0,堂食,金卡,0
O13531,2026-07-13 15:47:26,星野茶·万达店,伯牙绝弦,茶底,15,1,1.5,13.5,5.5,外卖饿了么,普通会员,0
O13532,2026-07-13 14:43:55,星野茶·万达店,生椰拿铁,咖啡,16,1,0,16,6.0,外卖美团,普通会员,0
O13533,2026-07-13 16:10:31,星野茶·大学城店,美式咖啡,咖啡,11,1,0,11,3.0,外卖美团,新客,0
O13534,2026-07-13 18:27:51,星野茶·万达店,生椰拿铁,咖啡,16,1,0,16,6.0,堂食,新客,0
O13535,2026-07-13 19:23:28,星野茶·万达店,生椰拿铁,咖啡,16,1,0,16,6.0,外卖美团,金卡,0
O13536,2026-07-13 11:44:31,星野茶·万达店,芋泥波波,奶茶,17,1,0,17,6.5,外卖饿了么,金卡,0
O13537,2026-07-13 13:30:15,星野茶·万达店,生椰拿铁,咖啡,16,1,1.6,14.4,6.0,外卖美团,新客,0
O13538,2026-07-13 12:16:56,星野茶·万达店,奥利奥奶昔,奶茶,18,1,0,18,7.0,小程序,非会员,0
O13539,2026-07-14 19:05:07,星野茶·万达店,奥利奥奶昔,奶茶,18,1,0,18,7.0,外卖饿了么,银卡,0
O13540,2026-07-14 20:40:01,星野茶·万达店,奥利奥奶昔,奶茶,18,1,1.8,16.2,7.0,外卖美团,金卡,0
O13541,2026-07-14 11:23:57,星野茶·万达店,多肉葡萄,果茶,19,1,1.9,17.1,8.0,外卖饿了么,普通会员,0
O13542,2026-07-14 11:13:29,星野茶·万达店,柠檬绿茶,果茶,12,2,0,24,7.0,外卖美团,金卡,0
O13543,2026-07-14 12:16:40,星野茶·万达店,生椰拿铁,咖啡,16,1,1.6,14.4,6.0,外卖饿了么,非会员,0
O13544,2026-07-14 18:36:45,星野茶·万达店,芋泥波波,奶茶,17,1,0,17,6.5,外卖美团,非会员,0
O13545,2026-07-14 12:01:52,星野茶·万达店,多肉葡萄,果茶,19,1,1.9,17.1,8.0,外卖美团,金卡,0
O13546,2026-07-14 16:45:18,星野茶·大学城店,多肉葡萄,果茶,19,1,1.9,17.1,8.0,外卖饿了么,非会员,0
O13547,2026-07-14 20:41:24,星野茶·地铁口店,美式咖啡,咖啡,11,1,0,11,3.0,外卖美团,银卡,0
O13548,2026-07-14 11:50:40,星野茶·万达店,生椰拿铁,咖啡,16,1,0,16,6.0,堂食,普通会员,0
O13549,2026-07-14 18:52:46,星野茶·万达店,生椰拿铁,咖啡,16,1,0,16,6.0,小程序,普通会员,0
O13550,2026-07-14 17:04:10,星野茶·地铁口店,杨枝甘露,果茶,18,1,0,18,7.5,堂食,新客,0
O13551,2026-07-14 12:59:24,星野茶·地铁口店,多肉葡萄,果茶,19,1,1.9,17.1,8.0,外卖饿了么,非会员,0
O13552,2026-07-14 21:22:45,星野茶·大学城店,奥利奥奶昔,奶茶,18,2,0,36,14.0,小程序,银卡,0
O13553,2026-07-14 15:02:18,星野茶·地铁口店,伯牙绝弦,茶底,15,1,0,15,5.5,外卖美团,新客,0
O13554,2026-07-14 13:23:35,星野茶·万达店,生椰拿铁,咖啡,16,2,3.2,28.8,12.0,小程序,普通会员,0
O13555,2026-07-14 11:06:09,星野茶·万达店,生椰拿铁,咖啡,16,1,0,16,6.0,小程序,金卡,0
O13556,2026-07-14 18:15:55,星野茶·大学城店,生椰拿铁,咖啡,16,1,0,16,6.0,外卖美团,普通会员,0
O13557,2026-07-14 20:28:37,星野茶·万达店,生椰拿铁,咖啡,16,1,1.6,14.4,6.0,小程序,普通会员,0
O13558,2026-07-14 16:13:11,星野茶·万达店,生椰拿铁,咖啡,16,2,0,32,12.0,外卖美团,银卡,0
O13559,2026-07-14 17:39:06,星野茶·万达店,生椰拿铁,咖啡,16,1,1.6,14.4,6.0,堂食,银卡,0
O13560,2026-07-14 16:28:51,星野茶·万达店,伯牙绝弦,茶底,15,1,0,15,5.5,外卖美团,普通会员,0
O13561,2026-07-14 11:34:09,星野茶·万达店,生椰拿铁,咖啡,16,2,0,32,12.0,外卖美团,普通会员,0
O13562,2026-07-14 14:57:43,星野茶·万达店,多肉葡萄,果茶,19,1,0,19,8.0,外卖饿了么,普通会员,0
O13563,2026-07-14 18:53:58,星野茶·地铁口店,芋泥波波,奶茶,17,2,3.4,30.6,13.0,外卖美团,银卡,0
O13564,2026-07-14 11:23:44,星野茶·地铁口店,芋泥波波,奶茶,17,1,0,17,6.5,外卖饿了么,普通会员,0
O13565,2026-07-14 20:28:51,星野茶·大学城店,生椰拿铁,咖啡,16,1,0,16,6.0,外卖美团,普通会员,0
O13566,2026-07-14 13:04:01,星野茶·万达店,生椰拿铁,咖啡,16,1,0,16,6.0,外卖饿了么,金卡,0
O13567,2026-07-14 13:06:10,星野茶·地铁口店,芋泥波波,奶茶,17,2,3.4,30.6,13.0,外卖美团,银卡,0
O13568,2026-07-14 11:11:50,星野茶·大学城店,生椰拿铁,咖啡,16,1,0,16,6.0,外卖饿了么,新客,0
O13569,2026-07-15 13:18:15,星野茶·万达店,生椰拿铁,咖啡,16,1,0,16,6.0,外卖美团,金卡,0
O13570,2026-07-15 16:34:07,星野茶·万达店,芋泥波波,奶茶,17,1,1.7,15.3,6.5,外卖饿了么,金卡,0
O13571,2026-07-15 15:13:18,星野茶·万达店,多肉葡萄,果茶,19,1,0,19,8.0,小程序,金卡,0
O13572,2026-07-15 13:07:34,星野茶·万达店,多肉葡萄,果茶,19,1,0,19,8.0,外卖美团,银卡,0
O13573,2026-07-15 14:25:00,星野茶·万达店,多肉葡萄,果茶,19,1,1.9,17.1,8.0,外卖美团,金卡,0
O13574,2026-07-15 14:30:22,星野茶·地铁口店,奥利奥奶昔,奶茶,18,1,0,18,7.0,外卖饿了么,非会员,0
O13575,2026-07-15 11:22:00,星野茶·万达店,生椰拿铁,咖啡,16,2,0,32,12.0,小程序,银卡,0
O13576,2026-07-15 16:02:50,星野茶·万达店,生椰拿铁,咖啡,16,1,1.6,14.4,6.0,外卖饿了么,非会员,0
O13577,2026-07-15 19:02:40,星野茶·地铁口店,多肉葡萄,果茶,19,1,0,19,8.0,外卖美团,非会员,0
O13578,2026-07-15 19:45:59,星野茶·万达店,多肉葡萄,果茶,19,1,0,19,8.0,外卖美团,新客,0
O13579,2026-07-15 21:37:47,星野茶·万达店,生椰拿铁,咖啡,16,1,1.6,14.4,6.0,外卖饿了么,新客,0
O13580,2026-07-15 18:01:43,星野茶·地铁口店,伯牙绝弦,茶底,15,1,0,15,5.5,外卖美团,非会员,0
O13581,2026-07-15 12:53:24,星野茶·万达店,生椰拿铁,咖啡,16,2,0,32,12.0,外卖饿了么,非会员,0
O13582,2026-07-15 19:44:26,星野茶·万达店,伯牙绝弦,茶底,15,1,0,15,5.5,外卖饿了么,普通会员,0
O13583,2026-07-15 21:02:47,星野茶·万达店,生椰拿铁,咖啡,16,1,1.6,14.4,6.0,外卖美团,银卡,0
O13584,2026-07-15 14:45:09,星野茶·万达店,芋泥波波,奶茶,17,1,1.7,15.3,6.5,外卖美团,普通会员,0
O13585,2026-07-15 17:55:51,星野茶·大学城店,芋泥波波,奶茶,17,1,1.7,15.3,6.5,外卖饿了么,银卡,0
O13586,2026-07-15 11:47:33,星野茶·大学城店,芋泥波波,奶茶,17,1,0,17,6.5,外卖美团,新客,0
O13587,2026-07-15 14:11:11,星野茶·万达店,生椰拿铁,咖啡,16,1,0,16,6.0,外卖饿了么,非会员,0
O13588,2026-07-15 21:17:58,星野茶·万达店,生椰拿铁,咖啡,16,1,0,16,6.0,小程序,普通会员,0
O13589,2026-07-15 11:20:50,星野茶·万达店,生椰拿铁,咖啡,16,1,1.6,14.4,6.0,外卖美团,金卡,0
O13590,2026-07-15 14:38:05,星野茶·万达店,生椰拿铁,咖啡,16,1,0,16,6.0,外卖美团,金卡,0
O13591,2026-07-15 21:28:52,星野茶·万达店,生椰拿铁,咖啡,16,1,1.6,14.4,6.0,外卖饿了么,新客,0
O13592,2026-07-15 11:07:09,星野茶·地铁口店,多肉葡萄,果茶,19,1,0,19,8.0,外卖美团,非会员,0
O13593,2026-07-15 19:00:12,星野茶·万达店,伯牙绝弦,茶底,15,2,0,30,11.0,外卖饿了么,金卡,0
O13594,2026-07-15 16:55:15,星野茶·地铁口店,杨枝甘露,果茶,18,1,0,18,7.5,小程序,银卡,0
O13595,2026-07-15 12:23:46,星野茶·万达店,生椰拿铁,咖啡,16,1,0,16,6.0,外卖美团,非会员,0
O13596,2026-07-15 11:01:12,星野茶·万达店,奥利奥奶昔,奶茶,18,1,1.8,16.2,7.0,外卖美团,普通会员,0
O13597,2026-07-15 20:39:41,星野茶·万达店,芋泥波波,奶茶,17,1,0,17,6.5,外卖美团,非会员,0
O13598,2026-07-15 13:37:23,星野茶·地铁口店,美式咖啡,咖啡,11,1,0,11,3.0,外卖饿了么,银卡,0
O13599,2026-07-15 16:01:32,星野茶·大学城店,多肉葡萄,果茶,19,1,1.9,17.1,8.0,外卖饿了么,银卡,0
O13600,2026-07-15 14:53:30,星野茶·万达店,芋泥波波,奶茶,17,1,1.7,15.3,6.5,外卖饿了么,新客,0
O13601,2026-07-15 20:23:10,星野茶·万达店,美式咖啡,咖啡,11,1,0,11,3.0,外卖饿了么,新客,1
O13602,2026-07-15 18:23:08,星野茶·万达店,美式咖啡,咖啡,11,1,0,11,3.0,堂食,非会员,0
O13603,2026-07-15 17:13:36,星野茶·万达店,生椰拿铁,咖啡,16,1,0,16,6.0,堂食,非会员,0
O13604,2026-07-15 19:21:08,星野茶·大学城店,柠檬绿茶,果茶,12,1,1.2,10.8,3.5,外卖饿了么,金卡,0
O13605,2026-07-15 16:03:25,星野茶·地铁口店,柠檬绿茶,果茶,12,1,1.2,10.8,3.5,小程序,新客,0
O13606,2026-07-15 14:17:24,星野茶·万达店,多肉葡萄,果茶,19,2,3.8,34.2,16.0,外卖美团,普通会员,0
O13607,2026-07-16 16:13:05,星野茶·地铁口店,奥利奥奶昔,奶茶,18,1,0,18,7.0,外卖美团,新客,0
O13608,2026-07-16 14:21:11,星野茶·万达店,芋泥波波,奶茶,17,1,0,17,6.5,外卖饿了么,银卡,0
O13609,2026-07-16 17:42:33,星野茶·万达店,柠檬绿茶,果茶,12,1,0,12,3.5,外卖美团,非会员,0
O13610,2026-07-16 15:27:31,星野茶·万达店,多肉葡萄,果茶,19,1,0,19,8.0,堂食,新客,0
O13611,2026-07-16 16:31:43,星野茶·万达店,奥利奥奶昔,奶茶,18,1,0,18,7.0,堂食,金卡,0
O13612,2026-07-16 18:19:48,星野茶·万达店,美式咖啡,咖啡,11,1,0,11,3.0,外卖饿了么,非会员,0
O13613,2026-07-16 19:30:03,星野茶·大学城店,芋泥波波,奶茶,17,1,0,17,6.5,外卖饿了么,银卡,0
O13614,2026-07-16 15:49:34,星野茶·万达店,奥利奥奶昔,奶茶,18,1,0,18,7.0,外卖饿了么,普通会员,0
O13615,2026-07-16 16:45:18,星野茶·万达店,生椰拿铁,咖啡,16,1,1.6,14.4,6.0,外卖美团,银卡,0
O13616,2026-07-16 13:49:40,星野茶·万达店,生椰拿铁,咖啡,16,1,1.6,14.4,6.0,外卖饿了么,新客,0
O13617,2026-07-16 13:37:56,星野茶·万达店,美式咖啡,咖啡,11,1,0,11,3.0,小程序,金卡,0
O13618,2026-07-16 12:51:59,星野茶·万达店,多肉葡萄,果茶,19,1,1.9,17.1,8.0,外卖美团,普通会员,0
O13619,2026-07-16 20:06:52,星野茶·万达店,生椰拿铁,咖啡,16,1,1.6,14.4,6.0,外卖美团,新客,0
O13620,2026-07-16 16:21:39,星野茶·大学城店,生椰拿铁,咖啡,16,1,0,16,6.0,外卖美团,新客,0
O13621,2026-07-16 13:16:47,星野茶·万达店,生椰拿铁,咖啡,16,1,1.6,14.4,6.0,外卖美团,新客,0
O13622,2026-07-16 19:24:18,星野茶·万达店,美式咖啡,咖啡,11,1,0,11,3.0,小程序,非会员,0
O13623,2026-07-16 15:10:12,星野茶·万达店,伯牙绝弦,茶底,15,2,3.0,27.0,11.0,外卖美团,金卡,0
O13624,2026-07-16 15:21:34,星野茶·万达店,杨枝甘露,果茶,18,1,0,18,7.5,外卖美团,金卡,0
O13625,2026-07-16 21:16:52,星野茶·大学城店,柠檬绿茶,果茶,12,1,0,12,3.5,小程序,非会员,0
O13626,2026-07-16 18:29:03,星野茶·地铁口店,生椰拿铁,咖啡,16,2,3.2,28.8,12.0,外卖饿了么,普通会员,0
O13627,2026-07-16 21:55:58,星野茶·万达店,伯牙绝弦,茶底,15,1,0,15,5.5,堂食,金卡,0
O13628,2026-07-16 12:42:27,星野茶·地铁口店,多肉葡萄,果茶,19,2,0,38,16.0,外卖饿了么,普通会员,0
O13629,2026-07-16 16:28:19,星野茶·万达店,生椰拿铁,咖啡,16,1,0,16,6.0,外卖饿了么,新客,0
O13630,2026-07-16 15:47:09,星野茶·万达店,奥利奥奶昔,奶茶,18,1,0,18,7.0,外卖美团,非会员,0
O13631,2026-07-16 20:53:54,星野茶·万达店,伯牙绝弦,茶底,15,1,0,15,5.5,外卖美团,非会员,0
O13632,2026-07-16 13:24:07,星野茶·万达店,生椰拿铁,咖啡,16,1,0,16,6.0,小程序,金卡,0
O13633,2026-07-16 19:10:53,星野茶·万达店,生椰拿铁,咖啡,16,1,0,16,6.0,外卖饿了么,金卡,0
O13634,2026-07-16 12:33:28,星野茶·万达店,生椰拿铁,咖啡,16,1,0,16,6.0,外卖美团,金卡,0
O13635,2026-07-16 21:54:18,星野茶·地铁口店,杨枝甘露,果茶,18,1,0,18,7.5,外卖饿了么,银卡,0
O13636,2026-07-16 13:32:34,星野茶·万达店,多肉葡萄,果茶,19,1,0,19,8.0,外卖饿了么,非会员,0
O13637,2026-07-16 13:47:45,星野茶·大学城店,柠檬绿茶,果茶,12,1,0,12,3.5,堂食,银卡,0
O13638,2026-07-16 13:54:57,星野茶·万达店,生椰拿铁,咖啡,16,1,0,16,6.0,小程序,金卡,0
O13639,2026-07-16 20:50:14,星野茶·万达店,生椰拿铁,咖啡,16,1,0,16,6.0,外卖饿了么,非会员,0
O13640,2026-07-16 13:42:13,星野茶·万达店,芋泥波波,奶茶,17,1,0,17,6.5,外卖饿了么,新客,0
O13641,2026-07-16 21:23:36,星野茶·万达店,生椰拿铁,咖啡,16,1,1.6,14.4,6.0,外卖美团,普通会员,0
O13642,2026-07-16 11:07:23,星野茶·大学城店,伯牙绝弦,茶底,15,1,0,15,5.5,小程序,金卡,0
O13643,2026-07-16 15:19:45,星野茶·大学城店,生椰拿铁,咖啡,16,1,0,16,6.0,外卖美团,新客,0
O13644,2026-07-16 14:52:27,星野茶·地铁口店,柠檬绿茶,果茶,12,1,0,12,3.5,外卖美团,银卡,0
O13645,2026-07-16 18:52:45,星野茶·万达店,奥利奥奶昔,奶茶,18,1,0,18,7.0,外卖美团,银卡,0
O13646,2026-07-16 21:39:36,星野茶·万达店,柠檬绿茶,果茶,12,1,0,12,3.5,小程序,金卡,0
O13647,2026-07-16 12:41:55,星野茶·地铁口店,杨枝甘露,果茶,18,2,0,36,15.0,外卖美团,银卡,0
O13648,2026-07-16 16:48:26,星野茶·大学城店,伯牙绝弦,茶底,15,1,1.5,13.5,5.5,外卖美团,普通会员,0
O13649,2026-07-16 12:56:28,星野茶·万达店,生椰拿铁,咖啡,16,2,0,32,12.0,外卖饿了么,金卡,0
O13650,2026-07-16 18:52:43,星野茶·万达店,柠檬绿茶,果茶,12,1,1.2,10.8,3.5,外卖美团,新客,0
O13651,2026-07-16 11:17:24,星野茶·万达店,生椰拿铁,咖啡,16,2,0,32,12.0,外卖饿了么,金卡,0
O13652,2026-07-17 21:29:45,星野茶·地铁口店,芋泥波波,奶茶,17,2,3.4,30.6,13.0,小程序,银卡,0
O13653,2026-07-17 16:27:47,星野茶·地铁口店,多肉葡萄,果茶,19,2,3.8,34.2,16.0,小程序,普通会员,0
O13654,2026-07-17 20:10:33,星野茶·万达店,奥利奥奶昔,奶茶,18,1,1.8,16.2,7.0,外卖饿了么,金卡,0
O13655,2026-07-17 19:07:07,星野茶·万达店,多肉葡萄,果茶,19,2,0,38,16.0,小程序,普通会员,0
O13656,2026-07-17 13:44:06,星野茶·大学城店,美式咖啡,咖啡,11,1,0,11,3.0,堂食,银卡,0
O13657,2026-07-17 17:20:09,星野茶·地铁口店,多肉葡萄,果茶,19,1,0,19,8.0,堂食,普通会员,0
O13658,2026-07-17 19:04:30,星野茶·万达店,生椰拿铁,咖啡,16,1,0,16,6.0,外卖饿了么,普通会员,0
O13659,2026-07-17 17:37:33,星野茶·万达店,多肉葡萄,果茶,19,1,1.9,17.1,8.0,外卖饿了么,普通会员,0
O13660,2026-07-17 14:10:06,星野茶·万达店,生椰拿铁,咖啡,16,1,0,16,6.0,外卖美团,新客,0
O13661,2026-07-17 21:43:49,星野茶·万达店,多肉葡萄,果茶,19,1,0,19,8.0,外卖美团,金卡,0
O13662,2026-07-17 18:07:10,星野茶·大学城店,多肉葡萄,果茶,19,1,0,19,8.0,外卖美团,新客,0
O13663,2026-07-17 13:27:19,星野茶·地铁口店,杨枝甘露,果茶,18,1,0,18,7.5,外卖饿了么,金卡,0
O13664,2026-07-17 15:23:38,星野茶·大学城店,杨枝甘露,果茶,18,1,1.8,16.2,7.5,小程序,非会员,0
O13665,2026-07-17 13:42:12,星野茶·万达店,生椰拿铁,咖啡,16,1,0,16,6.0,外卖饿了么,金卡,0
O13666,2026-07-17 19:12:41,星野茶·万达店,芋泥波波,奶茶,17,1,0,17,6.5,外卖美团,银卡,0
O13667,2026-07-17 19:40:02,星野茶·大学城店,生椰拿铁,咖啡,16,2,0,32,12.0,外卖美团,非会员,0
O13668,2026-07-17 20:35:23,星野茶·地铁口店,伯牙绝弦,茶底,15,1,0,15,5.5,外卖美团,金卡,1
O13669,2026-07-17 13:23:33,星野茶·万达店,伯牙绝弦,茶底,15,1,0,15,5.5,外卖饿了么,普通会员,0
O13670,2026-07-17 13:25:24,星野茶·万达店,芋泥波波,奶茶,17,1,0,17,6.5,外卖饿了么,非会员,0
O13671,2026-07-17 11:56:32,星野茶·万达店,生椰拿铁,咖啡,16,1,0,16,6.0,外卖美团,银卡,0
O13672,2026-07-17 12:19:14,星野茶·万达店,伯牙绝弦,茶底,15,1,0,15,5.5,外卖饿了么,金卡,0
O13673,2026-07-17 20:36:44,星野茶·万达店,美式咖啡,咖啡,11,2,0,22,6.0,外卖美团,非会员,0
O13674,2026-07-17 17:26:10,星野茶·大学城店,柠檬绿茶,果茶,12,1,0,12,3.5,外卖饿了么,新客,0
O13675,2026-07-17 20:14:22,星野茶·万达店,生椰拿铁,咖啡,16,1,0,16,6.0,堂食,普通会员,0
O13676,2026-07-17 20:02:14,星野茶·大学城店,生椰拿铁,咖啡,16,1,0,16,6.0,小程序,金卡,0
O13677,2026-07-17 20:52:08,星野茶·万达店,生椰拿铁,咖啡,16,2,3.2,28.8,12.0,外卖饿了么,新客,0
O13678,2026-07-17 11:08:17,星野茶·大学城店,杨枝甘露,果茶,18,1,0,18,7.5,外卖美团,金卡,0
O13679,2026-07-17 16:46:43,星野茶·大学城店,杨枝甘露,果茶,18,1,0,18,7.5,外卖饿了么,金卡,0
O13680,2026-07-17 17:45:59,星野茶·万达店,多肉葡萄,果茶,19,1,0,19,8.0,外卖美团,普通会员,0
O13681,2026-07-17 14:59:05,星野茶·大学城店,柠檬绿茶,果茶,12,1,0,12,3.5,外卖饿了么,新客,0
O13682,2026-07-17 16:14:17,星野茶·万达店,生椰拿铁,咖啡,16,1,0,16,6.0,外卖饿了么,非会员,0
O13683,2026-07-17 12:03:09,星野茶·大学城店,奥利奥奶昔,奶茶,18,1,0,18,7.0,外卖美团,银卡,0
O13684,2026-07-17 18:50:09,星野茶·万达店,生椰拿铁,咖啡,16,1,0,16,6.0,堂食,金卡,0
O13685,2026-07-17 12:02:24,星野茶·万达店,生椰拿铁,咖啡,16,1,1.6,14.4,6.0,外卖饿了么,金卡,0
O13686,2026-07-17 16:24:11,星野茶·大学城店,美式咖啡,咖啡,11,1,0,11,3.0,外卖饿了么,金卡,0
O13687,2026-07-18 12:27:18,星野茶·地铁口店,柠檬绿茶,果茶,12,1,0,12,3.5,堂食,新客,0
O13688,2026-07-18 15:35:17,星野茶·大学城店,生椰拿铁,咖啡,16,1,0,16,6.0,外卖饿了么,普通会员,0
O13689,2026-07-18 14:43:08,星野茶·地铁口店,生椰拿铁,咖啡,16,1,1.6,14.4,6.0,外卖饿了么,普通会员,0
O13690,2026-07-18 18:35:27,星野茶·万达店,生椰拿铁,咖啡,16,1,0,16,6.0,堂食,非会员,0
O13691,2026-07-18 11:49:16,星野茶·万达店,生椰拿铁,咖啡,16,1,1.6,14.4,6.0,外卖美团,新客,0
O13692,2026-07-18 21:10:04,星野茶·地铁口店,柠檬绿茶,果茶,12,1,0,12,3.5,外卖饿了么,新客,0
O13693,2026-07-18 13:33:44,星野茶·万达店,伯牙绝弦,茶底,15,1,0,15,5.5,堂食,新客,0
O13694,2026-07-18 15:48:49,星野茶·地铁口店,奥利奥奶昔,奶茶,18,1,0,18,7.0,外卖饿了么,新客,0
O13695,2026-07-18 21:57:37,星野茶·地铁口店,美式咖啡,咖啡,11,1,0,11,3.0,外卖饿了么,非会员,0
O13696,2026-07-18 15:37:23,星野茶·地铁口店,美式咖啡,咖啡,11,1,0,11,3.0,外卖饿了么,非会员,0
O13697,2026-07-18 19:10:53,星野茶·万达店,柠檬绿茶,果茶,12,1,0,12,3.5,外卖美团,普通会员,0
O13698,2026-07-18 15:02:26,星野茶·地铁口店,多肉葡萄,果茶,19,1,0,19,8.0,堂食,新客,0
O13699,2026-07-18 13:17:31,星野茶·大学城店,生椰拿铁,咖啡,16,1,1.6,14.4,6.0,外卖饿了么,金卡,0
O13700,2026-07-18 15:48:31,星野茶·万达店,伯牙绝弦,茶底,15,1,0,15,5.5,小程序,新客,0
O13701,2026-07-18 18:35:18,星野茶·大学城店,多肉葡萄,果茶,19,1,0,19,8.0,外卖美团,金卡,0
O13702,2026-07-18 15:51:36,星野茶·万达店,芋泥波波,奶茶,17,1,0,17,6.5,外卖美团,非会员,0
O13703,2026-07-18 12:45:00,星野茶·万达店,生椰拿铁,咖啡,16,1,1.6,14.4,6.0,小程序,银卡,0
O13704,2026-07-18 21:02:45,星野茶·万达店,生椰拿铁,咖啡,16,1,0,16,6.0,外卖饿了么,非会员,0
O13705,2026-07-18 19:22:09,星野茶·万达店,生椰拿铁,咖啡,16,2,0,32,12.0,堂食,普通会员,1
O13706,2026-07-18 12:04:04,星野茶·万达店,奥利奥奶昔,奶茶,18,1,0,18,7.0,外卖饿了么,金卡,0
O13707,2026-07-18 14:04:54,星野茶·万达店,生椰拿铁,咖啡,16,2,0,32,12.0,外卖饿了么,金卡,0
O13708,2026-07-18 12:33:33,星野茶·地铁口店,柠檬绿茶,果茶,12,1,1.2,10.8,3.5,外卖美团,银卡,0
O13709,2026-07-18 21:53:23,星野茶·地铁口店,杨枝甘露,果茶,18,1,0,18,7.5,小程序,非会员,0
O13710,2026-07-18 19:00:16,星野茶·万达店,芋泥波波,奶茶,17,1,0,17,6.5,外卖饿了么,非会员,0
O13711,2026-07-18 15:29:35,星野茶·万达店,美式咖啡,咖啡,11,1,0,11,3.0,外卖饿了么,银卡,0
O13712,2026-07-18 11:14:04,星野茶·万达店,生椰拿铁,咖啡,16,2,0,32,12.0,外卖美团,普通会员,0
O13713,2026-07-18 13:05:34,星野茶·万达店,杨枝甘露,果茶,18,1,0,18,7.5,小程序,非会员,0
O13714,2026-07-18 17:21:34,星野茶·大学城店,伯牙绝弦,茶底,15,1,0,15,5.5,外卖美团,金卡,0
O13715,2026-07-18 13:33:26,星野茶·万达店,伯牙绝弦,茶底,15,1,1.5,13.5,5.5,小程序,银卡,0
O13716,2026-07-18 14:25:33,星野茶·万达店,奥利奥奶昔,奶茶,18,1,0,18,7.0,外卖美团,金卡,0
O13717,2026-07-18 19:10:18,星野茶·万达店,生椰拿铁,咖啡,16,1,0,16,6.0,小程序,非会员,0
O13718,2026-07-18 11:41:12,星野茶·万达店,杨枝甘露,果茶,18,1,0,18,7.5,外卖美团,普通会员,0
O13719,2026-07-18 15:14:57,星野茶·地铁口店,芋泥波波,奶茶,17,1,1.7,15.3,6.5,外卖美团,非会员,0
O13720,2026-07-18 12:15:23,星野茶·万达店,生椰拿铁,咖啡,16,1,0,16,6.0,堂食,非会员,0
O13721,2026-07-18 17:04:21,星野茶·地铁口店,多肉葡萄,果茶,19,1,0,19,8.0,小程序,普通会员,0
O13722,2026-07-18 21:17:00,星野茶·万达店,生椰拿铁,咖啡,16,1,0,16,6.0,外卖美团,银卡,0
O13723,2026-07-18 11:17:52,星野茶·万达店,美式咖啡,咖啡,11,2,0,22,6.0,堂食,新客,0
O13724,2026-07-18 16:47:49,星野茶·万达店,生椰拿铁,咖啡,16,2,0,32,12.0,外卖美团,银卡,1
O13725,2026-07-18 15:07:12,星野茶·万达店,生椰拿铁,咖啡,16,1,0,16,6.0,堂食,银卡,0
O13726,2026-07-18 17:34:03,星野茶·地铁口店,奥利奥奶昔,奶茶,18,1,0,18,7.0,外卖美团,银卡,0
O13727,2026-07-18 12:35:56,星野茶·万达店,生椰拿铁,咖啡,16,1,0,16,6.0,外卖美团,非会员,0
O13728,2026-07-18 17:29:08,星野茶·万达店,多肉葡萄,果茶,19,1,0,19,8.0,小程序,银卡,0
O13729,2026-07-18 17:14:36,星野茶·大学城店,芋泥波波,奶茶,17,2,0,34,13.0,外卖美团,金卡,0
O13730,2026-07-18 17:41:39,星野茶·地铁口店,奥利奥奶昔,奶茶,18,1,0,18,7.0,外卖美团,新客,0
O13731,2026-07-18 17:22:07,星野茶·万达店,生椰拿铁,咖啡,16,1,0,16,6.0,外卖饿了么,新客,0
O13732,2026-07-18 19:27:57,星野茶·万达店,多肉葡萄,果茶,19,2,3.8,34.2,16.0,外卖美团,金卡,0
O13733,2026-07-18 19:35:38,星野茶·大学城店,芋泥波波,奶茶,17,1,0,17,6.5,外卖饿了么,金卡,0
O13734,2026-07-18 20:41:30,星野茶·万达店,生椰拿铁,咖啡,16,1,1.6,14.4,6.0,堂食,普通会员,0
O13735,2026-07-18 17:32:34,星野茶·地铁口店,生椰拿铁,咖啡,16,1,1.6,14.4,6.0,小程序,普通会员,0
O13736,2026-07-18 20:32:52,星野茶·万达店,柠檬绿茶,果茶,12,1,1.2,10.8,3.5,外卖美团,金卡,0
O13737,2026-07-18 11:05:29,星野茶·大学城店,杨枝甘露,果茶,18,2,3.6,32.4,15.0,外卖美团,银卡,0
O13738,2026-07-18 17:29:06,星野茶·万达店,芋泥波波,奶茶,17,1,0,17,6.5,外卖美团,普通会员,0
O13739,2026-07-18 14:30:14,星野茶·地铁口店,伯牙绝弦,茶底,15,1,1.5,13.5,5.5,外卖饿了么,新客,1
O13740,2026-07-18 18:55:19,星野茶·万达店,柠檬绿茶,果茶,12,2,0,24,7.0,外卖美团,银卡,0
O13741,2026-07-18 20:37:42,星野茶·大学城店,柠檬绿茶,果茶,12,1,0,12,3.5,外卖饿了么,金卡,0
O13742,2026-07-18 20:58:09,星野茶·地铁口店,美式咖啡,咖啡,11,1,0,11,3.0,堂食,新客,0
O13743,2026-07-18 17:55:38,星野茶·万达店,奥利奥奶昔,奶茶,18,1,0,18,7.0,小程序,银卡,0
O13744,2026-07-18 18:08:55,星野茶·地铁口店,生椰拿铁,咖啡,16,2,0,32,12.0,外卖美团,普通会员,0
O13745,2026-07-18 17:28:56,星野茶·地铁口店,奥利奥奶昔,奶茶,18,2,0,36,14.0,堂食,非会员,0
O13746,2026-07-18 16:04:12,星野茶·万达店,多肉葡萄,果茶,19,1,0,19,8.0,外卖饿了么,非会员,0
O13747,2026-07-18 14:48:08,星野茶·地铁口店,柠檬绿茶,果茶,12,1,0,12,3.5,堂食,银卡,0
O13748,2026-07-18 19:56:44,星野茶·地铁口店,伯牙绝弦,茶底,15,1,1.5,13.5,5.5,小程序,非会员,0
O13749,2026-07-18 11:00:03,星野茶·大学城店,多肉葡萄,果茶,19,1,0,19,8.0,外卖饿了么,非会员,0
O13750,2026-07-18 11:14:29,星野茶·万达店,美式咖啡,咖啡,11,1,1.1,9.9,3.0,小程序,银卡,0
O13751,2026-07-18 14:52:34,星野茶·地铁口店,美式咖啡,咖啡,11,1,0,11,3.0,外卖饿了么,非会员,0
O13752,2026-07-19 11:29:51,星野茶·大学城店,生椰拿铁,咖啡,16,1,0,16,6.0,外卖饿了么,非会员,0
O13753,2026-07-19 13:03:35,星野茶·地铁口店,柠檬绿茶,果茶,12,2,0,24,7.0,外卖饿了么,普通会员,0
O13754,2026-07-19 11:20:32,星野茶·地铁口店,美式咖啡,咖啡,11,1,1.1,9.9,3.0,外卖美团,普通会员,0
O13755,2026-07-19 15:09:09,星野茶·地铁口店,多肉葡萄,果茶,19,2,0,38,16.0,外卖饿了么,金卡,0
O13756,2026-07-19 17:08:39,星野茶·万达店,生椰拿铁,咖啡,16,1,1.6,14.4,6.0,小程序,普通会员,0
O13757,2026-07-19 20:16:26,星野茶·万达店,生椰拿铁,咖啡,16,1,0,16,6.0,外卖饿了么,银卡,0
O13758,2026-07-19 17:45:44,星野茶·万达店,生椰拿铁,咖啡,16,1,0,16,6.0,外卖饿了么,普通会员,0
O13759,2026-07-19 14:55:00,星野茶·万达店,生椰拿铁,咖啡,16,1,0,16,6.0,外卖美团,非会员,0
O13760,2026-07-19 14:21:16,星野茶·万达店,生椰拿铁,咖啡,16,1,0,16,6.0,外卖美团,银卡,1
O13761,2026-07-19 12:15:57,星野茶·万达店,生椰拿铁,咖啡,16,1,0,16,6.0,堂食,金卡,0
O13762,2026-07-19 15:31:22,星野茶·万达店,生椰拿铁,咖啡,16,2,3.2,28.8,12.0,外卖饿了么,普通会员,0
O13763,2026-07-19 18:40:33,星野茶·万达店,生椰拿铁,咖啡,16,1,0,16,6.0,外卖饿了么,普通会员,0
O13764,2026-07-19 12:50:40,星野茶·大学城店,奥利奥奶昔,奶茶,18,1,0,18,7.0,小程序,银卡,0
O13765,2026-07-19 14:13:44,星野茶·大学城店,多肉葡萄,果茶,19,1,0,19,8.0,外卖美团,银卡,0
O13766,2026-07-19 17:23:23,星野茶·万达店,多肉葡萄,果茶,19,1,0,19,8.0,小程序,新客,0
O13767,2026-07-19 19:30:02,星野茶·大学城店,多肉葡萄,果茶,19,1,0,19,8.0,小程序,非会员,0
O13768,2026-07-19 20:38:26,星野茶·万达店,芋泥波波,奶茶,17,1,1.7,15.3,6.5,小程序,金卡,0
O13769,2026-07-19 20:24:56,星野茶·万达店,生椰拿铁,咖啡,16,2,0,32,12.0,外卖饿了么,金卡,0
O13770,2026-07-19 21:36:01,星野茶·地铁口店,奥利奥奶昔,奶茶,18,1,0,18,7.0,外卖美团,银卡,0
O13771,2026-07-19 14:20:14,星野茶·地铁口店,柠檬绿茶,果茶,12,1,0,12,3.5,外卖饿了么,金卡,0
O13772,2026-07-19 13:22:23,星野茶·万达店,生椰拿铁,咖啡,16,2,0,32,12.0,外卖美团,非会员,0
O13773,2026-07-19 15:43:50,星野茶·万达店,伯牙绝弦,茶底,15,1,0,15,5.5,外卖美团,银卡,0
O13774,2026-07-19 21:51:52,星野茶·大学城店,柠檬绿茶,果茶,12,1,1.2,10.8,3.5,外卖美团,银卡,0
O13775,2026-07-19 13:40:49,星野茶·万达店,多肉葡萄,果茶,19,2,3.8,34.2,16.0,外卖美团,新客,0
O13776,2026-07-19 17:06:42,星野茶·大学城店,生椰拿铁,咖啡,16,1,0,16,6.0,外卖饿了么,新客,0
O13777,2026-07-19 14:14:49,星野茶·万达店,生椰拿铁,咖啡,16,2,0,32,12.0,小程序,新客,0
O13778,2026-07-19 21:41:15,星野茶·地铁口店,生椰拿铁,咖啡,16,1,1.6,14.4,6.0,外卖饿了么,银卡,0
O13779,2026-07-19 16:40:52,星野茶·万达店,伯牙绝弦,茶底,15,1,0,15,5.5,外卖饿了么,新客,0
O13780,2026-07-19 18:57:19,星野茶·万达店,生椰拿铁,咖啡,16,1,0,16,6.0,外卖美团,非会员,1
O13781,2026-07-19 14:02:27,星野茶·地铁口店,伯牙绝弦,茶底,15,1,0,15,5.5,外卖饿了么,金卡,0
O13782,2026-07-19 19:14:11,星野茶·大学城店,柠檬绿茶,果茶,12,1,1.2,10.8,3.5,外卖美团,非会员,0
O13783,2026-07-19 13:36:04,星野茶·万达店,柠檬绿茶,果茶,12,2,2.4,21.6,7.0,外卖美团,非会员,0
O13784,2026-07-19 13:21:04,星野茶·地铁口店,柠檬绿茶,果茶,12,2,0,24,7.0,外卖美团,银卡,0
O13785,2026-07-19 18:39:39,星野茶·大学城店,美式咖啡,咖啡,11,1,1.1,9.9,3.0,外卖美团,金卡,0
O13786,2026-07-19 20:22:09,星野茶·大学城店,美式咖啡,咖啡,11,1,0,11,3.0,外卖饿了么,金卡,0
O13787,2026-07-19 19:50:40,星野茶·地铁口店,柠檬绿茶,果茶,12,1,0,12,3.5,外卖饿了么,普通会员,0
O13788,2026-07-19 21:49:20,星野茶·地铁口店,多肉葡萄,果茶,19,2,0,38,16.0,外卖饿了么,新客,0
O13789,2026-07-19 18:24:44,星野茶·地铁口店,伯牙绝弦,茶底,15,2,0,30,11.0,外卖饿了么,金卡,0
O13790,2026-07-19 15:55:11,星野茶·万达店,柠檬绿茶,果茶,12,1,0,12,3.5,堂食,银卡,0
O13791,2026-07-19 20:00:03,星野茶·万达店,美式咖啡,咖啡,11,1,0,11,3.0,外卖饿了么,新客,0
O13792,2026-07-19 20:11:16,星野茶·万达店,多肉葡萄,果茶,19,1,0,19,8.0,外卖美团,银卡,0
O13793,2026-07-19 19:25:43,星野茶·大学城店,美式咖啡,咖啡,11,1,1.1,9.9,3.0,外卖美团,普通会员,0
O13794,2026-07-19 16:58:12,星野茶·大学城店,美式咖啡,咖啡,11,1,0,11,3.0,堂食,普通会员,0
O13795,2026-07-19 16:09:16,星野茶·万达店,生椰拿铁,咖啡,16,1,0,16,6.0,外卖饿了么,银卡,0
O13796,2026-07-19 16:04:45,星野茶·万达店,生椰拿铁,咖啡,16,2,0,32,12.0,外卖饿了么,非会员,0
O13797,2026-07-19 18:12:07,星野茶·万达店,杨枝甘露,果茶,18,1,0,18,7.5,小程序,银卡,0
O13798,2026-07-19 12:46:18,星野茶·地铁口店,伯牙绝弦,茶底,15,2,0,30,11.0,外卖美团,新客,0
O13799,2026-07-19 12:23:22,星野茶·大学城店,奥利奥奶昔,奶茶,18,1,1.8,16.2,7.0,外卖美团,新客,0
O13800,2026-07-19 15:40:40,星野茶·万达店,生椰拿铁,咖啡,16,1,1.6,14.4,6.0,堂食,金卡,0
O13801,2026-07-19 19:06:16,星野茶·大学城店,伯牙绝弦,茶底,15,1,1.5,13.5,5.5,小程序,普通会员,1
O13802,2026-07-19 18:12:08,星野茶·地铁口店,生椰拿铁,咖啡,16,1,0,16,6.0,小程序,非会员,0
O13803,2026-07-19 18:32:10,星野茶·大学城店,奥利奥奶昔,奶茶,18,1,0,18,7.0,外卖美团,普通会员,0
O13804,2026-07-19 17:59:36,星野茶·大学城店,伯牙绝弦,茶底,15,1,0,15,5.5,外卖美团,普通会员,0
O13805,2026-07-19 12:37:05,星野茶·大学城店,生椰拿铁,咖啡,16,1,0,16,6.0,堂食,新客,0
O13806,2026-07-19 12:56:46,星野茶·大学城店,生椰拿铁,咖啡,16,1,0,16,6.0,外卖美团,银卡,0
O13807,2026-07-19 11:24:59,星野茶·万达店,生椰拿铁,咖啡,16,1,1.6,14.4,6.0,小程序,新客,0
O13808,2026-07-19 20:58:34,星野茶·万达店,多肉葡萄,果茶,19,1,0,19,8.0,外卖饿了么,金卡,0
O13809,2026-07-19 17:52:04,星野茶·万达店,多肉葡萄,果茶,19,1,0,19,8.0,小程序,金卡,0
O13810,2026-07-20 13:00:37,星野茶·大学城店,美式咖啡,咖啡,11,1,0,11,3.0,外卖饿了么,普通会员,0
O13811,2026-07-20 17:05:20,星野茶·地铁口店,多肉葡萄,果茶,19,1,0,19,8.0,外卖美团,普通会员,0
O13812,2026-07-20 19:32:29,星野茶·地铁口店,多肉葡萄,果茶,19,1,0,19,8.0,外卖饿了么,普通会员,0
O13813,2026-07-20 17:28:27,星野茶·万达店,生椰拿铁,咖啡,16,1,1.6,14.4,6.0,外卖饿了么,银卡,0
O13814,2026-07-20 18:00:13,星野茶·万达店,生椰拿铁,咖啡,16,1,0,16,6.0,外卖饿了么,金卡,0
O13815,2026-07-20 14:12:41,星野茶·大学城店,美式咖啡,咖啡,11,1,0,11,3.0,外卖饿了么,普通会员,0
O13816,2026-07-20 17:55:59,星野茶·万达店,多肉葡萄,果茶,19,1,1.9,17.1,8.0,外卖饿了么,非会员,0
O13817,2026-07-20 13:11:21,星野茶·地铁口店,生椰拿铁,咖啡,16,1,0,16,6.0,外卖饿了么,非会员,0
O13818,2026-07-20 16:24:37,星野茶·大学城店,多肉葡萄,果茶,19,1,1.9,17.1,8.0,外卖饿了么,新客,0
O13819,2026-07-20 21:34:06,星野茶·万达店,芋泥波波,奶茶,17,1,0,17,6.5,外卖美团,新客,0
O13820,2026-07-20 12:26:04,星野茶·地铁口店,杨枝甘露,果茶,18,1,0,18,7.5,外卖美团,新客,0
O13821,2026-07-20 18:21:07,星野茶·大学城店,杨枝甘露,果茶,18,2,0,36,15.0,堂食,银卡,0
O13822,2026-07-20 18:19:27,星野茶·万达店,生椰拿铁,咖啡,16,1,0,16,6.0,外卖美团,非会员,0
O13823,2026-07-20 12:30:49,星野茶·万达店,生椰拿铁,咖啡,16,1,0,16,6.0,外卖饿了么,银卡,0
O13824,2026-07-20 14:44:41,星野茶·地铁口店,芋泥波波,奶茶,17,1,0,17,6.5,堂食,金卡,0
O13825,2026-07-20 20:23:40,星野茶·大学城店,多肉葡萄,果茶,19,1,1.9,17.1,8.0,外卖美团,金卡,0
O13826,2026-07-20 17:35:51,星野茶·大学城店,奥利奥奶昔,奶茶,18,1,1.8,16.2,7.0,外卖饿了么,非会员,0
O13827,2026-07-20 18:13:36,星野茶·万达店,奥利奥奶昔,奶茶,18,1,1.8,16.2,7.0,小程序,非会员,0
O13828,2026-07-20 20:55:56,星野茶·万达店,生椰拿铁,咖啡,16,1,0,16,6.0,外卖美团,银卡,0
O13829,2026-07-20 20:55:34,星野茶·万达店,生椰拿铁,咖啡,16,1,0,16,6.0,外卖饿了么,新客,0
O13830,2026-07-20 12:12:52,星野茶·万达店,杨枝甘露,果茶,18,1,0,18,7.5,外卖饿了么,银卡,0
O13831,2026-07-20 11:11:48,星野茶·万达店,杨枝甘露,果茶,18,1,0,18,7.5,堂食,新客,0
O13832,2026-07-20 11:06:54,星野茶·万达店,多肉葡萄,果茶,19,1,0,19,8.0,堂食,金卡,0
O13833,2026-07-20 12:57:35,星野茶·大学城店,柠檬绿茶,果茶,12,1,1.2,10.8,3.5,小程序,普通会员,0
O13834,2026-07-20 19:38:18,星野茶·大学城店,杨枝甘露,果茶,18,1,0,18,7.5,外卖饿了么,新客,0
O13835,2026-07-20 19:21:02,星野茶·万达店,生椰拿铁,咖啡,16,2,0,32,12.0,外卖美团,新客,0
O13836,2026-07-20 21:26:57,星野茶·万达店,生椰拿铁,咖啡,16,1,1.6,14.4,6.0,堂食,非会员,0
O13837,2026-07-20 18:18:10,星野茶·万达店,美式咖啡,咖啡,11,1,0,11,3.0,外卖饿了么,新客,0
O13838,2026-07-20 17:59:22,星野茶·万达店,多肉葡萄,果茶,19,1,1.9,17.1,8.0,外卖饿了么,银卡,0
O13839,2026-07-20 15:37:30,星野茶·地铁口店,芋泥波波,奶茶,17,2,0,34,13.0,外卖饿了么,非会员,0
O13840,2026-07-20 13:56:45,星野茶·万达店,柠檬绿茶,果茶,12,1,1.2,10.8,3.5,外卖饿了么,非会员,0
O13841,2026-07-20 11:35:32,星野茶·大学城店,生椰拿铁,咖啡,16,1,0,16,6.0,外卖饿了么,新客,0
O13842,2026-07-21 11:05:24,星野茶·万达店,多肉葡萄,果茶,19,1,1.9,17.1,8.0,外卖美团,普通会员,0
O13843,2026-07-21 18:14:27,星野茶·万达店,多肉葡萄,果茶,19,1,0,19,8.0,外卖饿了么,新客,0
O13844,2026-07-21 20:34:41,星野茶·地铁口店,伯牙绝弦,茶底,15,2,0,30,11.0,外卖美团,银卡,0
O13845,2026-07-21 17:39:43,星野茶·万达店,芋泥波波,奶茶,17,1,0,17,6.5,堂食,普通会员,0
O13846,2026-07-21 15:43:02,星野茶·大学城店,多肉葡萄,果茶,19,1,1.9,17.1,8.0,堂食,新客,0
O13847,2026-07-21 17:18:23,星野茶·万达店,芋泥波波,奶茶,17,1,0,17,6.5,堂食,新客,0
O13848,2026-07-21 15:40:15,星野茶·大学城店,美式咖啡,咖啡,11,1,0,11,3.0,外卖饿了么,新客,0
O13849,2026-07-21 16:50:39,星野茶·大学城店,柠檬绿茶,果茶,12,2,2.4,21.6,7.0,堂食,普通会员,0
O13850,2026-07-21 14:24:10,星野茶·万达店,生椰拿铁,咖啡,16,2,0,32,12.0,外卖饿了么,普通会员,0
O13851,2026-07-21 11:16:01,星野茶·大学城店,奥利奥奶昔,奶茶,18,2,0,36,14.0,堂食,新客,0
O13852,2026-07-21 15:51:21,星野茶·万达店,生椰拿铁,咖啡,16,1,1.6,14.4,6.0,小程序,非会员,0
O13853,2026-07-21 21:20:30,星野茶·万达店,多肉葡萄,果茶,19,1,1.9,17.1,8.0,堂食,非会员,0
O13854,2026-07-21 18:56:51,星野茶·大学城店,生椰拿铁,咖啡,16,1,0,16,6.0,外卖饿了么,普通会员,0
O13855,2026-07-21 16:11:54,星野茶·万达店,伯牙绝弦,茶底,15,1,0,15,5.5,外卖美团,金卡,0
O13856,2026-07-21 11:34:11,星野茶·地铁口店,柠檬绿茶,果茶,12,1,1.2,10.8,3.5,外卖饿了么,非会员,0
O13857,2026-07-21 15:51:30,星野茶·万达店,多肉葡萄,果茶,19,1,0,19,8.0,外卖美团,新客,0
O13858,2026-07-21 14:54:52,星野茶·万达店,伯牙绝弦,茶底,15,1,0,15,5.5,外卖饿了么,新客,0
O13859,2026-07-21 19:02:42,星野茶·万达店,伯牙绝弦,茶底,15,1,1.5,13.5,5.5,小程序,普通会员,0
O13860,2026-07-21 15:18:52,星野茶·万达店,生椰拿铁,咖啡,16,2,0,32,12.0,堂食,新客,0
O13861,2026-07-21 17:39:12,星野茶·地铁口店,柠檬绿茶,果茶,12,1,0,12,3.5,小程序,非会员,0
O13862,2026-07-21 12:20:30,星野茶·万达店,柠檬绿茶,果茶,12,1,0,12,3.5,外卖饿了么,金卡,0
O13863,2026-07-21 15:22:33,星野茶·万达店,美式咖啡,咖啡,11,1,0,11,3.0,小程序,新客,0
O13864,2026-07-21 12:44:18,星野茶·大学城店,杨枝甘露,果茶,18,1,0,18,7.5,外卖饿了么,金卡,0
O13865,2026-07-21 16:47:18,星野茶·万达店,生椰拿铁,咖啡,16,1,0,16,6.0,外卖美团,金卡,0
O13866,2026-07-21 19:51:37,星野茶·万达店,生椰拿铁,咖啡,16,1,0,16,6.0,外卖美团,金卡,0
O13867,2026-07-21 13:47:57,星野茶·万达店,伯牙绝弦,茶底,15,1,0,15,5.5,外卖美团,银卡,0
O13868,2026-07-21 13:11:01,星野茶·地铁口店,美式咖啡,咖啡,11,1,0,11,3.0,外卖美团,非会员,0
O13869,2026-07-21 12:55:51,星野茶·万达店,芋泥波波,奶茶,17,1,1.7,15.3,6.5,外卖饿了么,非会员,0
O13870,2026-07-21 16:44:10,星野茶·万达店,生椰拿铁,咖啡,16,1,1.6,14.4,6.0,外卖饿了么,金卡,0
O13871,2026-07-21 12:23:02,星野茶·万达店,伯牙绝弦,茶底,15,1,1.5,13.5,5.5,外卖美团,非会员,0
O13872,2026-07-21 14:46:01,星野茶·地铁口店,柠檬绿茶,果茶,12,1,1.2,10.8,3.5,外卖美团,非会员,0
O13873,2026-07-21 14:14:00,星野茶·万达店,生椰拿铁,咖啡,16,1,0,16,6.0,外卖美团,金卡,0
O13874,2026-07-21 15:15:34,星野茶·万达店,生椰拿铁,咖啡,16,1,0,16,6.0,小程序,银卡,0
O13875,2026-07-21 12:03:20,星野茶·万达店,杨枝甘露,果茶,18,1,1.8,16.2,7.5,堂食,新客,0
O13876,2026-07-21 20:37:13,星野茶·万达店,伯牙绝弦,茶底,15,1,0,15,5.5,外卖饿了么,普通会员,0
O13877,2026-07-21 17:11:10,星野茶·大学城店,生椰拿铁,咖啡,16,1,0,16,6.0,外卖美团,银卡,0
O13878,2026-07-21 14:13:47,星野茶·地铁口店,伯牙绝弦,茶底,15,1,1.5,13.5,5.5,堂食,新客,0
O13879,2026-07-21 15:06:59,星野茶·大学城店,多肉葡萄,果茶,19,1,1.9,17.1,8.0,小程序,非会员,0
O13880,2026-07-21 12:17:21,星野茶·万达店,多肉葡萄,果茶,19,2,0,38,16.0,外卖美团,银卡,0
O13881,2026-07-21 18:59:17,星野茶·万达店,生椰拿铁,咖啡,16,1,0,16,6.0,堂食,银卡,0
O13882,2026-07-21 16:22:31,星野茶·万达店,生椰拿铁,咖啡,16,2,0,32,12.0,堂食,非会员,0
O13883,2026-07-21 15:34:56,星野茶·万达店,生椰拿铁,咖啡,16,2,0,32,12.0,小程序,非会员,0
O13884,2026-07-21 20:51:38,星野茶·万达店,生椰拿铁,咖啡,16,2,0,32,12.0,小程序,普通会员,0
O13885,2026-07-21 14:08:52,星野茶·万达店,生椰拿铁,咖啡,16,1,1.6,14.4,6.0,小程序,非会员,0
O13886,2026-07-21 16:40:41,星野茶·地铁口店,生椰拿铁,咖啡,16,1,0,16,6.0,外卖饿了么,金卡,0
O13887,2026-07-21 14:29:13,星野茶·万达店,柠檬绿茶,果茶,12,1,0,12,3.5,外卖饿了么,金卡,0
O13888,2026-07-21 17:51:07,星野茶·大学城店,奥利奥奶昔,奶茶,18,1,0,18,7.0,外卖饿了么,新客,0
O13889,2026-07-21 18:50:46,星野茶·万达店,多肉葡萄,果茶,19,1,0,19,8.0,外卖饿了么,普通会员,0
O13890,2026-07-21 13:15:27,星野茶·地铁口店,杨枝甘露,果茶,18,1,1.8,16.2,7.5,堂食,金卡,0
O13891,2026-07-22 19:49:05,星野茶·大学城店,奥利奥奶昔,奶茶,18,1,0,18,7.0,外卖饿了么,银卡,0
O13892,2026-07-22 20:16:52,星野茶·大学城店,奥利奥奶昔,奶茶,18,1,0,18,7.0,外卖美团,金卡,0
O13893,2026-07-22 21:16:35,星野茶·地铁口店,杨枝甘露,果茶,18,1,0,18,7.5,堂食,非会员,0
O13894,2026-07-22 19:29:54,星野茶·地铁口店,杨枝甘露,果茶,18,1,0,18,7.5,外卖美团,金卡,0
O13895,2026-07-22 12:27:23,星野茶·地铁口店,芋泥波波,奶茶,17,1,1.7,15.3,6.5,堂食,非会员,0
O13896,2026-07-22 11:28:36,星野茶·万达店,生椰拿铁,咖啡,16,1,0,16,6.0,外卖饿了么,普通会员,0
O13897,2026-07-22 19:30:19,星野茶·万达店,美式咖啡,咖啡,11,1,0,11,3.0,外卖美团,非会员,1
O13898,2026-07-22 14:14:57,星野茶·万达店,柠檬绿茶,果茶,12,1,0,12,3.5,堂食,新客,0
O13899,2026-07-22 15:34:38,星野茶·大学城店,多肉葡萄,果茶,19,1,0,19,8.0,小程序,银卡,0
O13900,2026-07-22 12:11:48,星野茶·万达店,生椰拿铁,咖啡,16,1,0,16,6.0,堂食,非会员,0
O13901,2026-07-22 17:09:31,星野茶·万达店,柠檬绿茶,果茶,12,2,0,24,7.0,小程序,金卡,0
O13902,2026-07-22 13:03:40,星野茶·大学城店,生椰拿铁,咖啡,16,1,1.6,14.4,6.0,外卖美团,银卡,0
O13903,2026-07-22 21:28:21,星野茶·万达店,芋泥波波,奶茶,17,1,0,17,6.5,小程序,银卡,0
O13904,2026-07-22 19:41:33,星野茶·万达店,伯牙绝弦,茶底,15,1,0,15,5.5,外卖美团,非会员,0
O13905,2026-07-22 12:05:55,星野茶·大学城店,杨枝甘露,果茶,18,2,0,36,15.0,外卖美团,普通会员,0
O13906,2026-07-22 20:05:37,星野茶·大学城店,多肉葡萄,果茶,19,1,1.9,17.1,8.0,外卖饿了么,普通会员,0
O13907,2026-07-22 14:01:32,星野茶·万达店,生椰拿铁,咖啡,16,2,0,32,12.0,外卖饿了么,普通会员,0
O13908,2026-07-22 19:38:30,星野茶·大学城店,伯牙绝弦,茶底,15,1,1.5,13.5,5.5,外卖饿了么,非会员,0
O13909,2026-07-22 14:51:16,星野茶·万达店,柠檬绿茶,果茶,12,1,0,12,3.5,外卖饿了么,普通会员,0
O13910,2026-07-22 21:55:13,星野茶·地铁口店,生椰拿铁,咖啡,16,1,0,16,6.0,外卖美团,普通会员,0
O13911,2026-07-22 14:58:16,星野茶·大学城店,奥利奥奶昔,奶茶,18,1,1.8,16.2,7.0,外卖美团,金卡,0
O13912,2026-07-22 12:51:16,星野茶·万达店,奥利奥奶昔,奶茶,18,1,0,18,7.0,外卖美团,金卡,0
O13913,2026-07-22 16:38:39,星野茶·大学城店,伯牙绝弦,茶底,15,1,1.5,13.5,5.5,外卖美团,银卡,0
O13914,2026-07-22 14:26:59,星野茶·万达店,生椰拿铁,咖啡,16,1,0,16,6.0,外卖饿了么,银卡,0
O13915,2026-07-22 19:30:39,星野茶·万达店,柠檬绿茶,果茶,12,1,0,12,3.5,外卖饿了么,金卡,1
O13916,2026-07-22 20:52:31,星野茶·万达店,生椰拿铁,咖啡,16,1,1.6,14.4,6.0,小程序,银卡,0
O13917,2026-07-22 13:54:26,星野茶·地铁口店,杨枝甘露,果茶,18,1,0,18,7.5,外卖饿了么,非会员,0
O13918,2026-07-22 15:29:37,星野茶·万达店,柠檬绿茶,果茶,12,2,0,24,7.0,外卖饿了么,非会员,0
O13919,2026-07-22 15:17:01,星野茶·大学城店,柠檬绿茶,果茶,12,1,0,12,3.5,外卖美团,金卡,0
O13920,2026-07-22 16:16:39,星野茶·万达店,生椰拿铁,咖啡,16,1,0,16,6.0,外卖饿了么,普通会员,0
O13921,2026-07-22 12:53:30,星野茶·万达店,芋泥波波,奶茶,17,1,0,17,6.5,外卖饿了么,银卡,0
O13922,2026-07-22 17:28:47,星野茶·万达店,生椰拿铁,咖啡,16,1,1.6,14.4,6.0,外卖美团,新客,0
O13923,2026-07-22 18:38:06,星野茶·万达店,柠檬绿茶,果茶,12,1,0,12,3.5,堂食,银卡,0
O13924,2026-07-22 11:06:08,星野茶·万达店,多肉葡萄,果茶,19,1,0,19,8.0,外卖饿了么,新客,0
O13925,2026-07-22 12:47:02,星野茶·大学城店,奥利奥奶昔,奶茶,18,2,0,36,14.0,小程序,银卡,0
O13926,2026-07-22 14:43:31,星野茶·地铁口店,伯牙绝弦,茶底,15,1,1.5,13.5,5.5,外卖饿了么,银卡,0
O13927,2026-07-22 13:32:08,星野茶·万达店,伯牙绝弦,茶底,15,1,0,15,5.5,外卖饿了么,金卡,0
O13928,2026-07-22 18:42:58,星野茶·万达店,芋泥波波,奶茶,17,1,0,17,6.5,外卖饿了么,银卡,0
O13929,2026-07-23 20:26:47,星野茶·大学城店,美式咖啡,咖啡,11,1,0,11,3.0,外卖美团,普通会员,0
O13930,2026-07-23 13:18:02,星野茶·大学城店,生椰拿铁,咖啡,16,1,1.6,14.4,6.0,外卖饿了么,普通会员,0
O13931,2026-07-23 13:19:38,星野茶·地铁口店,美式咖啡,咖啡,11,1,0,11,3.0,外卖饿了么,新客,0
O13932,2026-07-23 16:50:19,星野茶·万达店,生椰拿铁,咖啡,16,2,0,32,12.0,小程序,非会员,0
O13933,2026-07-23 17:41:14,星野茶·万达店,奥利奥奶昔,奶茶,18,2,0,36,14.0,外卖美团,非会员,0
O13934,2026-07-23 21:39:20,星野茶·万达店,奥利奥奶昔,奶茶,18,1,0,18,7.0,外卖美团,金卡,0
O13935,2026-07-23 19:29:21,星野茶·万达店,生椰拿铁,咖啡,16,1,0,16,6.0,外卖美团,新客,0
O13936,2026-07-23 12:09:51,星野茶·大学城店,多肉葡萄,果茶,19,1,1.9,17.1,8.0,外卖饿了么,非会员,0
O13937,2026-07-23 20:49:41,星野茶·万达店,奥利奥奶昔,奶茶,18,1,1.8,16.2,7.0,小程序,新客,0
O13938,2026-07-23 13:45:20,星野茶·万达店,柠檬绿茶,果茶,12,1,0,12,3.5,外卖饿了么,银卡,0
O13939,2026-07-23 14:19:03,星野茶·大学城店,柠檬绿茶,果茶,12,1,0,12,3.5,外卖饿了么,非会员,0
O13940,2026-07-23 21:01:28,星野茶·万达店,多肉葡萄,果茶,19,1,1.9,17.1,8.0,外卖美团,金卡,0
O13941,2026-07-23 19:31:32,星野茶·万达店,生椰拿铁,咖啡,16,1,0,16,6.0,外卖美团,非会员,0
O13942,2026-07-23 19:55:14,星野茶·地铁口店,生椰拿铁,咖啡,16,1,0,16,6.0,外卖美团,银卡,0
O13943,2026-07-23 12:17:11,星野茶·万达店,奥利奥奶昔,奶茶,18,1,0,18,7.0,外卖美团,新客,0
O13944,2026-07-23 21:01:23,星野茶·万达店,奥利奥奶昔,奶茶,18,1,0,18,7.0,外卖饿了么,非会员,0
O13945,2026-07-23 16:42:20,星野茶·地铁口店,多肉葡萄,果茶,19,1,0,19,8.0,小程序,非会员,0
O13946,2026-07-23 20:40:31,星野茶·万达店,生椰拿铁,咖啡,16,1,0,16,6.0,外卖饿了么,银卡,0
O13947,2026-07-23 19:49:35,星野茶·万达店,生椰拿铁,咖啡,16,1,1.6,14.4,6.0,外卖美团,金卡,0
O13948,2026-07-23 14:12:41,星野茶·大学城店,柠檬绿茶,果茶,12,2,0,24,7.0,小程序,银卡,0
O13949,2026-07-23 20:43:07,星野茶·万达店,芋泥波波,奶茶,17,1,0,17,6.5,小程序,金卡,0
O13950,2026-07-23 20:44:59,星野茶·万达店,生椰拿铁,咖啡,16,1,1.6,14.4,6.0,外卖美团,银卡,0
O13951,2026-07-23 19:51:29,星野茶·地铁口店,生椰拿铁,咖啡,16,1,0,16,6.0,堂食,新客,0
O13952,2026-07-23 17:33:03,星野茶·万达店,多肉葡萄,果茶,19,1,0,19,8.0,外卖美团,新客,0
O13953,2026-07-23 12:16:51,星野茶·大学城店,美式咖啡,咖啡,11,1,1.1,9.9,3.0,外卖美团,金卡,0
O13954,2026-07-23 14:08:16,星野茶·大学城店,柠檬绿茶,果茶,12,2,0,24,7.0,外卖饿了么,新客,0
O13955,2026-07-23 15:32:00,星野茶·地铁口店,奥利奥奶昔,奶茶,18,2,3.6,32.4,14.0,小程序,银卡,0
O13956,2026-07-23 12:10:03,星野茶·万达店,芋泥波波,奶茶,17,1,0,17,6.5,小程序,银卡,0
O13957,2026-07-23 17:46:56,星野茶·万达店,生椰拿铁,咖啡,16,1,1.6,14.4,6.0,外卖美团,新客,0
O13958,2026-07-23 14:48:59,星野茶·地铁口店,美式咖啡,咖啡,11,1,0,11,3.0,外卖美团,普通会员,0
O13959,2026-07-23 21:56:11,星野茶·万达店,奥利奥奶昔,奶茶,18,1,0,18,7.0,堂食,普通会员,0
O13960,2026-07-23 12:01:01,星野茶·万达店,生椰拿铁,咖啡,16,1,0,16,6.0,外卖饿了么,新客,0
O13961,2026-07-23 11:59:57,星野茶·地铁口店,芋泥波波,奶茶,17,2,0,34,13.0,外卖美团,金卡,0
O13962,2026-07-23 20:08:08,星野茶·大学城店,伯牙绝弦,茶底,15,1,0,15,5.5,堂食,银卡,0
O13963,2026-07-23 20:59:15,星野茶·万达店,奥利奥奶昔,奶茶,18,1,1.8,16.2,7.0,外卖美团,普通会员,0
O13964,2026-07-23 20:23:39,星野茶·万达店,生椰拿铁,咖啡,16,1,1.6,14.4,6.0,外卖美团,新客,0
O13965,2026-07-23 16:35:58,星野茶·万达店,生椰拿铁,咖啡,16,1,0,16,6.0,外卖美团,金卡,0
O13966,2026-07-23 19:10:51,星野茶·大学城店,多肉葡萄,果茶,19,1,1.9,17.1,8.0,外卖饿了么,银卡,0
O13967,2026-07-23 15:58:19,星野茶·万达店,多肉葡萄,果茶,19,1,0,19,8.0,外卖美团,普通会员,0
O13968,2026-07-23 19:49:09,星野茶·万达店,生椰拿铁,咖啡,16,1,1.6,14.4,6.0,外卖饿了么,金卡,0
O13969,2026-07-23 16:10:58,星野茶·万达店,柠檬绿茶,果茶,12,1,0,12,3.5,外卖饿了么,新客,0
O13970,2026-07-24 17:10:51,星野茶·万达店,生椰拿铁,咖啡,16,1,0,16,6.0,外卖美团,金卡,0
O13971,2026-07-24 14:54:53,星野茶·地铁口店,伯牙绝弦,茶底,15,2,0,30,11.0,外卖美团,银卡,0
O13972,2026-07-24 21:32:13,星野茶·地铁口店,多肉葡萄,果茶,19,1,0,19,8.0,外卖美团,普通会员,0
O13973,2026-07-24 15:52:00,星野茶·万达店,生椰拿铁,咖啡,16,1,0,16,6.0,外卖饿了么,普通会员,0
O13974,2026-07-24 12:06:22,星野茶·万达店,生椰拿铁,咖啡,16,1,0,16,6.0,外卖美团,普通会员,0
O13975,2026-07-24 18:00:08,星野茶·地铁口店,美式咖啡,咖啡,11,1,0,11,3.0,外卖美团,普通会员,0
O13976,2026-07-24 20:07:31,星野茶·地铁口店,杨枝甘露,果茶,18,1,0,18,7.5,外卖饿了么,金卡,0
O13977,2026-07-24 15:30:07,星野茶·万达店,美式咖啡,咖啡,11,1,0,11,3.0,外卖饿了么,非会员,0
O13978,2026-07-24 13:05:38,星野茶·万达店,生椰拿铁,咖啡,16,2,3.2,28.8,12.0,外卖饿了么,金卡,0
O13979,2026-07-24 12:24:03,星野茶·万达店,生椰拿铁,咖啡,16,1,0,16,6.0,外卖饿了么,银卡,0
O13980,2026-07-24 20:17:54,星野茶·地铁口店,多肉葡萄,果茶,19,1,0,19,8.0,小程序,银卡,0
O13981,2026-07-24 20:08:59,星野茶·地铁口店,奥利奥奶昔,奶茶,18,1,0,18,7.0,小程序,新客,0
O13982,2026-07-24 15:45:15,星野茶·万达店,生椰拿铁,咖啡,16,1,0,16,6.0,小程序,普通会员,0
O13983,2026-07-24 18:11:43,星野茶·万达店,生椰拿铁,咖啡,16,1,1.6,14.4,6.0,小程序,金卡,0
O13984,2026-07-24 13:18:13,星野茶·万达店,生椰拿铁,咖啡,16,1,0,16,6.0,堂食,非会员,0
O13985,2026-07-24 18:12:43,星野茶·大学城店,伯牙绝弦,茶底,15,1,0,15,5.5,堂食,新客,0
O13986,2026-07-24 16:21:48,星野茶·万达店,生椰拿铁,咖啡,16,1,1.6,14.4,6.0,小程序,银卡,0
O13987,2026-07-24 17:09:23,星野茶·万达店,生椰拿铁,咖啡,16,1,0,16,6.0,外卖饿了么,新客,0
O13988,2026-07-24 21:47:12,星野茶·万达店,美式咖啡,咖啡,11,2,0,22,6.0,外卖饿了么,金卡,0
O13989,2026-07-24 21:17:45,星野茶·地铁口店,奥利奥奶昔,奶茶,18,1,1.8,16.2,7.0,外卖美团,非会员,0
O13990,2026-07-24 17:12:38,星野茶·万达店,多肉葡萄,果茶,19,1,0,19,8.0,外卖饿了么,非会员,0
O13991,2026-07-24 12:10:43,星野茶·地铁口店,柠檬绿茶,果茶,12,1,0,12,3.5,外卖美团,银卡,0
O13992,2026-07-24 20:55:42,星野茶·万达店,奥利奥奶昔,奶茶,18,1,1.8,16.2,7.0,小程序,银卡,0
O13993,2026-07-24 18:16:43,星野茶·地铁口店,生椰拿铁,咖啡,16,1,0,16,6.0,小程序,金卡,0
O13994,2026-07-24 16:03:09,星野茶·万达店,奥利奥奶昔,奶茶,18,1,0,18,7.0,外卖饿了么,非会员,0
O13995,2026-07-24 17:54:38,星野茶·地铁口店,柠檬绿茶,果茶,12,2,2.4,21.6,7.0,小程序,金卡,0
O13996,2026-07-24 18:01:38,星野茶·大学城店,多肉葡萄,果茶,19,2,3.8,34.2,16.0,外卖饿了么,银卡,0
O13997,2026-07-24 16:16:08,星野茶·万达店,多肉葡萄,果茶,19,1,0,19,8.0,外卖美团,新客,0
O13998,2026-07-24 15:59:40,星野茶·万达店,生椰拿铁,咖啡,16,1,0,16,6.0,堂食,普通会员,0
O13999,2026-07-24 17:13:02,星野茶·地铁口店,美式咖啡,咖啡,11,1,0,11,3.0,小程序,新客,0
O14000,2026-07-24 21:33:58,星野茶·万达店,伯牙绝弦,茶底,15,1,0,15,5.5,外卖饿了么,非会员,0
O14001,2026-07-24 15:23:10,星野茶·地铁口店,伯牙绝弦,茶底,15,2,0,30,11.0,小程序,非会员,0
O14002,2026-07-24 14:16:09,星野茶·万达店,生椰拿铁,咖啡,16,1,0,16,6.0,外卖饿了么,金卡,0
O14003,2026-07-24 15:08:19,星野茶·万达店,生椰拿铁,咖啡,16,1,0,16,6.0,外卖饿了么,新客,0
O14004,2026-07-24 20:40:56,星野茶·地铁口店,柠檬绿茶,果茶,12,1,1.2,10.8,3.5,外卖饿了么,银卡,0
O14005,2026-07-24 12:57:51,星野茶·万达店,美式咖啡,咖啡,11,1,0,11,3.0,外卖美团,普通会员,0
O14006,2026-07-24 15:33:58,星野茶·万达店,伯牙绝弦,茶底,15,1,0,15,5.5,外卖饿了么,普通会员,0
O14007,2026-07-24 14:56:01,星野茶·地铁口店,伯牙绝弦,茶底,15,1,0,15,5.5,外卖美团,新客,0
O14008,2026-07-24 16:50:43,星野茶·大学城店,多肉葡萄,果茶,19,1,0,19,8.0,外卖饿了么,银卡,0
O14009,2026-07-25 21:42:52,星野茶·万达店,伯牙绝弦,茶底,15,1,0,15,5.5,外卖饿了么,新客,0
O14010,2026-07-25 20:31:06,星野茶·大学城店,生椰拿铁,咖啡,16,1,1.6,14.4,6.0,外卖美团,新客,0
O14011,2026-07-25 19:43:09,星野茶·万达店,柠檬绿茶,果茶,12,1,1.2,10.8,3.5,外卖美团,新客,0
O14012,2026-07-25 14:11:15,星野茶·万达店,生椰拿铁,咖啡,16,1,0,16,6.0,外卖饿了么,普通会员,0
O14013,2026-07-25 18:32:12,星野茶·万达店,美式咖啡,咖啡,11,1,0,11,3.0,外卖美团,银卡,0
O14014,2026-07-25 12:28:00,星野茶·万达店,奥利奥奶昔,奶茶,18,1,0,18,7.0,堂食,新客,0
O14015,2026-07-25 19:59:55,星野茶·大学城店,杨枝甘露,果茶,18,1,0,18,7.5,小程序,银卡,0
O14016,2026-07-25 13:27:59,星野茶·地铁口店,奥利奥奶昔,奶茶,18,1,0,18,7.0,小程序,金卡,0
O14017,2026-07-25 12:45:08,星野茶·万达店,奥利奥奶昔,奶茶,18,1,0,18,7.0,外卖美团,非会员,0
O14018,2026-07-25 20:18:38,星野茶·万达店,芋泥波波,奶茶,17,1,0,17,6.5,外卖美团,金卡,0
O14019,2026-07-25 11:28:00,星野茶·万达店,生椰拿铁,咖啡,16,1,0,16,6.0,小程序,银卡,0
O14020,2026-07-25 21:25:15,星野茶·地铁口店,生椰拿铁,咖啡,16,1,1.6,14.4,6.0,外卖美团,非会员,0
O14021,2026-07-25 14:19:28,星野茶·万达店,生椰拿铁,咖啡,16,2,0,32,12.0,堂食,非会员,0
O14022,2026-07-25 21:08:43,星野茶·地铁口店,美式咖啡,咖啡,11,1,1.1,9.9,3.0,外卖饿了么,金卡,0
O14023,2026-07-25 15:24:52,星野茶·大学城店,柠檬绿茶,果茶,12,1,0,12,3.5,外卖美团,金卡,0
O14024,2026-07-25 14:03:24,星野茶·万达店,芋泥波波,奶茶,17,1,0,17,6.5,外卖饿了么,新客,0
O14025,2026-07-25 16:29:59,星野茶·万达店,生椰拿铁,咖啡,16,1,0,16,6.0,外卖美团,普通会员,0
O14026,2026-07-25 15:18:53,星野茶·地铁口店,多肉葡萄,果茶,19,1,1.9,17.1,8.0,外卖饿了么,金卡,0
O14027,2026-07-25 13:03:02,星野茶·万达店,芋泥波波,奶茶,17,1,0,17,6.5,外卖美团,普通会员,0
O14028,2026-07-25 11:22:41,星野茶·万达店,奥利奥奶昔,奶茶,18,1,1.8,16.2,7.0,外卖美团,银卡,0
O14029,2026-07-25 15:38:03,星野茶·大学城店,杨枝甘露,果茶,18,1,0,18,7.5,外卖饿了么,银卡,0
O14030,2026-07-25 11:02:01,星野茶·大学城店,芋泥波波,奶茶,17,1,0,17,6.5,小程序,银卡,0
O14031,2026-07-25 15:38:50,星野茶·大学城店,伯牙绝弦,茶底,15,1,0,15,5.5,外卖饿了么,非会员,0
O14032,2026-07-25 14:01:25,星野茶·万达店,美式咖啡,咖啡,11,1,0,11,3.0,外卖美团,新客,0
O14033,2026-07-25 12:48:21,星野茶·地铁口店,生椰拿铁,咖啡,16,2,0,32,12.0,小程序,非会员,0
O14034,2026-07-25 11:58:48,星野茶·万达店,芋泥波波,奶茶,17,1,0,17,6.5,外卖饿了么,银卡,0
O14035,2026-07-25 12:09:59,星野茶·万达店,生椰拿铁,咖啡,16,2,3.2,28.8,12.0,堂食,非会员,0
O14036,2026-07-25 17:15:17,星野茶·万达店,伯牙绝弦,茶底,15,1,1.5,13.5,5.5,外卖美团,普通会员,0
O14037,2026-07-25 20:59:01,星野茶·大学城店,生椰拿铁,咖啡,16,1,0,16,6.0,外卖美团,金卡,0
O14038,2026-07-25 19:43:46,星野茶·大学城店,伯牙绝弦,茶底,15,1,1.5,13.5,5.5,外卖美团,非会员,0
O14039,2026-07-25 21:06:09,星野茶·万达店,芋泥波波,奶茶,17,2,0,34,13.0,外卖美团,新客,0
O14040,2026-07-25 19:47:14,星野茶·万达店,奥利奥奶昔,奶茶,18,1,1.8,16.2,7.0,外卖饿了么,银卡,0
O14041,2026-07-25 13:16:11,星野茶·地铁口店,奥利奥奶昔,奶茶,18,1,0,18,7.0,外卖饿了么,非会员,0
O14042,2026-07-25 13:41:21,星野茶·大学城店,奥利奥奶昔,奶茶,18,2,3.6,32.4,14.0,外卖美团,普通会员,0
O14043,2026-07-25 13:39:45,星野茶·万达店,芋泥波波,奶茶,17,1,1.7,15.3,6.5,外卖饿了么,银卡,1
O14044,2026-07-25 21:15:38,星野茶·万达店,芋泥波波,奶茶,17,1,1.7,15.3,6.5,外卖美团,金卡,0
O14045,2026-07-25 18:34:20,星野茶·万达店,美式咖啡,咖啡,11,2,2.2,19.8,6.0,外卖美团,金卡,0
O14046,2026-07-25 15:49:13,星野茶·地铁口店,伯牙绝弦,茶底,15,1,0,15,5.5,外卖饿了么,非会员,0
O14047,2026-07-25 20:45:19,星野茶·万达店,奥利奥奶昔,奶茶,18,1,0,18,7.0,外卖美团,非会员,0
O14048,2026-07-25 17:18:29,星野茶·大学城店,美式咖啡,咖啡,11,1,0,11,3.0,小程序,金卡,0
O14049,2026-07-25 21:57:10,星野茶·万达店,生椰拿铁,咖啡,16,1,0,16,6.0,外卖美团,新客,0
O14050,2026-07-25 18:14:43,星野茶·万达店,生椰拿铁,咖啡,16,2,3.2,28.8,12.0,外卖饿了么,普通会员,0
O14051,2026-07-25 11:09:54,星野茶·万达店,奥利奥奶昔,奶茶,18,1,0,18,7.0,外卖美团,非会员,0
O14052,2026-07-25 12:59:16,星野茶·地铁口店,柠檬绿茶,果茶,12,1,0,12,3.5,外卖美团,非会员,0
O14053,2026-07-25 11:07:58,星野茶·万达店,芋泥波波,奶茶,17,2,0,34,13.0,外卖饿了么,新客,0
O14054,2026-07-25 12:13:20,星野茶·大学城店,美式咖啡,咖啡,11,2,0,22,6.0,外卖饿了么,金卡,0
O14055,2026-07-25 12:02:08,星野茶·大学城店,美式咖啡,咖啡,11,1,1.1,9.9,3.0,外卖饿了么,普通会员,1
O14056,2026-07-25 21:16:34,星野茶·万达店,生椰拿铁,咖啡,16,1,0,16,6.0,外卖饿了么,普通会员,0
O14057,2026-07-25 11:25:06,星野茶·万达店,柠檬绿茶,果茶,12,1,0,12,3.5,堂食,普通会员,0
O14058,2026-07-25 13:22:56,星野茶·万达店,杨枝甘露,果茶,18,1,0,18,7.5,外卖饿了么,金卡,0
O14059,2026-07-25 19:12:41,星野茶·万达店,生椰拿铁,咖啡,16,1,0,16,6.0,小程序,非会员,0
O14060,2026-07-25 21:25:03,星野茶·万达店,美式咖啡,咖啡,11,1,0,11,3.0,外卖饿了么,金卡,0
O14061,2026-07-25 11:34:06,星野茶·万达店,生椰拿铁,咖啡,16,2,3.2,28.8,12.0,外卖美团,普通会员,0
O14062,2026-07-25 17:16:41,星野茶·地铁口店,生椰拿铁,咖啡,16,1,0,16,6.0,外卖美团,银卡,0
